{"images":[{"startdate":"20210501","fullstartdate":"202105011600","enddate":"20210502","url":"\/th?id=OHR.LaughingZebras_ZH-CN9034706837_1920x1080.jpg&rf=LaDigue_1920x1080.jpg&pid=hp","urlbase":"\/th?id=OHR.LaughingZebras_ZH-CN9034706837","copyright":"Rietvlei\u81ea\u7136\u4fdd\u62a4\u533a\u5185\u7684\u96c4\u6027\u5e03\u6c0f\u6591\u9a6c\uff0c\u5357\u975e (\u00a9 Richard Du Toit\/Minden Pictures)","copyrightlink":"https:\/\/www.bing.com\/search?q=%E5%B8%83%E6%B0%8F%E6%96%91%E9%A9%AC&form=hpcapt&mkt=zh-cn","title":"","quiz":"\/search?q=Bing+homepage+quiz&filters=WQOskey:%22HPQuiz_20210501_LaughingZebras%22&FORM=HPQUIZ","wp":true,"hsh":"144966688b289eb72fc15e63b379de0e","drk":1,"top":1,"bot":1,"hs":[]}],"tooltips":{"loading":"\u6b63\u5728\u52a0\u8f7d...","previous":"\u4e0a\u4e00\u4e2a\u56fe\u50cf","next":"\u4e0b\u4e00\u4e2a\u56fe\u50cf","walle":"\u6b64\u56fe\u7247\u4e0d\u80fd\u4e0b\u8f7d\u7528\u4f5c\u58c1\u7eb8\u3002","walls":"\u4e0b\u8f7d\u4eca\u65e5\u7f8e\u56fe\u3002\u4ec5\u9650\u7528\u4f5c\u684c\u9762\u58c1\u7eb8\u3002"}}