{"images":[{"startdate":"20210601","fullstartdate":"202106011600","enddate":"20210602","url":"\/th?id=OHR.EstoshaSpringbok_ZH-CN3452100881_1920x1080.jpg&rf=LaDigue_1920x1080.jpg&pid=hp","urlbase":"\/th?id=OHR.EstoshaSpringbok_ZH-CN3452100881","copyright":"\u57c3\u6258\u6c99\u56fd\u5bb6\u516c\u56ed\u5185\u4e00\u5904\u6c34\u5751\u9644\u8fd1\u7684\u8df3\u7f9a\uff0c\u7eb3\u7c73\u6bd4\u4e9a (\u00a9 Charlie Summers\/Minden Pictures)","copyrightlink":"https:\/\/www.bing.com\/search?q=%E8%B7%B3%E7%BE%9A&form=hpcapt&mkt=zh-cn","title":"","quiz":"\/search?q=Bing+homepage+quiz&filters=WQOskey:%22HPQuiz_20210601_EstoshaSpringbok%22&FORM=HPQUIZ","wp":true,"hsh":"c80fec4d0bc11d002a75c92410619bae","drk":1,"top":1,"bot":1,"hs":[]}],"tooltips":{"loading":"\u6b63\u5728\u52a0\u8f7d...","previous":"\u4e0a\u4e00\u4e2a\u56fe\u50cf","next":"\u4e0b\u4e00\u4e2a\u56fe\u50cf","walle":"\u6b64\u56fe\u7247\u4e0d\u80fd\u4e0b\u8f7d\u7528\u4f5c\u58c1\u7eb8\u3002","walls":"\u4e0b\u8f7d\u4eca\u65e5\u7f8e\u56fe\u3002\u4ec5\u9650\u7528\u4f5c\u684c\u9762\u58c1\u7eb8\u3002"}}