{"images":[{"startdate":"20220429","fullstartdate":"202204291600","enddate":"20220430","url":"\/th?id=OHR.WiedehopfElbe_ZH-CN6286311611_1920x1080.jpg&rf=LaDigue_1920x1080.jpg&pid=hp","urlbase":"\/th?id=OHR.WiedehopfElbe_ZH-CN6286311611","copyright":"\u6b63\u5728\u6295\u5582\u5e7c\u9e1f\u7684\u6234\u80dc\u9e1f\uff0c\u5fb7\u56fd (\u00a9 Slawek Staszczuk\/Alamy)","copyrightlink":"https:\/\/www.bing.com\/search?q=%E6%88%B4%E8%83%9C%E9%B8%9F&form=hpcapt&mkt=zh-cn","title":"\u5582\u517b\u65f6\u95f4\u5230\u4e86","quiz":"\/search?q=Bing+homepage+quiz&filters=WQOskey:%22HPQuiz_20220429_WiedehopfElbe%22&FORM=HPQUIZ","wp":true,"hsh":"db7ab56f327499cfd8bcf8434809556d","drk":1,"top":1,"bot":1,"hs":[]}],"tooltips":{"loading":"\u6b63\u5728\u52a0\u8f7d...","previous":"\u4e0a\u4e00\u4e2a\u56fe\u50cf","next":"\u4e0b\u4e00\u4e2a\u56fe\u50cf","walle":"\u6b64\u56fe\u7247\u4e0d\u80fd\u4e0b\u8f7d\u7528\u4f5c\u58c1\u7eb8\u3002","walls":"\u4e0b\u8f7d\u4eca\u65e5\u7f8e\u56fe\u3002\u4ec5\u9650\u7528\u4f5c\u684c\u9762\u58c1\u7eb8\u3002"}}