{"images":[{"startdate":"20220213","fullstartdate":"202202131600","enddate":"20220214","url":"\/th?id=OHR.MaldivesHeart_ZH-CN0032539727_1920x1080.jpg&rf=LaDigue_1920x1080.jpg&pid=hp","urlbase":"\/th?id=OHR.MaldivesHeart_ZH-CN0032539727","copyright":"\u5fc3\u5f62\u5c0f\u5c9b\u548c\u767d\u6c99\u6ee9\uff0c\u5370\u5ea6\u6d0b\u9a6c\u5c14\u4ee3\u592b (\u00a9 Willyam Bradberry\/Shutterstock)","copyrightlink":"https:\/\/www.bing.com\/search?q=%E9%A9%AC%E5%B0%94%E4%BB%A3%E5%A4%AB&form=hpcapt&mkt=zh-cn","title":"\u963f\u62c9\u4f2f\u6d77\u7684\u60c5\u4eba\u8282","quiz":"\/search?q=Bing+homepage+quiz&filters=WQOskey:%22HPQuiz_20220213_MaldivesHeart%22&FORM=HPQUIZ","wp":true,"hsh":"24f4c149e9405f5e30bbf52c5b746418","drk":1,"top":1,"bot":1,"hs":[]}],"tooltips":{"loading":"\u6b63\u5728\u52a0\u8f7d...","previous":"\u4e0a\u4e00\u4e2a\u56fe\u50cf","next":"\u4e0b\u4e00\u4e2a\u56fe\u50cf","walle":"\u6b64\u56fe\u7247\u4e0d\u80fd\u4e0b\u8f7d\u7528\u4f5c\u58c1\u7eb8\u3002","walls":"\u4e0b\u8f7d\u4eca\u65e5\u7f8e\u56fe\u3002\u4ec5\u9650\u7528\u4f5c\u684c\u9762\u58c1\u7eb8\u3002"}}