{"images":[{"startdate":"20201220","fullstartdate":"202012201600","enddate":"20201221","url":"\/th?id=OHR.CastleriggStone_ZH-CN8015482045_1920x1080.jpg&rf=LaDigue_1920x1080.jpg&pid=hp","urlbase":"\/th?id=OHR.CastleriggStone_ZH-CN8015482045","copyright":"\u51ef\u897f\u514b\u9644\u8fd1\u7684Castlerigg\u77f3\u5708\uff0c\u82f1\u56fd\u574e\u5e03\u91cc\u4e9a (\u00a9 Alan Copson\/plainpicture)","copyrightlink":"https:\/\/www.bing.com\/search?q=Castlerigg%E7%9F%B3%E5%9C%88&form=hpcapt&mkt=zh-cn","title":"","quiz":"\/search?q=Bing+homepage+quiz&filters=WQOskey:%22HPQuiz_20201220_CastleriggStone%22&FORM=HPQUIZ","wp":true,"hsh":"6b1821c5e038b9ac0c59e730d4281a4c","drk":1,"top":1,"bot":1,"hs":[]}],"tooltips":{"loading":"\u6b63\u5728\u52a0\u8f7d...","previous":"\u4e0a\u4e00\u4e2a\u56fe\u50cf","next":"\u4e0b\u4e00\u4e2a\u56fe\u50cf","walle":"\u6b64\u56fe\u7247\u4e0d\u80fd\u4e0b\u8f7d\u7528\u4f5c\u58c1\u7eb8\u3002","walls":"\u4e0b\u8f7d\u4eca\u65e5\u7f8e\u56fe\u3002\u4ec5\u9650\u7528\u4f5c\u684c\u9762\u58c1\u7eb8\u3002"}}