{"images":[{"startdate":"20220504","fullstartdate":"202205041600","enddate":"20220505","url":"\/th?id=OHR.JaliscoAgave_ZH-CN6612544241_1920x1080.jpg&rf=LaDigue_1920x1080.jpg&pid=hp","urlbase":"\/th?id=OHR.JaliscoAgave_ZH-CN6612544241","copyright":"\u84dd\u8272\u9f99\u820c\u5170\u7530\uff0c\u58a8\u897f\u54e5\u54c8\u5229\u65af\u79d1\u5dde\u9f99\u820c\u5170\u9152\u4ea7\u533a (\u00a9 Brian Overcast\/Alamy)","copyrightlink":"https:\/\/www.bing.com\/search?q=%E8%93%9D%E8%89%B2%E9%BE%99%E8%88%8C%E5%85%B0&form=hpcapt&mkt=zh-cn","title":"\u8fd9\u79cd\u84dd\u8272\u591a\u6c41\u7684\u690d\u7269\u5c31\u50cf\u9ec4\u91d1\u4e00\u6837\u73cd\u8d35","quiz":"\/search?q=Bing+homepage+quiz&filters=WQOskey:%22HPQuiz_20220504_JaliscoAgave%22&FORM=HPQUIZ","wp":true,"hsh":"2bf859be055b4c36003ea8b392f3fd9d","drk":1,"top":1,"bot":1,"hs":[]}],"tooltips":{"loading":"\u6b63\u5728\u52a0\u8f7d...","previous":"\u4e0a\u4e00\u4e2a\u56fe\u50cf","next":"\u4e0b\u4e00\u4e2a\u56fe\u50cf","walle":"\u6b64\u56fe\u7247\u4e0d\u80fd\u4e0b\u8f7d\u7528\u4f5c\u58c1\u7eb8\u3002","walls":"\u4e0b\u8f7d\u4eca\u65e5\u7f8e\u56fe\u3002\u4ec5\u9650\u7528\u4f5c\u684c\u9762\u58c1\u7eb8\u3002"}}