{"images":[{"startdate":"20220501","fullstartdate":"202205011600","enddate":"20220502","url":"\/th?id=OHR.TravertineTurkey_ZH-CN6430409651_1920x1080.jpg&rf=LaDigue_1920x1080.jpg&pid=hp","urlbase":"\/th?id=OHR.TravertineTurkey_ZH-CN6430409651","copyright":"\u571f\u8033\u5176\u68c9\u82b1\u5821\u7684\u77f3\u7070\u534e\u68af\u7530 (\u00a9 bybostanci\/Getty Images)","copyrightlink":"https:\/\/www.bing.com\/search?q=%E6%A3%89%E8%8A%B1%E5%A0%A1&form=hpcapt&mkt=zh-cn","title":"\u5929\u5802\u822c\u7684\u6e29\u6cc9","quiz":"\/search?q=Bing+homepage+quiz&filters=WQOskey:%22HPQuiz_20220501_TravertineTurkey%22&FORM=HPQUIZ","wp":true,"hsh":"f45559a4dfc35c6c0188ed544bb1607f","drk":1,"top":1,"bot":1,"hs":[]}],"tooltips":{"loading":"\u6b63\u5728\u52a0\u8f7d...","previous":"\u4e0a\u4e00\u4e2a\u56fe\u50cf","next":"\u4e0b\u4e00\u4e2a\u56fe\u50cf","walle":"\u6b64\u56fe\u7247\u4e0d\u80fd\u4e0b\u8f7d\u7528\u4f5c\u58c1\u7eb8\u3002","walls":"\u4e0b\u8f7d\u4eca\u65e5\u7f8e\u56fe\u3002\u4ec5\u9650\u7528\u4f5c\u684c\u9762\u58c1\u7eb8\u3002"}}