{"images":[{"startdate":"20210503","fullstartdate":"202105031600","enddate":"20210504","url":"\/th?id=OHR.StarWarsSeal_ZH-CN9173208926_1920x1080.jpg&rf=LaDigue_1920x1080.jpg&pid=hp","urlbase":"\/th?id=OHR.StarWarsSeal_ZH-CN9173208926","copyright":"\u6b63\u722c\u4e0a\u5510\u5a1c\u00b7\u8bfa\u514b\u6c99\u6ee9\u7684\u7070\u6d77\u8c79\uff0c\u82f1\u683c\u5170\u5317\u6797\u80af\u90e1 (\u00a9 Frederic Desmette\/Minden Pictures)","copyrightlink":"https:\/\/www.bing.com\/search?q=%E7%81%B0%E6%B5%B7%E8%B1%B9&form=hpcapt&mkt=zh-cn","title":"","quiz":"\/search?q=Bing+homepage+quiz&filters=WQOskey:%22HPQuiz_20210503_StarWarsSeal%22&FORM=HPQUIZ","wp":true,"hsh":"9b5ccd95ad366fc1bae3676d2b25fac4","drk":1,"top":1,"bot":1,"hs":[]}],"tooltips":{"loading":"\u6b63\u5728\u52a0\u8f7d...","previous":"\u4e0a\u4e00\u4e2a\u56fe\u50cf","next":"\u4e0b\u4e00\u4e2a\u56fe\u50cf","walle":"\u6b64\u56fe\u7247\u4e0d\u80fd\u4e0b\u8f7d\u7528\u4f5c\u58c1\u7eb8\u3002","walls":"\u4e0b\u8f7d\u4eca\u65e5\u7f8e\u56fe\u3002\u4ec5\u9650\u7528\u4f5c\u684c\u9762\u58c1\u7eb8\u3002"}}