{"images":[{"startdate":"20210207","fullstartdate":"202102071600","enddate":"20210208","url":"\/th?id=OHR.IceWalking_ZH-CN5122217505_1920x1080.jpg&rf=LaDigue_1920x1080.jpg&pid=hp","urlbase":"\/th?id=OHR.IceWalking_ZH-CN5122217505","copyright":"\u52c3\u6717\u5cf0\u9ad8\u5c71\u51b0\u5ddd\u4e0a\u7684\u5f92\u6b65\u8005\uff0c\u6cd5\u56fd\u590f\u6155\u5c3c (\u00a9 agustavop\/Getty Images)","copyrightlink":"https:\/\/www.bing.com\/search?q=%E5%8B%83%E6%9C%97%E5%B3%B0&form=hpcapt&mkt=zh-cn","title":"","quiz":"\/search?q=Bing+homepage+quiz&filters=WQOskey:%22HPQuiz_20210207_IceWalking%22&FORM=HPQUIZ","wp":true,"hsh":"da2c990ab5873ff588bebeb86664dd8e","drk":1,"top":1,"bot":1,"hs":[]}],"tooltips":{"loading":"\u6b63\u5728\u52a0\u8f7d...","previous":"\u4e0a\u4e00\u4e2a\u56fe\u50cf","next":"\u4e0b\u4e00\u4e2a\u56fe\u50cf","walle":"\u6b64\u56fe\u7247\u4e0d\u80fd\u4e0b\u8f7d\u7528\u4f5c\u58c1\u7eb8\u3002","walls":"\u4e0b\u8f7d\u4eca\u65e5\u7f8e\u56fe\u3002\u4ec5\u9650\u7528\u4f5c\u684c\u9762\u58c1\u7eb8\u3002"}}