{"images":[{"startdate":"20211225","fullstartdate":"202112251600","enddate":"20211226","url":"\/th?id=OHR.SalehurstChurch_ZH-CN6419013724_1920x1080.jpg&rf=LaDigue_1920x1080.jpg&pid=hp","urlbase":"\/th?id=OHR.SalehurstChurch_ZH-CN6419013724","copyright":"\u65e5\u5149\u4e0b\u7684\u6751\u843d\uff0c\u82f1\u683c\u5170\u4e1c\u8428\u585e\u514b\u65af\u90e1 (\u00a9 JohnnyPowell\/iStock\/Getty Images Plus)","copyrightlink":"https:\/\/www.bing.com\/search?q=%E4%B8%9C%E8%90%A8%E5%A1%9E%E5%85%8B%E6%96%AF%E9%83%A1&form=hpcapt&mkt=zh-cn","title":"","quiz":"\/search?q=Bing+homepage+quiz&filters=WQOskey:%22HPQuiz_20211225_SalehurstChurch%22&FORM=HPQUIZ","wp":true,"hsh":"c8e7a2b33b790fc72885077fda6e613f","drk":1,"top":1,"bot":1,"hs":[]}],"tooltips":{"loading":"\u6b63\u5728\u52a0\u8f7d...","previous":"\u4e0a\u4e00\u4e2a\u56fe\u50cf","next":"\u4e0b\u4e00\u4e2a\u56fe\u50cf","walle":"\u6b64\u56fe\u7247\u4e0d\u80fd\u4e0b\u8f7d\u7528\u4f5c\u58c1\u7eb8\u3002","walls":"\u4e0b\u8f7d\u4eca\u65e5\u7f8e\u56fe\u3002\u4ec5\u9650\u7528\u4f5c\u684c\u9762\u58c1\u7eb8\u3002"}}