{"images":[{"startdate":"20211201","fullstartdate":"202112011600","enddate":"20211202","url":"\/th?id=OHR.DenaliDall_ZH-CN9952652691_1920x1080.jpg&rf=LaDigue_1920x1080.jpg&pid=hp","urlbase":"\/th?id=OHR.DenaliDall_ZH-CN9952652691","copyright":"\u8fea\u7eb3\u5229\u56fd\u5bb6\u516c\u56ed\u91cc\u7684\u767d\u5927\u89d2\u7f8a\uff0c\u963f\u62c9\u65af\u52a0 (\u00a9 Patrick J. Endres\/Getty Images)","copyrightlink":"https:\/\/www.bing.com\/search?q=%E7%99%BD%E5%A4%A7%E8%A7%92%E7%BE%8A&form=hpcapt&mkt=zh-cn","title":"","quiz":"\/search?q=Bing+homepage+quiz&filters=WQOskey:%22HPQuiz_20211201_DenaliDall%22&FORM=HPQUIZ","wp":true,"hsh":"ac84602f54eacb70d5399a389b06de45","drk":1,"top":1,"bot":1,"hs":[]}],"tooltips":{"loading":"\u6b63\u5728\u52a0\u8f7d...","previous":"\u4e0a\u4e00\u4e2a\u56fe\u50cf","next":"\u4e0b\u4e00\u4e2a\u56fe\u50cf","walle":"\u6b64\u56fe\u7247\u4e0d\u80fd\u4e0b\u8f7d\u7528\u4f5c\u58c1\u7eb8\u3002","walls":"\u4e0b\u8f7d\u4eca\u65e5\u7f8e\u56fe\u3002\u4ec5\u9650\u7528\u4f5c\u684c\u9762\u58c1\u7eb8\u3002"}}