{"images":[{"startdate":"20210502","fullstartdate":"202105021600","enddate":"20210503","url":"\/th?id=OHR.InselMainauAerial_ZH-CN9105248103_1920x1080.jpg&rf=LaDigue_1920x1080.jpg&pid=hp","urlbase":"\/th?id=OHR.InselMainauAerial_ZH-CN9105248103","copyright":"\u9e1f\u77b0\u535a\u767b\u6e56\u4e0a\u7684\u8fc8\u7459\u5c9b\uff0c\u5fb7\u56fd (\u00a9 Amazing Aerial Agency\/Offset by Shutterstock)","copyrightlink":"https:\/\/www.bing.com\/search?q=%E8%BF%88%E7%91%99%E5%B2%9B&form=hpcapt&mkt=zh-cn","title":"","quiz":"\/search?q=Bing+homepage+quiz&filters=WQOskey:%22HPQuiz_20210502_InselMainauAerial%22&FORM=HPQUIZ","wp":true,"hsh":"dba4bc9237a74de01da4efb58265da44","drk":1,"top":1,"bot":1,"hs":[]}],"tooltips":{"loading":"\u6b63\u5728\u52a0\u8f7d...","previous":"\u4e0a\u4e00\u4e2a\u56fe\u50cf","next":"\u4e0b\u4e00\u4e2a\u56fe\u50cf","walle":"\u6b64\u56fe\u7247\u4e0d\u80fd\u4e0b\u8f7d\u7528\u4f5c\u58c1\u7eb8\u3002","walls":"\u4e0b\u8f7d\u4eca\u65e5\u7f8e\u56fe\u3002\u4ec5\u9650\u7528\u4f5c\u684c\u9762\u58c1\u7eb8\u3002"}}