{"images":[{"startdate":"20210517","fullstartdate":"202105171600","enddate":"20210518","url":"\/th?id=OHR.GreatHornbill_ZH-CN9550236034_1920x1080.jpg&rf=LaDigue_1920x1080.jpg&pid=hp","urlbase":"\/th?id=OHR.GreatHornbill_ZH-CN9550236034","copyright":"\u897f\u5b5f\u52a0\u62c9\u90a6\u7684\u53cc\u89d2\u7280\u9e1f\uff0c\u5370\u5ea6 (\u00a9 Debapratim Saha\/Minden Pictures)","copyrightlink":"https:\/\/www.bing.com\/search?q=%E5%8F%8C%E8%A7%92%E7%8A%80%E9%B8%9F&form=hpcapt&mkt=zh-cn","title":"","quiz":"\/search?q=Bing+homepage+quiz&filters=WQOskey:%22HPQuiz_20210517_GreatHornbill%22&FORM=HPQUIZ","wp":true,"hsh":"a9e23aebcca3ab9fe480a10f7911c0a5","drk":1,"top":1,"bot":1,"hs":[]}],"tooltips":{"loading":"\u6b63\u5728\u52a0\u8f7d...","previous":"\u4e0a\u4e00\u4e2a\u56fe\u50cf","next":"\u4e0b\u4e00\u4e2a\u56fe\u50cf","walle":"\u6b64\u56fe\u7247\u4e0d\u80fd\u4e0b\u8f7d\u7528\u4f5c\u58c1\u7eb8\u3002","walls":"\u4e0b\u8f7d\u4eca\u65e5\u7f8e\u56fe\u3002\u4ec5\u9650\u7528\u4f5c\u684c\u9762\u58c1\u7eb8\u3002"}}