{"images":[{"startdate":"20210925","fullstartdate":"202109251600","enddate":"20210926","url":"\/th?id=OHR.MackenzieRiver_ZH-CN0214805768_1920x1080.jpg&rf=LaDigue_1920x1080.jpg&pid=hp","urlbase":"\/th?id=OHR.MackenzieRiver_ZH-CN0214805768","copyright":"\u6ce8\u5165\u6d77\u4e2d\u7684\u9a6c\u66f4\u4e9b\u6cb3\uff0c\u52a0\u62ff\u5927 (\u00a9 Norman Kuring, GSFC\/NASA\/USGS Landsat)","copyrightlink":"https:\/\/www.bing.com\/search?q=%E9%A9%AC%E6%9B%B4%E4%BA%9B%E6%B2%B3&form=hpcapt&mkt=zh-cn","title":"","quiz":"\/search?q=Bing+homepage+quiz&filters=WQOskey:%22HPQuiz_20210925_MackenzieRiver%22&FORM=HPQUIZ","wp":true,"hsh":"23227506fc6cf3999f92384e1a8d91b6","drk":1,"top":1,"bot":1,"hs":[]}],"tooltips":{"loading":"\u6b63\u5728\u52a0\u8f7d...","previous":"\u4e0a\u4e00\u4e2a\u56fe\u50cf","next":"\u4e0b\u4e00\u4e2a\u56fe\u50cf","walle":"\u6b64\u56fe\u7247\u4e0d\u80fd\u4e0b\u8f7d\u7528\u4f5c\u58c1\u7eb8\u3002","walls":"\u4e0b\u8f7d\u4eca\u65e5\u7f8e\u56fe\u3002\u4ec5\u9650\u7528\u4f5c\u684c\u9762\u58c1\u7eb8\u3002"}}