{"images":[{"startdate":"20210204","fullstartdate":"202102041600","enddate":"20210205","url":"\/th?id=OHR.TheWave_ZH-CN4856809836_1920x1080.jpg&rf=LaDigue_1920x1080.jpg&pid=hp","urlbase":"\/th?id=OHR.TheWave_ZH-CN4856809836","copyright":"\u6ce2\u6d6a\u8c37\u4e2d\u7684\u7802\u5ca9\u5c42\u548c\u79ef\u6c34\uff0c\u4e9a\u5229\u6851\u90a3\u5dde\u6731\u7ea2\u60ac\u5d16\u56fd\u5bb6\u7eaa\u5ff5\u7891 (\u00a9 Dennis Frates\/Alamy)","copyrightlink":"https:\/\/www.bing.com\/search?q=%E6%9C%B1%E7%BA%A2%E6%82%AC%E5%B4%96%E5%9B%BD%E5%AE%B6%E7%BA%AA%E5%BF%B5%E7%A2%91&form=hpcapt&mkt=zh-cn","title":"","quiz":"\/search?q=Bing+homepage+quiz&filters=WQOskey:%22HPQuiz_20210204_TheWave%22&FORM=HPQUIZ","wp":true,"hsh":"ea6d5982b00ab676dd7a365a9e614e45","drk":1,"top":1,"bot":1,"hs":[]}],"tooltips":{"loading":"\u6b63\u5728\u52a0\u8f7d...","previous":"\u4e0a\u4e00\u4e2a\u56fe\u50cf","next":"\u4e0b\u4e00\u4e2a\u56fe\u50cf","walle":"\u6b64\u56fe\u7247\u4e0d\u80fd\u4e0b\u8f7d\u7528\u4f5c\u58c1\u7eb8\u3002","walls":"\u4e0b\u8f7d\u4eca\u65e5\u7f8e\u56fe\u3002\u4ec5\u9650\u7528\u4f5c\u684c\u9762\u58c1\u7eb8\u3002"}}