{"images":[{"startdate":"20211021","fullstartdate":"202110211600","enddate":"20211022","url":"\/th?id=OHR.Neowise_ZH-CN1308687945_1920x1080.jpg&rf=LaDigue_1920x1080.jpg&pid=hp","urlbase":"\/th?id=OHR.Neowise_ZH-CN1308687945","copyright":"\u5212\u8fc7\u6e56\u9762\u4e0a\u7a7a\u7684\u65b0\u667a\u5f57\u661f\uff0c\u52a0\u62ff\u5927\u8d3e\u65af\u73c0\u56fd\u5bb6\u516c\u56ed (\u00a9 Stocktrek Images, Inc.\/Alamy)","copyrightlink":"https:\/\/www.bing.com\/search?q=%E6%96%B0%E6%99%BA%E5%BD%97%E6%98%9F&form=hpcapt&mkt=zh-cn","title":"","quiz":"\/search?q=Bing+homepage+quiz&filters=WQOskey:%22HPQuiz_20211021_Neowise%22&FORM=HPQUIZ","wp":true,"hsh":"3769f5dc71d0b10b4fe6d636f463db2d","drk":1,"top":1,"bot":1,"hs":[]}],"tooltips":{"loading":"\u6b63\u5728\u52a0\u8f7d...","previous":"\u4e0a\u4e00\u4e2a\u56fe\u50cf","next":"\u4e0b\u4e00\u4e2a\u56fe\u50cf","walle":"\u6b64\u56fe\u7247\u4e0d\u80fd\u4e0b\u8f7d\u7528\u4f5c\u58c1\u7eb8\u3002","walls":"\u4e0b\u8f7d\u4eca\u65e5\u7f8e\u56fe\u3002\u4ec5\u9650\u7528\u4f5c\u684c\u9762\u58c1\u7eb8\u3002"}}