{"images":[{"startdate":"20210703","fullstartdate":"202107031600","enddate":"20210704","url":"\/th?id=OHR.LakeSchreckseeBY_ZH-CN0786328970_1920x1080.jpg&rf=LaDigue_1920x1080.jpg&pid=hp","urlbase":"\/th?id=OHR.LakeSchreckseeBY_ZH-CN0786328970","copyright":"\u963f\u5c14\u9ad8\u963f\u5c14\u5351\u65af\u5c71\u8109\u7684Schrecksee\u6e56\uff0c\u5fb7\u56fd\u5df4\u4f10\u5229\u4e9a (\u00a9 Andreas Hagspiel\/EyeEm\/Getty Images)","copyrightlink":"https:\/\/www.bing.com\/search?q=%E9%98%BF%E5%B0%94%E5%8D%91%E6%96%AF%E5%B1%B1%E8%84%89&form=hpcapt&mkt=zh-cn","title":"","quiz":"\/search?q=Bing+homepage+quiz&filters=WQOskey:%22HPQuiz_20210703_LakeSchreckseeBY%22&FORM=HPQUIZ","wp":true,"hsh":"58d14e0f6c83f0a4b611772695ac7ff7","drk":1,"top":1,"bot":1,"hs":[]}],"tooltips":{"loading":"\u6b63\u5728\u52a0\u8f7d...","previous":"\u4e0a\u4e00\u4e2a\u56fe\u50cf","next":"\u4e0b\u4e00\u4e2a\u56fe\u50cf","walle":"\u6b64\u56fe\u7247\u4e0d\u80fd\u4e0b\u8f7d\u7528\u4f5c\u58c1\u7eb8\u3002","walls":"\u4e0b\u8f7d\u4eca\u65e5\u7f8e\u56fe\u3002\u4ec5\u9650\u7528\u4f5c\u684c\u9762\u58c1\u7eb8\u3002"}}