{"images":[{"startdate":"20211212","fullstartdate":"202112121600","enddate":"20211213","url":"\/th?id=OHR.ElPanecilloHill_ZH-CN0527709139_1920x1080.jpg&rf=LaDigue_1920x1080.jpg&pid=hp","urlbase":"\/th?id=OHR.ElPanecilloHill_ZH-CN0527709139","copyright":"\u66ae\u8272\u4e2d\u7684\u9762\u5305\u5c71\u548c\u8001\u57ce\u533a\uff0c\u5384\u74dc\u591a\u5c14\u57fa\u591a (\u00a9 Karol Kozlowski\/plainpicture)","copyrightlink":"https:\/\/www.bing.com\/search?q=%E5%8E%84%E7%93%9C%E5%A4%9A%E5%B0%94&form=hpcapt&mkt=zh-cn","title":"","quiz":"\/search?q=Bing+homepage+quiz&filters=WQOskey:%22HPQuiz_20211212_ElPanecilloHill%22&FORM=HPQUIZ","wp":true,"hsh":"c126994236b284177d9399be87c54100","drk":1,"top":1,"bot":1,"hs":[]}],"tooltips":{"loading":"\u6b63\u5728\u52a0\u8f7d...","previous":"\u4e0a\u4e00\u4e2a\u56fe\u50cf","next":"\u4e0b\u4e00\u4e2a\u56fe\u50cf","walle":"\u6b64\u56fe\u7247\u4e0d\u80fd\u4e0b\u8f7d\u7528\u4f5c\u58c1\u7eb8\u3002","walls":"\u4e0b\u8f7d\u4eca\u65e5\u7f8e\u56fe\u3002\u4ec5\u9650\u7528\u4f5c\u684c\u9762\u58c1\u7eb8\u3002"}}