{"images":[{"startdate":"20220325","fullstartdate":"202203251600","enddate":"20220326","url":"\/th?id=OHR.YellowCrocuses_ZH-CN6617862337_1920x1080.jpg&rf=LaDigue_1920x1080.jpg&pid=hp","urlbase":"\/th?id=OHR.YellowCrocuses_ZH-CN6617862337","copyright":"\u9ec4\u756a\u7ea2\u82b1\u548c\u7fe9\u7fe9\u8d77\u821e\u7684\u5927\u5c71\u96c0 (\u00a9 Nataba\/Getty Images)","copyrightlink":"https:\/\/www.bing.com\/search?q=%E5%A4%A7%E5%B1%B1%E9%9B%80&form=hpcapt&mkt=zh-cn","title":"\u6625\u5929\u9192\u6765\u4e86","quiz":"\/search?q=Bing+homepage+quiz&filters=WQOskey:%22HPQuiz_20220325_YellowCrocuses%22&FORM=HPQUIZ","wp":true,"hsh":"7982a35190eb23420f27fa5261e5d974","drk":1,"top":1,"bot":1,"hs":[]}],"tooltips":{"loading":"\u6b63\u5728\u52a0\u8f7d...","previous":"\u4e0a\u4e00\u4e2a\u56fe\u50cf","next":"\u4e0b\u4e00\u4e2a\u56fe\u50cf","walle":"\u6b64\u56fe\u7247\u4e0d\u80fd\u4e0b\u8f7d\u7528\u4f5c\u58c1\u7eb8\u3002","walls":"\u4e0b\u8f7d\u4eca\u65e5\u7f8e\u56fe\u3002\u4ec5\u9650\u7528\u4f5c\u684c\u9762\u58c1\u7eb8\u3002"}}