{"images":[{"startdate":"20211121","fullstartdate":"202111211600","enddate":"20211122","url":"\/th?id=OHR.IrohazakaRoad_ZH-CN9151363864_1920x1080.jpg&rf=LaDigue_1920x1080.jpg&pid=hp","urlbase":"\/th?id=OHR.IrohazakaRoad_ZH-CN9151363864","copyright":"\u4f0a\u5415\u6ce2\u5742\u5c71\u9053\uff0c\u65e5\u672c\u65e5\u5149\u5e02 (\u00a9 LightRecords\/Shutterstock)","copyrightlink":"https:\/\/www.bing.com\/search?q=%E4%BC%8A%E5%90%95%E6%B3%A2%E5%9D%82&form=hpcapt&mkt=zh-cn","title":"","quiz":"\/search?q=Bing+homepage+quiz&filters=WQOskey:%22HPQuiz_20211121_IrohazakaRoad%22&FORM=HPQUIZ","wp":true,"hsh":"a9b142b3c3c4208185884c3c22303fc7","drk":1,"top":1,"bot":1,"hs":[]}],"tooltips":{"loading":"\u6b63\u5728\u52a0\u8f7d...","previous":"\u4e0a\u4e00\u4e2a\u56fe\u50cf","next":"\u4e0b\u4e00\u4e2a\u56fe\u50cf","walle":"\u6b64\u56fe\u7247\u4e0d\u80fd\u4e0b\u8f7d\u7528\u4f5c\u58c1\u7eb8\u3002","walls":"\u4e0b\u8f7d\u4eca\u65e5\u7f8e\u56fe\u3002\u4ec5\u9650\u7528\u4f5c\u684c\u9762\u58c1\u7eb8\u3002"}}