{"images":[{"startdate":"20220224","fullstartdate":"202202241600","enddate":"20220225","url":"\/th?id=OHR.WheatonYukon_ZH-CN5573629391_1920x1080.jpg&rf=LaDigue_1920x1080.jpg&pid=hp","urlbase":"\/th?id=OHR.WheatonYukon_ZH-CN5573629391","copyright":"\u6000\u7279\u970d\u65af\u5e02\u7684\u843d\u65e5\u4f59\u6656\uff0c\u52a0\u62ff\u5927\u80b2\u7a7a\u5730\u533a (\u00a9 Robert Postma\/Design Pics)","copyrightlink":"https:\/\/www.bing.com\/search?q=%E6%80%80%E7%89%B9%E9%9C%8D%E6%96%AF&form=hpcapt&mkt=zh-cn","title":"\u9ad8\u8038\u7684\u5c71\u5cf0\u3001\u58ee\u4e3d\u7684\u6cb3\u6d41\uff0c\u8fd8\u6709\u7e41\u76db\u7684\u91ce\u751f\u52a8\u7269","quiz":"\/search?q=Bing+homepage+quiz&filters=WQOskey:%22HPQuiz_20220224_WheatonYukon%22&FORM=HPQUIZ","wp":true,"hsh":"7a8c9c970453a8edecfc769e5b305862","drk":1,"top":1,"bot":1,"hs":[]}],"tooltips":{"loading":"\u6b63\u5728\u52a0\u8f7d...","previous":"\u4e0a\u4e00\u4e2a\u56fe\u50cf","next":"\u4e0b\u4e00\u4e2a\u56fe\u50cf","walle":"\u6b64\u56fe\u7247\u4e0d\u80fd\u4e0b\u8f7d\u7528\u4f5c\u58c1\u7eb8\u3002","walls":"\u4e0b\u8f7d\u4eca\u65e5\u7f8e\u56fe\u3002\u4ec5\u9650\u7528\u4f5c\u684c\u9762\u58c1\u7eb8\u3002"}}