{"images":[{"startdate":"20210424","fullstartdate":"202104241600","enddate":"20210425","url":"\/th?id=OHR.AdelieDiving_ZH-CN8185853655_1920x1080.jpg&rf=LaDigue_1920x1080.jpg&pid=hp","urlbase":"\/th?id=OHR.AdelieDiving_ZH-CN8185853655","copyright":"\u4ece\u51b0\u5c71\u8dc3\u5165\u6c34\u4e2d\u7684\u963f\u5fb7\u5229\u4f01\u9e45\uff0c\u5357\u6781 (\u00a9 Mike Hill\/Getty Images)","copyrightlink":"https:\/\/www.bing.com\/search?q=%E9%98%BF%E5%BE%B7%E5%88%A9%E4%BC%81%E9%B9%85&form=hpcapt&mkt=zh-cn","title":"","quiz":"\/search?q=Bing+homepage+quiz&filters=WQOskey:%22HPQuiz_20210424_AdelieDiving%22&FORM=HPQUIZ","wp":true,"hsh":"275cfdbb98ab7d9b616c7f54adcfce02","drk":1,"top":1,"bot":1,"hs":[]}],"tooltips":{"loading":"\u6b63\u5728\u52a0\u8f7d...","previous":"\u4e0a\u4e00\u4e2a\u56fe\u50cf","next":"\u4e0b\u4e00\u4e2a\u56fe\u50cf","walle":"\u6b64\u56fe\u7247\u4e0d\u80fd\u4e0b\u8f7d\u7528\u4f5c\u58c1\u7eb8\u3002","walls":"\u4e0b\u8f7d\u4eca\u65e5\u7f8e\u56fe\u3002\u4ec5\u9650\u7528\u4f5c\u684c\u9762\u58c1\u7eb8\u3002"}}