{"images":[{"startdate":"20210122","fullstartdate":"202101221600","enddate":"20210123","url":"\/th?id=OHR.ChuDangYa_ZH-CN6673735912_1920x1080.jpg&rf=LaDigue_1920x1080.jpg&pid=hp","urlbase":"\/th?id=OHR.ChuDangYa_ZH-CN6673735912","copyright":"\u6ce2\u6765\u53e4\u5e02\u9644\u8fd1\u7684Chu Dang Ya\u706b\u5c71\uff0c\u8d8a\u5357\u5609\u6765 (\u00a9 Quang Ngoc Nguyen\/Alamy)","copyrightlink":"https:\/\/www.bing.com\/search?q=%E6%B3%A2%E6%9D%A5%E5%8F%A4%E5%B8%82&form=hpcapt&mkt=zh-cn","title":"","quiz":"\/search?q=Bing+homepage+quiz&filters=WQOskey:%22HPQuiz_20210122_ChuDangYa%22&FORM=HPQUIZ","wp":true,"hsh":"baeacf06577211850b173f77eb4cde8f","drk":1,"top":1,"bot":1,"hs":[]}],"tooltips":{"loading":"\u6b63\u5728\u52a0\u8f7d...","previous":"\u4e0a\u4e00\u4e2a\u56fe\u50cf","next":"\u4e0b\u4e00\u4e2a\u56fe\u50cf","walle":"\u6b64\u56fe\u7247\u4e0d\u80fd\u4e0b\u8f7d\u7528\u4f5c\u58c1\u7eb8\u3002","walls":"\u4e0b\u8f7d\u4eca\u65e5\u7f8e\u56fe\u3002\u4ec5\u9650\u7528\u4f5c\u684c\u9762\u58c1\u7eb8\u3002"}}