{"images":[{"startdate":"20210524","fullstartdate":"202105241600","enddate":"20210525","url":"\/th?id=OHR.TowelDay_ZH-CN2107057381_1920x1080.jpg&rf=LaDigue_1920x1080.jpg&pid=hp","urlbase":"\/th?id=OHR.TowelDay_ZH-CN2107057381","copyright":"\u5728\u591a\u7c73\u5c3c\u52a0\u7f57\u7d22\u6d77\u5cb8\u9644\u8fd1\u7684\u62b9\u9999\u9cb8\uff0c\u52a0\u52d2\u6bd4\u6d77 (\u00a9 Tony Wu\/Minden Pictures)","copyrightlink":"https:\/\/www.bing.com\/search?q=%E6%8A%B9%E9%A6%99%E9%B2%B8&form=hpcapt&mkt=zh-cn","title":"","quiz":"\/search?q=Bing+homepage+quiz&filters=WQOskey:%22HPQuiz_20210524_TowelDay%22&FORM=HPQUIZ","wp":true,"hsh":"bad74f6262ba950610e2d30e1a29e681","drk":1,"top":1,"bot":1,"hs":[]}],"tooltips":{"loading":"\u6b63\u5728\u52a0\u8f7d...","previous":"\u4e0a\u4e00\u4e2a\u56fe\u50cf","next":"\u4e0b\u4e00\u4e2a\u56fe\u50cf","walle":"\u6b64\u56fe\u7247\u4e0d\u80fd\u4e0b\u8f7d\u7528\u4f5c\u58c1\u7eb8\u3002","walls":"\u4e0b\u8f7d\u4eca\u65e5\u7f8e\u56fe\u3002\u4ec5\u9650\u7528\u4f5c\u684c\u9762\u58c1\u7eb8\u3002"}}