{"images":[{"startdate":"20210614","fullstartdate":"202106141600","enddate":"20210615","url":"\/th?id=OHR.LakePinatubo_ZH-CN5947011761_1920x1080.jpg&rf=LaDigue_1920x1080.jpg&pid=hp","urlbase":"\/th?id=OHR.LakePinatubo_ZH-CN5947011761","copyright":"\u9e1f\u77b0\u76ae\u7eb3\u56fe\u535a\u706b\u5c71\u6e56\u548c\u5c71\u8109\uff0c\u83f2\u5f8b\u5bbe\u6ce2\u62c9\u514b (\u00a9 Amazing Aerial Agency\/Offset by Shutterstock)","copyrightlink":"https:\/\/www.bing.com\/search?q=Aerial&form=hpcapt&mkt=zh-cn","title":"","quiz":"\/search?q=Bing+homepage+quiz&filters=WQOskey:%22HPQuiz_20210614_LakePinatubo%22&FORM=HPQUIZ","wp":true,"hsh":"c30fa6bc750ea6ae65a03afe9783b9d6","drk":1,"top":1,"bot":1,"hs":[]}],"tooltips":{"loading":"\u6b63\u5728\u52a0\u8f7d...","previous":"\u4e0a\u4e00\u4e2a\u56fe\u50cf","next":"\u4e0b\u4e00\u4e2a\u56fe\u50cf","walle":"\u6b64\u56fe\u7247\u4e0d\u80fd\u4e0b\u8f7d\u7528\u4f5c\u58c1\u7eb8\u3002","walls":"\u4e0b\u8f7d\u4eca\u65e5\u7f8e\u56fe\u3002\u4ec5\u9650\u7528\u4f5c\u684c\u9762\u58c1\u7eb8\u3002"}}