{"images":[{"startdate":"20220419","fullstartdate":"202204191600","enddate":"20220420","url":"\/th?id=OHR.MuteSwan_ZH-CN1554957153_1920x1080.jpg&rf=LaDigue_1920x1080.jpg&pid=hp","urlbase":"\/th?id=OHR.MuteSwan_ZH-CN1554957153","copyright":"\u4e24\u53ea\u8eb2\u5728\u5988\u5988\u5c3e\u7fbd\u4e0b\u7684\u75a3\u9f3b\u5c0f\u5929\u9e45\uff0c\u7ebd\u7ea6\u957f\u5c9b (\u00a9 Vicki Jauron\/Getty Images)","copyrightlink":"https:\/\/www.bing.com\/search?q=%E7%96%A3%E9%BC%BB%E5%A4%A9%E9%B9%85&form=hpcapt&mkt=zh-cn","title":"\u7f8e\u4e3d\u662f\u5929\u751f\u7684","quiz":"\/search?q=Bing+homepage+quiz&filters=WQOskey:%22HPQuiz_20220419_MuteSwan%22&FORM=HPQUIZ","wp":true,"hsh":"ea9e02e8a59a5d86f3d3bc0150535164","drk":1,"top":1,"bot":1,"hs":[]}],"tooltips":{"loading":"\u6b63\u5728\u52a0\u8f7d...","previous":"\u4e0a\u4e00\u4e2a\u56fe\u50cf","next":"\u4e0b\u4e00\u4e2a\u56fe\u50cf","walle":"\u6b64\u56fe\u7247\u4e0d\u80fd\u4e0b\u8f7d\u7528\u4f5c\u58c1\u7eb8\u3002","walls":"\u4e0b\u8f7d\u4eca\u65e5\u7f8e\u56fe\u3002\u4ec5\u9650\u7528\u4f5c\u684c\u9762\u58c1\u7eb8\u3002"}}