{"images":[{"startdate":"20220319","fullstartdate":"202203191600","enddate":"20220320","url":"\/th?id=OHR.WorldFrogDay_ZH-CN7191299445_1920x1080.jpg&rf=LaDigue_1920x1080.jpg&pid=hp","urlbase":"\/th?id=OHR.WorldFrogDay_ZH-CN7191299445","copyright":"\u9c9c\u8273\u591a\u5f69\u7684\u722a\u54c7\u6811\u86d9\uff0c\u5370\u5ea6\u5c3c\u897f\u4e9a (\u00a9 kuritafsheen\/Getty Images)","copyrightlink":"https:\/\/www.bing.com\/search?q=%E6%A0%91%E8%9B%99&form=hpcapt&mkt=zh-cn","title":"\u8fd9\u53ea\u9752\u86d9\u5728\u7b11\u4ec0\u4e48\uff1f","quiz":"\/search?q=Bing+homepage+quiz&filters=WQOskey:%22HPQuiz_20220319_WorldFrogDay%22&FORM=HPQUIZ","wp":true,"hsh":"eeca921f0fcc3cff25d83a6e96022021","drk":1,"top":1,"bot":1,"hs":[]}],"tooltips":{"loading":"\u6b63\u5728\u52a0\u8f7d...","previous":"\u4e0a\u4e00\u4e2a\u56fe\u50cf","next":"\u4e0b\u4e00\u4e2a\u56fe\u50cf","walle":"\u6b64\u56fe\u7247\u4e0d\u80fd\u4e0b\u8f7d\u7528\u4f5c\u58c1\u7eb8\u3002","walls":"\u4e0b\u8f7d\u4eca\u65e5\u7f8e\u56fe\u3002\u4ec5\u9650\u7528\u4f5c\u684c\u9762\u58c1\u7eb8\u3002"}}