{"images":[{"startdate":"20210323","fullstartdate":"202103231600","enddate":"20210324","url":"\/th?id=OHR.HumpbackMom_ZH-CN0218207583_1920x1080.jpg&rf=LaDigue_1920x1080.jpg&pid=hp","urlbase":"\/th?id=OHR.HumpbackMom_ZH-CN0218207583","copyright":"\u5ea7\u5934\u9cb8\u5988\u5988\u5c06\u5979\u719f\u7761\u7684\u5e7c\u9cb8\u63a8\u5230\u6c34\u9762\uff0c\u590f\u5a01\u5937\u6bdb\u4f0a\u5c9b (\u00a9 Ralph Pace\/Minden Pictures)","copyrightlink":"https:\/\/www.bing.com\/search?q=%E5%BA%A7%E5%A4%B4%E9%B2%B8&form=hpcapt&mkt=zh-cn","title":"","quiz":"\/search?q=Bing+homepage+quiz&filters=WQOskey:%22HPQuiz_20210323_HumpbackMom%22&FORM=HPQUIZ","wp":true,"hsh":"67688ecf139dd4205a1382767845c156","drk":1,"top":1,"bot":1,"hs":[]}],"tooltips":{"loading":"\u6b63\u5728\u52a0\u8f7d...","previous":"\u4e0a\u4e00\u4e2a\u56fe\u50cf","next":"\u4e0b\u4e00\u4e2a\u56fe\u50cf","walle":"\u6b64\u56fe\u7247\u4e0d\u80fd\u4e0b\u8f7d\u7528\u4f5c\u58c1\u7eb8\u3002","walls":"\u4e0b\u8f7d\u4eca\u65e5\u7f8e\u56fe\u3002\u4ec5\u9650\u7528\u4f5c\u684c\u9762\u58c1\u7eb8\u3002"}}