{"images":[{"startdate":"20210306","fullstartdate":"202103061600","enddate":"20210307","url":"\/th?id=OHR.Wakodahatchee_ZH-CN3806840538_1920x1080.jpg&rf=LaDigue_1920x1080.jpg&pid=hp","urlbase":"\/th?id=OHR.Wakodahatchee_ZH-CN3806840538","copyright":"\u5fb7\u62c9\u6d77\u6ee9Wakodahatchee\u6e7f\u5730\u7684\u5927\u84dd\u9e6d\uff0c\u4f5b\u7f57\u91cc\u8fbe\u5dde (\u00a9 Marie Hickman\/Getty Images)","copyrightlink":"https:\/\/www.bing.com\/search?q=%E5%A4%A7%E8%93%9D%E9%B9%AD&form=hpcapt&mkt=zh-cn","title":"","quiz":"\/search?q=Bing+homepage+quiz&filters=WQOskey:%22HPQuiz_20210306_Wakodahatchee%22&FORM=HPQUIZ","wp":true,"hsh":"db7433359888097a35fbde7240067161","drk":1,"top":1,"bot":1,"hs":[]}],"tooltips":{"loading":"\u6b63\u5728\u52a0\u8f7d...","previous":"\u4e0a\u4e00\u4e2a\u56fe\u50cf","next":"\u4e0b\u4e00\u4e2a\u56fe\u50cf","walle":"\u6b64\u56fe\u7247\u4e0d\u80fd\u4e0b\u8f7d\u7528\u4f5c\u58c1\u7eb8\u3002","walls":"\u4e0b\u8f7d\u4eca\u65e5\u7f8e\u56fe\u3002\u4ec5\u9650\u7528\u4f5c\u684c\u9762\u58c1\u7eb8\u3002"}}