{"images":[{"startdate":"20211012","fullstartdate":"202110121600","enddate":"20211013","url":"\/th?id=OHR.IchthyosaurFossil_ZH-CN3662909435_1920x1080.jpg&rf=LaDigue_1920x1080.jpg&pid=hp","urlbase":"\/th?id=OHR.IchthyosaurFossil_ZH-CN3662909435","copyright":"\u4f8f\u7f57\u7eaa\u65f6\u671f\u7684\u9c7c\u9f99\u5316\u77f3\uff0c\u82f1\u56fd\u591a\u585e\u7279 (\u00a9 Christopher Jones\/Alamy)","copyrightlink":"https:\/\/www.bing.com\/search?q=%E9%B1%BC%E9%BE%99%E5%8C%96%E7%9F%B3&form=hpcapt&mkt=zh-cn","title":"","quiz":"\/search?q=Bing+homepage+quiz&filters=WQOskey:%22HPQuiz_20211012_IchthyosaurFossil%22&FORM=HPQUIZ","wp":true,"hsh":"a0a04c175c829622276fc157034690b0","drk":1,"top":1,"bot":1,"hs":[]}],"tooltips":{"loading":"\u6b63\u5728\u52a0\u8f7d...","previous":"\u4e0a\u4e00\u4e2a\u56fe\u50cf","next":"\u4e0b\u4e00\u4e2a\u56fe\u50cf","walle":"\u6b64\u56fe\u7247\u4e0d\u80fd\u4e0b\u8f7d\u7528\u4f5c\u58c1\u7eb8\u3002","walls":"\u4e0b\u8f7d\u4eca\u65e5\u7f8e\u56fe\u3002\u4ec5\u9650\u7528\u4f5c\u684c\u9762\u58c1\u7eb8\u3002"}}