{"images":[{"startdate":"20220311","fullstartdate":"202203111600","enddate":"20220312","url":"\/th?id=OHR.BrehatIsland_ZH-CN6015596530_1920x1080.jpg&rf=LaDigue_1920x1080.jpg&pid=hp","urlbase":"\/th?id=OHR.BrehatIsland_ZH-CN6015596530","copyright":"\u9e1f\u77b0\u89c6\u89d2\u4e0b\u7684\u5e03\u96f7\u963f\u5c9b\uff0c\u6cd5\u56fd\u963f\u6469\u5c14\u6ee8\u6d77\u7701 (\u00a9 LECLERCQ Olivier\/hemis.fr\/Alamy)","copyrightlink":"https:\/\/www.bing.com\/search?q=%E9%98%BF%E6%91%A9%E5%B0%94%E6%BB%A8%E6%B5%B7%E7%9C%81&form=hpcapt&mkt=zh-cn","title":"\u5e03\u5217\u5854\u5c3c\uff01","quiz":"\/search?q=Bing+homepage+quiz&filters=WQOskey:%22HPQuiz_20220311_BrehatIsland%22&FORM=HPQUIZ","wp":true,"hsh":"20246562c828fce34553b4b5d9e0cc95","drk":1,"top":1,"bot":1,"hs":[]}],"tooltips":{"loading":"\u6b63\u5728\u52a0\u8f7d...","previous":"\u4e0a\u4e00\u4e2a\u56fe\u50cf","next":"\u4e0b\u4e00\u4e2a\u56fe\u50cf","walle":"\u6b64\u56fe\u7247\u4e0d\u80fd\u4e0b\u8f7d\u7528\u4f5c\u58c1\u7eb8\u3002","walls":"\u4e0b\u8f7d\u4eca\u65e5\u7f8e\u56fe\u3002\u4ec5\u9650\u7528\u4f5c\u684c\u9762\u58c1\u7eb8\u3002"}}