{"images":[{"startdate":"20210810","fullstartdate":"202108101600","enddate":"20210811","url":"\/th?id=OHR.DinoShower_ZH-CN1791773864_1920x1080.jpg&rf=LaDigue_1920x1080.jpg&pid=hp","urlbase":"\/th?id=OHR.DinoShower_ZH-CN1791773864","copyright":"\u62cd\u6444\u4e8e\u4e8c\u8fde\u6d69\u7279\u6050\u9f99\u535a\u7269\u9986\u4e2d\u7684\u82f1\u4ed9\u5ea7\u6d41\u661f\u96e8\uff0c\u4e2d\u56fd\u5185\u8499\u53e4 (\u00a9 bjdlzx\/Getty Images)","copyrightlink":"https:\/\/www.bing.com\/search?q=%E8%8B%B1%E4%BB%99%E5%BA%A7%E6%B5%81%E6%98%9F%E9%9B%A8&form=hpcapt&mkt=zh-cn","title":"","quiz":"\/search?q=Bing+homepage+quiz&filters=WQOskey:%22HPQuiz_20210810_DinoShower%22&FORM=HPQUIZ","wp":true,"hsh":"0447ea3f84ef4e5f9a0a5db95f499495","drk":1,"top":1,"bot":1,"hs":[]}],"tooltips":{"loading":"\u6b63\u5728\u52a0\u8f7d...","previous":"\u4e0a\u4e00\u4e2a\u56fe\u50cf","next":"\u4e0b\u4e00\u4e2a\u56fe\u50cf","walle":"\u6b64\u56fe\u7247\u4e0d\u80fd\u4e0b\u8f7d\u7528\u4f5c\u58c1\u7eb8\u3002","walls":"\u4e0b\u8f7d\u4eca\u65e5\u7f8e\u56fe\u3002\u4ec5\u9650\u7528\u4f5c\u684c\u9762\u58c1\u7eb8\u3002"}}