{"images":[{"startdate":"20210922","fullstartdate":"202109221600","enddate":"20210923","url":"\/th?id=OHR.BrilliantBlue_ZH-CN1727875801_1920x1080.jpg&rf=LaDigue_1920x1080.jpg&pid=hp","urlbase":"\/th?id=OHR.BrilliantBlue_ZH-CN1727875801","copyright":"\u851a\u84dd\u8272\u7684\u6d77\u738b\u661f (\u00a9 NASA\/JPL)","copyrightlink":"https:\/\/www.bing.com\/search?q=%E6%B5%B7%E7%8E%8B%E6%98%9F&form=hpcapt&mkt=zh-cn","title":"","quiz":"\/search?q=Bing+homepage+quiz&filters=WQOskey:%22HPQuiz_20210922_BrilliantBlue%22&FORM=HPQUIZ","wp":true,"hsh":"c829cdd9b0dcda105cd24bfcc9b69b9e","drk":1,"top":1,"bot":1,"hs":[]}],"tooltips":{"loading":"\u6b63\u5728\u52a0\u8f7d...","previous":"\u4e0a\u4e00\u4e2a\u56fe\u50cf","next":"\u4e0b\u4e00\u4e2a\u56fe\u50cf","walle":"\u6b64\u56fe\u7247\u4e0d\u80fd\u4e0b\u8f7d\u7528\u4f5c\u58c1\u7eb8\u3002","walls":"\u4e0b\u8f7d\u4eca\u65e5\u7f8e\u56fe\u3002\u4ec5\u9650\u7528\u4f5c\u684c\u9762\u58c1\u7eb8\u3002"}}