{"images":[{"startdate":"20210511","fullstartdate":"202105111600","enddate":"20210512","url":"\/th?id=OHR.LimerickDay_ZH-CN8991034176_1920x1080.jpg&rf=LaDigue_1920x1080.jpg&pid=hp","urlbase":"\/th?id=OHR.LimerickDay_ZH-CN8991034176","copyright":"\u9999\u6d53\u6cb3\u5bf9\u5cb8\u7684\u666f\u8272\uff0c\u7231\u5c14\u5170\u5229\u9ed8\u91cc\u514b (\u00a9 Piotr Machowczyk\/Shutterstock)","copyrightlink":"https:\/\/www.bing.com\/search?q=%E9%A6%99%E5%86%9C%E6%B2%B3&form=hpcapt&mkt=zh-cn","title":"","quiz":"\/search?q=Bing+homepage+quiz&filters=WQOskey:%22HPQuiz_20210511_LimerickDay%22&FORM=HPQUIZ","wp":true,"hsh":"d8b275a253c0418502bc8ffff5b9da87","drk":1,"top":1,"bot":1,"hs":[]}],"tooltips":{"loading":"\u6b63\u5728\u52a0\u8f7d...","previous":"\u4e0a\u4e00\u4e2a\u56fe\u50cf","next":"\u4e0b\u4e00\u4e2a\u56fe\u50cf","walle":"\u6b64\u56fe\u7247\u4e0d\u80fd\u4e0b\u8f7d\u7528\u4f5c\u58c1\u7eb8\u3002","walls":"\u4e0b\u8f7d\u4eca\u65e5\u7f8e\u56fe\u3002\u4ec5\u9650\u7528\u4f5c\u684c\u9762\u58c1\u7eb8\u3002"}}