{"images":[{"startdate":"20210329","fullstartdate":"202103291600","enddate":"20210330","url":"\/th?id=OHR.SwordFern_ZH-CN2589382288_1920x1080.jpg&rf=LaDigue_1920x1080.jpg&pid=hp","urlbase":"\/th?id=OHR.SwordFern_ZH-CN2589382288","copyright":"\u6625\u65e5\u91cc\u7684\u835a\u679c\u8568\u7ec6\u8282\u56fe\uff0c\u534e\u76db\u987f\u5dde (\u00a9 Stephen Matera\/Tandem Stills + Motion)","copyrightlink":"https:\/\/www.bing.com\/search?q=%E8%8D%9A%E6%9E%9C%E8%95%A8&form=hpcapt&mkt=zh-cn","title":"","quiz":"\/search?q=Bing+homepage+quiz&filters=WQOskey:%22HPQuiz_20210329_SwordFern%22&FORM=HPQUIZ","wp":true,"hsh":"44e5cbf95d636c403b031da96eeb0d7a","drk":1,"top":1,"bot":1,"hs":[]}],"tooltips":{"loading":"\u6b63\u5728\u52a0\u8f7d...","previous":"\u4e0a\u4e00\u4e2a\u56fe\u50cf","next":"\u4e0b\u4e00\u4e2a\u56fe\u50cf","walle":"\u6b64\u56fe\u7247\u4e0d\u80fd\u4e0b\u8f7d\u7528\u4f5c\u58c1\u7eb8\u3002","walls":"\u4e0b\u8f7d\u4eca\u65e5\u7f8e\u56fe\u3002\u4ec5\u9650\u7528\u4f5c\u684c\u9762\u58c1\u7eb8\u3002"}}