{"images":[{"startdate":"20210522","fullstartdate":"202105221600","enddate":"20210523","url":"\/th?id=OHR.RoseRoom_ZH-CN1841119971_1920x1080.jpg&rf=LaDigue_1920x1080.jpg&pid=hp","urlbase":"\/th?id=OHR.RoseRoom_ZH-CN1841119971","copyright":"\u7ebd\u7ea6\u516c\u5171\u56fe\u4e66\u9986\u603b\u90e8\u7ffb\u65b0\u540e\u7684\u73ab\u7470\u4e3b\u9605\u89c8\u5ba4\uff0c\u7ebd\u7ea6\u5e02 (\u00a9 Sascha Kilmer\/Getty Images)","copyrightlink":"https:\/\/www.bing.com\/search?q=%E7%BA%BD%E7%BA%A6%E5%85%AC%E5%85%B1%E5%9B%BE%E4%B9%A6%E9%A6%86%E6%80%BB%E9%83%A8&form=hpcapt&mkt=zh-cn","title":"","quiz":"\/search?q=Bing+homepage+quiz&filters=WQOskey:%22HPQuiz_20210522_RoseRoom%22&FORM=HPQUIZ","wp":true,"hsh":"bc02ed00c2115e248d4067ae4012a608","drk":1,"top":1,"bot":1,"hs":[]}],"tooltips":{"loading":"\u6b63\u5728\u52a0\u8f7d...","previous":"\u4e0a\u4e00\u4e2a\u56fe\u50cf","next":"\u4e0b\u4e00\u4e2a\u56fe\u50cf","walle":"\u6b64\u56fe\u7247\u4e0d\u80fd\u4e0b\u8f7d\u7528\u4f5c\u58c1\u7eb8\u3002","walls":"\u4e0b\u8f7d\u4eca\u65e5\u7f8e\u56fe\u3002\u4ec5\u9650\u7528\u4f5c\u684c\u9762\u58c1\u7eb8\u3002"}}