{"images":[{"startdate":"20211208","fullstartdate":"202112081600","enddate":"20211209","url":"\/th?id=OHR.GlowWormBMNP_ZH-CN9173680006_1920x1080.jpg&rf=LaDigue_1920x1080.jpg&pid=hp","urlbase":"\/th?id=OHR.GlowWormBMNP_ZH-CN9173680006","copyright":"\u84dd\u5c71\u56fd\u5bb6\u516c\u56ed\u91cc\u7684\u8424\u706b\u866b\uff0c\u6fb3\u5927\u5229\u4e9a (\u00a9 Leelakajonkij\/Getty Images)","copyrightlink":"https:\/\/www.bing.com\/search?q=%E8%93%9D%E5%B1%B1%E5%9B%BD%E5%AE%B6%E5%85%AC%E5%9B%AD&form=hpcapt&mkt=zh-cn","title":"","quiz":"\/search?q=Bing+homepage+quiz&filters=WQOskey:%22HPQuiz_20211208_GlowWormBMNP%22&FORM=HPQUIZ","wp":true,"hsh":"2da8456845c2ac30539794b7821ece5d","drk":1,"top":1,"bot":1,"hs":[]}],"tooltips":{"loading":"\u6b63\u5728\u52a0\u8f7d...","previous":"\u4e0a\u4e00\u4e2a\u56fe\u50cf","next":"\u4e0b\u4e00\u4e2a\u56fe\u50cf","walle":"\u6b64\u56fe\u7247\u4e0d\u80fd\u4e0b\u8f7d\u7528\u4f5c\u58c1\u7eb8\u3002","walls":"\u4e0b\u8f7d\u4eca\u65e5\u7f8e\u56fe\u3002\u4ec5\u9650\u7528\u4f5c\u684c\u9762\u58c1\u7eb8\u3002"}}