{"images":[{"startdate":"20211223","fullstartdate":"202112231600","enddate":"20211224","url":"\/th?id=OHR.Rauchnachte_ZH-CN6061051054_1920x1080.jpg&rf=LaDigue_1920x1080.jpg&pid=hp","urlbase":"\/th?id=OHR.Rauchnachte_ZH-CN6061051054","copyright":"\u6e56\u7554\u7684\u4e00\u68f5\u5c0f\u5723\u8bde\u6811\uff0c\u5965\u5730\u5229\u9b4f\u68ee\u6e56 (\u00a9 nagelestock\/Alamy)","copyrightlink":"https:\/\/www.bing.com\/search?q=%E5%9C%A3%E8%AF%9E%E6%A0%91&form=hpcapt&mkt=zh-cn","title":"","quiz":"\/search?q=Bing+homepage+quiz&filters=WQOskey:%22HPQuiz_20211223_Rauchnachte%22&FORM=HPQUIZ","wp":true,"hsh":"669081a81de9919aadf50a72ddec9d65","drk":1,"top":1,"bot":1,"hs":[]}],"tooltips":{"loading":"\u6b63\u5728\u52a0\u8f7d...","previous":"\u4e0a\u4e00\u4e2a\u56fe\u50cf","next":"\u4e0b\u4e00\u4e2a\u56fe\u50cf","walle":"\u6b64\u56fe\u7247\u4e0d\u80fd\u4e0b\u8f7d\u7528\u4f5c\u58c1\u7eb8\u3002","walls":"\u4e0b\u8f7d\u4eca\u65e5\u7f8e\u56fe\u3002\u4ec5\u9650\u7528\u4f5c\u684c\u9762\u58c1\u7eb8\u3002"}}