{"images":[{"startdate":"20220217","fullstartdate":"202202171600","enddate":"20220218","url":"\/th?id=OHR.GreatTits_ZH-CN0546267922_1920x1080.jpg&rf=LaDigue_1920x1080.jpg&pid=hp","urlbase":"\/th?id=OHR.GreatTits_ZH-CN0546267922","copyright":"\u51ac\u5929\u6811\u679d\u4e0a\u7684\u5927\u5c71\u96c0\uff0c\u6cd5\u56fd (\u00a9 Eric Ferry\/Alamy)","copyrightlink":"https:\/\/www.bing.com\/search?q=%E5%A4%A7%E5%B1%B1%E9%9B%80&form=hpcapt&mkt=zh-cn","title":"\u4e3a\u540e\u9662\u9e1f\u7c7b\u8ba1\u6570\u7aed\u5c3d\u5168\u529b","quiz":"\/search?q=Bing+homepage+quiz&filters=WQOskey:%22HPQuiz_20220217_GreatTits%22&FORM=HPQUIZ","wp":true,"hsh":"02e4c6e83202f268b160c71314df38dd","drk":1,"top":1,"bot":1,"hs":[]}],"tooltips":{"loading":"\u6b63\u5728\u52a0\u8f7d...","previous":"\u4e0a\u4e00\u4e2a\u56fe\u50cf","next":"\u4e0b\u4e00\u4e2a\u56fe\u50cf","walle":"\u6b64\u56fe\u7247\u4e0d\u80fd\u4e0b\u8f7d\u7528\u4f5c\u58c1\u7eb8\u3002","walls":"\u4e0b\u8f7d\u4eca\u65e5\u7f8e\u56fe\u3002\u4ec5\u9650\u7528\u4f5c\u684c\u9762\u58c1\u7eb8\u3002"}}