{"images":[{"startdate":"20210129","fullstartdate":"202101291600","enddate":"20210130","url":"\/th?id=OHR.BodminFrost_ZH-CN4303222848_1920x1080.jpg&rf=LaDigue_1920x1080.jpg&pid=hp","urlbase":"\/th?id=OHR.BodminFrost_ZH-CN4303222848","copyright":"\u535a\u5fb7\u660e\u9ad8\u6cbc\u4e0a\u5e03\u6717\u5a01\u5229\u5c71\u9e93\u7684\u5e9f\u5f03\u5c0f\u5c4b\uff0c\u82f1\u683c\u5170 (\u00a9 Helen Hotson\/Alamy Stock Photo)","copyrightlink":"https:\/\/www.bing.com\/search?q=%E5%8D%9A%E5%BE%B7%E6%98%8E&form=hpcapt&mkt=zh-cn","title":"","quiz":"\/search?q=Bing+homepage+quiz&filters=WQOskey:%22HPQuiz_20210129_BodminFrost%22&FORM=HPQUIZ","wp":true,"hsh":"1e1efb8a53935783ddfa9af3dc966294","drk":1,"top":1,"bot":1,"hs":[]}],"tooltips":{"loading":"\u6b63\u5728\u52a0\u8f7d...","previous":"\u4e0a\u4e00\u4e2a\u56fe\u50cf","next":"\u4e0b\u4e00\u4e2a\u56fe\u50cf","walle":"\u6b64\u56fe\u7247\u4e0d\u80fd\u4e0b\u8f7d\u7528\u4f5c\u58c1\u7eb8\u3002","walls":"\u4e0b\u8f7d\u4eca\u65e5\u7f8e\u56fe\u3002\u4ec5\u9650\u7528\u4f5c\u684c\u9762\u58c1\u7eb8\u3002"}}