{"images":[{"startdate":"20201225","fullstartdate":"202012251600","enddate":"20201226","url":"\/th?id=OHR.BarnettsDemesne_ZH-CN8484261440_1920x1080.jpg&rf=LaDigue_1920x1080.jpg&pid=hp","urlbase":"\/th?id=OHR.BarnettsDemesne_ZH-CN8484261440","copyright":"Barnett Demesne\u516c\u56ed\u4e2d\u5728\u767d\u96ea\u8986\u76d6\u7684\u5c71\u5761\u4e0a\u73a9\u800d\u7684\u4e00\u5bb6\uff0c\u5317\u7231\u5c14\u5170\u8d1d\u5c14\u6cd5\u65af\u7279 (\u00a9 Stephen Barnes\/Alamy)","copyrightlink":"https:\/\/www.bing.com\/search?q=Barnett+Demesne%E5%85%AC%E5%9B%AD&form=hpcapt&mkt=zh-cn","title":"","quiz":"\/search?q=Bing+homepage+quiz&filters=WQOskey:%22HPQuiz_20201225_BarnettsDemesne%22&FORM=HPQUIZ","wp":true,"hsh":"4303b7127fe4f3447084fb7e88814b06","drk":1,"top":1,"bot":1,"hs":[]}],"tooltips":{"loading":"\u6b63\u5728\u52a0\u8f7d...","previous":"\u4e0a\u4e00\u4e2a\u56fe\u50cf","next":"\u4e0b\u4e00\u4e2a\u56fe\u50cf","walle":"\u6b64\u56fe\u7247\u4e0d\u80fd\u4e0b\u8f7d\u7528\u4f5c\u58c1\u7eb8\u3002","walls":"\u4e0b\u8f7d\u4eca\u65e5\u7f8e\u56fe\u3002\u4ec5\u9650\u7528\u4f5c\u684c\u9762\u58c1\u7eb8\u3002"}}