{"images":[{"startdate":"20211104","fullstartdate":"202111041600","enddate":"20211105","url":"\/th?id=OHR.PontRouge_ZH-CN0788212424_1920x1080.jpg&rf=LaDigue_1920x1080.jpg&pid=hp","urlbase":"\/th?id=OHR.PontRouge_ZH-CN0788212424","copyright":"Pont Rouge (Red Bridge) over the Palmer River in Sainte-Agathe-de-Lotbini\u00e8re, Quebec, Canada (\u00a9 Jean Surprenant\/Getty Images)","copyrightlink":"https:\/\/www.bing.com\/search?q=Pon&form=hpcapt&mkt=zh-cn","title":"","quiz":"\/search?q=Bing+homepage+quiz&filters=WQOskey:%22HPQuiz_20211104_PontRouge%22&FORM=HPQUIZ","wp":true,"hsh":"12d274b8e005a1e928d755375d637d1e","drk":1,"top":1,"bot":1,"hs":[]}],"tooltips":{"loading":"\u6b63\u5728\u52a0\u8f7d...","previous":"\u4e0a\u4e00\u4e2a\u56fe\u50cf","next":"\u4e0b\u4e00\u4e2a\u56fe\u50cf","walle":"\u6b64\u56fe\u7247\u4e0d\u80fd\u4e0b\u8f7d\u7528\u4f5c\u58c1\u7eb8\u3002","walls":"\u4e0b\u8f7d\u4eca\u65e5\u7f8e\u56fe\u3002\u4ec5\u9650\u7528\u4f5c\u684c\u9762\u58c1\u7eb8\u3002"}}