{"images":[{"startdate":"20211031","fullstartdate":"202110311600","enddate":"20211101","url":"\/th?id=OHR.LittleBirds_ZH-CN3637653515_1920x1080.jpg&rf=LaDigue_1920x1080.jpg&pid=hp","urlbase":"\/th?id=OHR.LittleBirds_ZH-CN3637653515","copyright":"\u6d77\u6ee9\u4e0a\u7684\u4e09\u8dbe\u9e6c\uff0c\u6cd5\u56fd\u5e03\u5217\u5854\u5c3c\u5927\u533a (\u00a9 Fabrice Cahez\/Minden Pictures)","copyrightlink":"https:\/\/www.bing.com\/search?q=%E4%B8%89%E8%B6%BE%E9%B9%AC&form=hpcapt&mkt=zh-cn","title":"","quiz":"\/search?q=Bing+homepage+quiz&filters=WQOskey:%22HPQuiz_20211031_LittleBirds%22&FORM=HPQUIZ","wp":true,"hsh":"70d16cb5c4469d89ead455d43f2e2043","drk":1,"top":1,"bot":1,"hs":[]}],"tooltips":{"loading":"\u6b63\u5728\u52a0\u8f7d...","previous":"\u4e0a\u4e00\u4e2a\u56fe\u50cf","next":"\u4e0b\u4e00\u4e2a\u56fe\u50cf","walle":"\u6b64\u56fe\u7247\u4e0d\u80fd\u4e0b\u8f7d\u7528\u4f5c\u58c1\u7eb8\u3002","walls":"\u4e0b\u8f7d\u4eca\u65e5\u7f8e\u56fe\u3002\u4ec5\u9650\u7528\u4f5c\u684c\u9762\u58c1\u7eb8\u3002"}}