{"images":[{"startdate":"20210513","fullstartdate":"202105131600","enddate":"20210514","url":"\/th?id=OHR.AltaFloresta_ZH-CN9153671055_1920x1080.jpg&rf=LaDigue_1920x1080.jpg&pid=hp","urlbase":"\/th?id=OHR.AltaFloresta_ZH-CN9153671055","copyright":"\u4e0a\u5f17\u6d1b\u96f7\u65af\u5854\u9644\u8fd1\u6668\u96fe\u4e2d\u4e9a\u9a6c\u900a\u96e8\u6797\uff0c\u5df4\u897f\u9a6c\u6258\u683c\u7f57\u7d22 (\u00a9 Pulsar Imagens\/Alamy)","copyrightlink":"https:\/\/www.bing.com\/search?q=%E4%BA%9A%E9%A9%AC%E9%80%8A%E9%9B%A8%E6%9E%97&form=hpcapt&mkt=zh-cn","title":"","quiz":"\/search?q=Bing+homepage+quiz&filters=WQOskey:%22HPQuiz_20210513_AltaFloresta%22&FORM=HPQUIZ","wp":true,"hsh":"49675345194eae419cb8ff96cb7a838f","drk":1,"top":1,"bot":1,"hs":[]}],"tooltips":{"loading":"\u6b63\u5728\u52a0\u8f7d...","previous":"\u4e0a\u4e00\u4e2a\u56fe\u50cf","next":"\u4e0b\u4e00\u4e2a\u56fe\u50cf","walle":"\u6b64\u56fe\u7247\u4e0d\u80fd\u4e0b\u8f7d\u7528\u4f5c\u58c1\u7eb8\u3002","walls":"\u4e0b\u8f7d\u4eca\u65e5\u7f8e\u56fe\u3002\u4ec5\u9650\u7528\u4f5c\u684c\u9762\u58c1\u7eb8\u3002"}}