{"images":[{"startdate":"20210704","fullstartdate":"202107041600","enddate":"20210705","url":"\/th?id=OHR.SerraMalagueta_ZH-CN4592152973_1920x1080.jpg&rf=LaDigue_1920x1080.jpg&pid=hp","urlbase":"\/th?id=OHR.SerraMalagueta_ZH-CN4592152973","copyright":"Serra da Malagueta\u5c71\u8109\uff0c\u4f5b\u5f97\u89d2\u5723\u5730\u4e9a\u54e5\u5c9b (\u00a9 Samuel Borges Photography\/Shutterstock)","copyrightlink":"https:\/\/www.bing.com\/search?q=%E5%9C%A3%E5%9C%B0%E4%BA%9A%E5%93%A5%E5%B2%9B&form=hpcapt&mkt=zh-cn","title":"","quiz":"\/search?q=Bing+homepage+quiz&filters=WQOskey:%22HPQuiz_20210704_SerraMalagueta%22&FORM=HPQUIZ","wp":true,"hsh":"e02bf03ea63e114a9817a42c73592747","drk":1,"top":1,"bot":1,"hs":[]}],"tooltips":{"loading":"\u6b63\u5728\u52a0\u8f7d...","previous":"\u4e0a\u4e00\u4e2a\u56fe\u50cf","next":"\u4e0b\u4e00\u4e2a\u56fe\u50cf","walle":"\u6b64\u56fe\u7247\u4e0d\u80fd\u4e0b\u8f7d\u7528\u4f5c\u58c1\u7eb8\u3002","walls":"\u4e0b\u8f7d\u4eca\u65e5\u7f8e\u56fe\u3002\u4ec5\u9650\u7528\u4f5c\u684c\u9762\u58c1\u7eb8\u3002"}}