{"images":[{"startdate":"20210106","fullstartdate":"202101061600","enddate":"20210107","url":"\/th?id=OHR.WhiteCliffs_ZH-CN9314988447_1920x1080.jpg&rf=LaDigue_1920x1080.jpg&pid=hp","urlbase":"\/th?id=OHR.WhiteCliffs_ZH-CN9314988447","copyright":"\u591a\u4f5b\u5c14\u767d\u5d16\uff0c\u82f1\u56fd\u591a\u4f5b\u5c14 (\u00a9 LisaValder\/Getty Images)","copyrightlink":"https:\/\/www.bing.com\/search?q=%E5%A4%9A%E4%BD%9B%E5%B0%94%E7%99%BD%E5%B4%96&form=hpcapt&mkt=zh-cn","title":"","quiz":"\/search?q=Bing+homepage+quiz&filters=WQOskey:%22HPQuiz_20210106_WhiteCliffs%22&FORM=HPQUIZ","wp":true,"hsh":"3c5cb3644cac4be574893d41bcbf9ab2","drk":1,"top":1,"bot":1,"hs":[]}],"tooltips":{"loading":"\u6b63\u5728\u52a0\u8f7d...","previous":"\u4e0a\u4e00\u4e2a\u56fe\u50cf","next":"\u4e0b\u4e00\u4e2a\u56fe\u50cf","walle":"\u6b64\u56fe\u7247\u4e0d\u80fd\u4e0b\u8f7d\u7528\u4f5c\u58c1\u7eb8\u3002","walls":"\u4e0b\u8f7d\u4eca\u65e5\u7f8e\u56fe\u3002\u4ec5\u9650\u7528\u4f5c\u684c\u9762\u58c1\u7eb8\u3002"}}