{"images":[{"startdate":"20211109","fullstartdate":"202111091600","enddate":"20211110","url":"\/th?id=OHR.CumberlandSeashore_ZH-CN1662936356_1920x1080.jpg&rf=LaDigue_1920x1080.jpg&pid=hp","urlbase":"\/th?id=OHR.CumberlandSeashore_ZH-CN1662936356","copyright":"\u574e\u4f2f\u5170\u5c9b\u56fd\u5bb6\u6d77\u5cb8\uff0c\u7f8e\u56fd\u4f50\u6cbb\u4e9a\u5dde (\u00a9 Wilsilver77\/Getty Images Plus)","copyrightlink":"https:\/\/www.bing.com\/search?q=%E5%9D%8E%E4%BC%AF%E5%85%B0%E5%B2%9B%E5%9B%BD%E5%AE%B6%E6%B5%B7%E5%B2%B8&form=hpcapt&mkt=zh-cn","title":"","quiz":"\/search?q=Bing+homepage+quiz&filters=WQOskey:%22HPQuiz_20211109_CumberlandSeashore%22&FORM=HPQUIZ","wp":true,"hsh":"b327c26afd965f19ec5d065eace60b46","drk":1,"top":1,"bot":1,"hs":[]}],"tooltips":{"loading":"\u6b63\u5728\u52a0\u8f7d...","previous":"\u4e0a\u4e00\u4e2a\u56fe\u50cf","next":"\u4e0b\u4e00\u4e2a\u56fe\u50cf","walle":"\u6b64\u56fe\u7247\u4e0d\u80fd\u4e0b\u8f7d\u7528\u4f5c\u58c1\u7eb8\u3002","walls":"\u4e0b\u8f7d\u4eca\u65e5\u7f8e\u56fe\u3002\u4ec5\u9650\u7528\u4f5c\u684c\u9762\u58c1\u7eb8\u3002"}}