{"images":[{"startdate":"20210920","fullstartdate":"202109201600","enddate":"20210921","url":"\/th?id=OHR.MidAutumnFestival2021_ZH-CN7657484762_1920x1080.jpg&rf=LaDigue_1920x1080.jpg&pid=hp","urlbase":"\/th?id=OHR.MidAutumnFestival2021_ZH-CN7657484762","copyright":"\u3010\u4e2d\u79cb\u5feb\u4e50\u3011 \uff08 \u00a9 shutterstock \uff09","copyrightlink":"https:\/\/www.bing.com\/search?q=%E4%B8%AD%E7%A7%8B&form=hpcapt&mkt=zh-cn","title":"","quiz":"\/search?q=Bing+homepage+quiz&filters=WQOskey:%22HPQuiz_20210920_MidAutumnFestival2021%22&FORM=HPQUIZ","wp":true,"hsh":"56419dff6949b71c5e255f35d779f39f","drk":1,"top":1,"bot":1,"hs":[]}],"tooltips":{"loading":"\u6b63\u5728\u52a0\u8f7d...","previous":"\u4e0a\u4e00\u4e2a\u56fe\u50cf","next":"\u4e0b\u4e00\u4e2a\u56fe\u50cf","walle":"\u6b64\u56fe\u7247\u4e0d\u80fd\u4e0b\u8f7d\u7528\u4f5c\u58c1\u7eb8\u3002","walls":"\u4e0b\u8f7d\u4eca\u65e5\u7f8e\u56fe\u3002\u4ec5\u9650\u7528\u4f5c\u684c\u9762\u58c1\u7eb8\u3002"}}