{"images":[{"startdate":"20211014","fullstartdate":"202110141600","enddate":"20211015","url":"\/th?id=OHR.ProseccoHills_ZH-CN3931715664_1920x1080.jpg&rf=LaDigue_1920x1080.jpg&pid=hp","urlbase":"\/th?id=OHR.ProseccoHills_ZH-CN3931715664","copyright":"\u4e16\u754c\u8457\u540d\u6c14\u6ce1\u9152\u4ea7\u5730\u666e\u7f57\u585e\u514b\u5c71\u4e18,\u610f\u5927\u5229\u5a01\u5c3c\u6258 (\u00a9 Olimpio Fantuz\/Sime\/eStock Photo)","copyrightlink":"https:\/\/www.bing.com\/search?q=%E6%99%AE%E7%BD%97%E5%A1%9E%E5%85%8B%E5%B1%B1%E4%B8%98&form=hpcapt&mkt=zh-cn","title":"","quiz":"\/search?q=Bing+homepage+quiz&filters=WQOskey:%22HPQuiz_20211014_ProseccoHills%22&FORM=HPQUIZ","wp":true,"hsh":"e13cb7b7a6b04b06261a19ded604ac5a","drk":1,"top":1,"bot":1,"hs":[]}],"tooltips":{"loading":"\u6b63\u5728\u52a0\u8f7d...","previous":"\u4e0a\u4e00\u4e2a\u56fe\u50cf","next":"\u4e0b\u4e00\u4e2a\u56fe\u50cf","walle":"\u6b64\u56fe\u7247\u4e0d\u80fd\u4e0b\u8f7d\u7528\u4f5c\u58c1\u7eb8\u3002","walls":"\u4e0b\u8f7d\u4eca\u65e5\u7f8e\u56fe\u3002\u4ec5\u9650\u7528\u4f5c\u684c\u9762\u58c1\u7eb8\u3002"}}