{"images":[{"startdate":"20211013","fullstartdate":"202110131600","enddate":"20211014","url":"\/th?id=OHR.SaguaroFamily_ZH-CN3845395676_1920x1080.jpg&rf=LaDigue_1920x1080.jpg&pid=hp","urlbase":"\/th?id=OHR.SaguaroFamily_ZH-CN3845395676","copyright":"\u661f\u7a7a\u4e0b\u7684\u4ed9\u4eba\u638c\u5bb6\u65cf\uff0c\u7f8e\u56fd\u8428\u74dc\u7f57\u56fd\u5bb6\u516c\u56ed (\u00a9 Christian Foto Az\/Shutterstock)","copyrightlink":"https:\/\/www.bing.com\/search?q=%E8%90%A8%E7%93%9C%E7%BD%97%E5%9B%BD%E5%AE%B6%E5%85%AC%E5%9B%AD&form=hpcapt&mkt=zh-cn","title":"","quiz":"\/search?q=Bing+homepage+quiz&filters=WQOskey:%22HPQuiz_20211013_SaguaroFamily%22&FORM=HPQUIZ","wp":true,"hsh":"6b8496776db1c256837b5f3b8312c8b5","drk":1,"top":1,"bot":1,"hs":[]}],"tooltips":{"loading":"\u6b63\u5728\u52a0\u8f7d...","previous":"\u4e0a\u4e00\u4e2a\u56fe\u50cf","next":"\u4e0b\u4e00\u4e2a\u56fe\u50cf","walle":"\u6b64\u56fe\u7247\u4e0d\u80fd\u4e0b\u8f7d\u7528\u4f5c\u58c1\u7eb8\u3002","walls":"\u4e0b\u8f7d\u4eca\u65e5\u7f8e\u56fe\u3002\u4ec5\u9650\u7528\u4f5c\u684c\u9762\u58c1\u7eb8\u3002"}}