{"images":[{"startdate":"20220427","fullstartdate":"202204271600","enddate":"20220428","url":"\/th?id=OHR.GreatRidge_ZH-CN6165605288_1920x1080.jpg&rf=LaDigue_1920x1080.jpg&pid=hp","urlbase":"\/th?id=OHR.GreatRidge_ZH-CN6165605288","copyright":"\u5927\u810a\u5c71\uff0c\u82f1\u683c\u5170\u5cf0\u533a\u56fd\u5bb6\u516c\u56ed (\u00a9 John Finney Photography\/Moment\/Getty Images)","copyrightlink":"https:\/\/www.bing.com\/search?q=%E8%8B%B1%E6%A0%BC%E5%85%B0%E5%B3%B0%E5%8C%BA%E5%9B%BD%E5%AE%B6%E5%85%AC%E5%9B%AD&form=hpcapt&mkt=zh-cn","title":"\u5e86\u795d\u6f2b\u6e38\u6743","quiz":"\/search?q=Bing+homepage+quiz&filters=WQOskey:%22HPQuiz_20220427_GreatRidge%22&FORM=HPQUIZ","wp":true,"hsh":"bbab6facc103349e7cc6a2d6dd5e24c0","drk":1,"top":1,"bot":1,"hs":[]}],"tooltips":{"loading":"\u6b63\u5728\u52a0\u8f7d...","previous":"\u4e0a\u4e00\u4e2a\u56fe\u50cf","next":"\u4e0b\u4e00\u4e2a\u56fe\u50cf","walle":"\u6b64\u56fe\u7247\u4e0d\u80fd\u4e0b\u8f7d\u7528\u4f5c\u58c1\u7eb8\u3002","walls":"\u4e0b\u8f7d\u4eca\u65e5\u7f8e\u56fe\u3002\u4ec5\u9650\u7528\u4f5c\u684c\u9762\u58c1\u7eb8\u3002"}}