{"images":[{"startdate":"20210131","fullstartdate":"202101311600","enddate":"20210201","url":"\/th?id=OHR.ToledoIldefonso_ZH-CN4507206651_1920x1080.jpg&rf=LaDigue_1920x1080.jpg&pid=hp","urlbase":"\/th?id=OHR.ToledoIldefonso_ZH-CN4507206651","copyright":"\u65e5\u843d\u540e\u7684\u6258\u83b1\u591a\u5168\u666f\uff0c\u897f\u73ed\u7259 (\u00a9 Frank Fischbach\/Alamy)","copyrightlink":"https:\/\/www.bing.com\/search?q=%E6%89%98%E8%8E%B1%E5%A4%9A&form=hpcapt&mkt=zh-cn","title":"","quiz":"\/search?q=Bing+homepage+quiz&filters=WQOskey:%22HPQuiz_20210131_ToledoIldefonso%22&FORM=HPQUIZ","wp":true,"hsh":"dbfcbf635be701e10f0bf1d9cf25520f","drk":1,"top":1,"bot":1,"hs":[]}],"tooltips":{"loading":"\u6b63\u5728\u52a0\u8f7d...","previous":"\u4e0a\u4e00\u4e2a\u56fe\u50cf","next":"\u4e0b\u4e00\u4e2a\u56fe\u50cf","walle":"\u6b64\u56fe\u7247\u4e0d\u80fd\u4e0b\u8f7d\u7528\u4f5c\u58c1\u7eb8\u3002","walls":"\u4e0b\u8f7d\u4eca\u65e5\u7f8e\u56fe\u3002\u4ec5\u9650\u7528\u4f5c\u684c\u9762\u58c1\u7eb8\u3002"}}