{"images":[{"startdate":"20211110","fullstartdate":"202111101600","enddate":"20211111","url":"\/th?id=OHR.NohsngithiangFalls_ZH-CN1819466830_1920x1080.jpg&rf=LaDigue_1920x1080.jpg&pid=hp","urlbase":"\/th?id=OHR.NohsngithiangFalls_ZH-CN1819466830","copyright":"\u6885\u52a0\u62c9\u4e9a\u90a6\u7684\u4e03\u59d0\u59b9\u7011\u5e03\uff0c\u5370\u5ea6 (\u00a9 Upamanyoo Das\/Shutterstock)","copyrightlink":"https:\/\/www.bing.com\/search?q=%E7%80%91%E5%B8%83&form=hpcapt&mkt=zh-cn","title":"","quiz":"\/search?q=Bing+homepage+quiz&filters=WQOskey:%22HPQuiz_20211110_NohsngithiangFalls%22&FORM=HPQUIZ","wp":true,"hsh":"5acd3d9d5d9bd495954c7aaeacdf6ec7","drk":1,"top":1,"bot":1,"hs":[]}],"tooltips":{"loading":"\u6b63\u5728\u52a0\u8f7d...","previous":"\u4e0a\u4e00\u4e2a\u56fe\u50cf","next":"\u4e0b\u4e00\u4e2a\u56fe\u50cf","walle":"\u6b64\u56fe\u7247\u4e0d\u80fd\u4e0b\u8f7d\u7528\u4f5c\u58c1\u7eb8\u3002","walls":"\u4e0b\u8f7d\u4eca\u65e5\u7f8e\u56fe\u3002\u4ec5\u9650\u7528\u4f5c\u684c\u9762\u58c1\u7eb8\u3002"}}