{"images":[{"startdate":"20220331","fullstartdate":"202203311600","enddate":"20220401","url":"\/th?id=OHR.HawaMahalJaipur_ZH-CN3863273823_1920x1080.jpg&rf=LaDigue_1920x1080.jpg&pid=hp","urlbase":"\/th?id=OHR.HawaMahalJaipur_ZH-CN3863273823","copyright":"\u54c8\u74e6\u6cf0\u59ec\u9675\uff0c\u5370\u5ea6\u62c9\u8d3e\u65af\u5766\u90a6\uff0c\u658b\u6d66\u5c14\u5e02 (\u00a9 Mazur Travel\/Shutterstock)","copyrightlink":"https:\/\/www.bing.com\/search?q=%E5%9F%83%E5%8F%8A&form=hpcapt&mkt=zh-cn","title":"\u671d\u5411\u4e16\u754c\u7684\u7687\u5bb6\u7a97\u53e3","quiz":"\/search?q=Bing+homepage+quiz&filters=WQOskey:%22HPQuiz_20220331_HawaMahalJaipur%22&FORM=HPQUIZ","wp":true,"hsh":"ba0298793885de6cb666364cfc8b7303","drk":1,"top":1,"bot":1,"hs":[]}],"tooltips":{"loading":"\u6b63\u5728\u52a0\u8f7d...","previous":"\u4e0a\u4e00\u4e2a\u56fe\u50cf","next":"\u4e0b\u4e00\u4e2a\u56fe\u50cf","walle":"\u6b64\u56fe\u7247\u4e0d\u80fd\u4e0b\u8f7d\u7528\u4f5c\u58c1\u7eb8\u3002","walls":"\u4e0b\u8f7d\u4eca\u65e5\u7f8e\u56fe\u3002\u4ec5\u9650\u7528\u4f5c\u684c\u9762\u58c1\u7eb8\u3002"}}