{"images":[{"startdate":"20220321","fullstartdate":"202203211600","enddate":"20220322","url":"\/th?id=OHR.ThousandSprings_ZH-CN7431323804_1920x1080.jpg&rf=LaDigue_1920x1080.jpg&pid=hp","urlbase":"\/th?id=OHR.ThousandSprings_ZH-CN7431323804","copyright":"\u5343\u6cc9\u5dde\u7acb\u516c\u56ed\u7684\u7011\u5e03\uff0c\u7f8e\u56fd\u7231\u8fbe\u8377\u5dde (\u00a9 knowlesgallery\/Getty Images)","copyrightlink":"https:\/\/www.bing.com\/search?q=%E7%88%B1%E8%BE%BE%E8%8D%B7%E5%B7%9E&form=hpcapt&mkt=zh-cn","title":"\u4ec0\u4e48\u662f\u5730\u7403\u4e0a\u6700\u73cd\u8d35\u7684\u8d44\u6e90\uff1f","quiz":"\/search?q=Bing+homepage+quiz&filters=WQOskey:%22HPQuiz_20220321_ThousandSprings%22&FORM=HPQUIZ","wp":true,"hsh":"65d449b4a479af17b550323003fd20a5","drk":1,"top":1,"bot":1,"hs":[]}],"tooltips":{"loading":"\u6b63\u5728\u52a0\u8f7d...","previous":"\u4e0a\u4e00\u4e2a\u56fe\u50cf","next":"\u4e0b\u4e00\u4e2a\u56fe\u50cf","walle":"\u6b64\u56fe\u7247\u4e0d\u80fd\u4e0b\u8f7d\u7528\u4f5c\u58c1\u7eb8\u3002","walls":"\u4e0b\u8f7d\u4eca\u65e5\u7f8e\u56fe\u3002\u4ec5\u9650\u7528\u4f5c\u684c\u9762\u58c1\u7eb8\u3002"}}