{"images":[{"startdate":"20220502","fullstartdate":"202205021600","enddate":"20220503","url":"\/th?id=OHR.DuckHen_ZH-CN6493617016_1920x1080.jpg&rf=LaDigue_1920x1080.jpg&pid=hp","urlbase":"\/th?id=OHR.DuckHen_ZH-CN6493617016","copyright":"\u9e33\u9e2f\u5988\u5988\u548c\u5c0f\u9e33\u9e2f\u4eec\uff0c\u97e9\u56fd (\u00a9 VDCM image\/Getty Images)","copyrightlink":"https:\/\/www.bing.com\/search?q=%E9%B8%B3%E9%B8%AF&form=hpcapt&mkt=zh-cn","title":"\u8fd9\u8282\u6e38\u6cf3\u8bfe\u8fdb\u884c\u5f97\u5f88\u987a\u5229","quiz":"\/search?q=Bing+homepage+quiz&filters=WQOskey:%22HPQuiz_20220502_DuckHen%22&FORM=HPQUIZ","wp":true,"hsh":"ebac0300c5e17d8a0d7dd15bd7b682c4","drk":1,"top":1,"bot":1,"hs":[]}],"tooltips":{"loading":"\u6b63\u5728\u52a0\u8f7d...","previous":"\u4e0a\u4e00\u4e2a\u56fe\u50cf","next":"\u4e0b\u4e00\u4e2a\u56fe\u50cf","walle":"\u6b64\u56fe\u7247\u4e0d\u80fd\u4e0b\u8f7d\u7528\u4f5c\u58c1\u7eb8\u3002","walls":"\u4e0b\u8f7d\u4eca\u65e5\u7f8e\u56fe\u3002\u4ec5\u9650\u7528\u4f5c\u684c\u9762\u58c1\u7eb8\u3002"}}