{"images":[{"startdate":"20220326","fullstartdate":"202203261600","enddate":"20220327","url":"\/th?id=OHR.TeatroAntico_ZH-CN7370959605_1920x1080.jpg&rf=LaDigue_1920x1080.jpg&pid=hp","urlbase":"\/th?id=OHR.TeatroAntico_ZH-CN7370959605","copyright":"\u9676\u5c14\u7c73\u7eb3\u53e4\u5267\u9662\uff0c\u610f\u5927\u5229\u897f\u897f\u91cc\u5c9b (\u00a9 Antonino Bartuccio\/eStock Photo)","copyrightlink":"https:\/\/www.bing.com\/search?q=%E8%A5%BF%E8%A5%BF%E9%87%8C%E5%B2%9B&form=hpcapt&mkt=zh-cn","title":"\u620f\u5267\u6f14\u51fa","quiz":"\/search?q=Bing+homepage+quiz&filters=WQOskey:%22HPQuiz_20220326_TeatroAntico%22&FORM=HPQUIZ","wp":true,"hsh":"7b91ef2ca1c93abe9bc878c63f1713ff","drk":1,"top":1,"bot":1,"hs":[]}],"tooltips":{"loading":"\u6b63\u5728\u52a0\u8f7d...","previous":"\u4e0a\u4e00\u4e2a\u56fe\u50cf","next":"\u4e0b\u4e00\u4e2a\u56fe\u50cf","walle":"\u6b64\u56fe\u7247\u4e0d\u80fd\u4e0b\u8f7d\u7528\u4f5c\u58c1\u7eb8\u3002","walls":"\u4e0b\u8f7d\u4eca\u65e5\u7f8e\u56fe\u3002\u4ec5\u9650\u7528\u4f5c\u684c\u9762\u58c1\u7eb8\u3002"}}