{"images":[{"startdate":"20220106","fullstartdate":"202201061600","enddate":"20220107","url":"\/th?id=OHR.FortedeSao_ZH-CN0093358703_1920x1080.jpg&rf=LaDigue_1920x1080.jpg&pid=hp","urlbase":"\/th?id=OHR.FortedeSao_ZH-CN0093358703","copyright":"\u7eb3\u624e\u96f7\u706f\u5854\uff0c\u8461\u8404\u7259 (\u00a9 Richard A Lock\/Getty Images)","copyrightlink":"https:\/\/www.bing.com\/search?q=%E8%91%A1%E8%90%84%E7%89%99%E7%BA%B3%E6%89%8E%E9%9B%B7&form=hpcapt&mkt=zh-cn","title":"","quiz":"\/search?q=Bing+homepage+quiz&filters=WQOskey:%22HPQuiz_20220106_FortedeSao%22&FORM=HPQUIZ","wp":true,"hsh":"cad2497aaed3e05a8876272da7cbbc5f","drk":1,"top":1,"bot":1,"hs":[]}],"tooltips":{"loading":"\u6b63\u5728\u52a0\u8f7d...","previous":"\u4e0a\u4e00\u4e2a\u56fe\u50cf","next":"\u4e0b\u4e00\u4e2a\u56fe\u50cf","walle":"\u6b64\u56fe\u7247\u4e0d\u80fd\u4e0b\u8f7d\u7528\u4f5c\u58c1\u7eb8\u3002","walls":"\u4e0b\u8f7d\u4eca\u65e5\u7f8e\u56fe\u3002\u4ec5\u9650\u7528\u4f5c\u684c\u9762\u58c1\u7eb8\u3002"}}