{"images":[{"startdate":"20210411","fullstartdate":"202104111600","enddate":"20210412","url":"\/th?id=OHR.YurisNight_ZH-CN5738817931_1920x1080.jpg&rf=LaDigue_1920x1080.jpg&pid=hp","urlbase":"\/th?id=OHR.YurisNight_ZH-CN5738817931","copyright":"\u5b87\u822a\u5458\u6770\u592b\u00b7\u5a01\u5ec9\u59c6\u65af\u5728\u56fd\u9645\u7a7a\u95f4\u7ad9\u62cd\u6444\u5230\u7684\u5730\u7403 (\u00a9 Jeff Williams\/NASA)","copyrightlink":"https:\/\/www.bing.com\/search?q=%E5%9C%B0%E7%90%83&form=hpcapt&mkt=zh-cn","title":"","quiz":"\/search?q=Bing+homepage+quiz&filters=WQOskey:%22HPQuiz_20210411_YurisNight%22&FORM=HPQUIZ","wp":true,"hsh":"a758a1e966ec9798cf9e8b0a8145eddc","drk":1,"top":1,"bot":1,"hs":[]}],"tooltips":{"loading":"\u6b63\u5728\u52a0\u8f7d...","previous":"\u4e0a\u4e00\u4e2a\u56fe\u50cf","next":"\u4e0b\u4e00\u4e2a\u56fe\u50cf","walle":"\u6b64\u56fe\u7247\u4e0d\u80fd\u4e0b\u8f7d\u7528\u4f5c\u58c1\u7eb8\u3002","walls":"\u4e0b\u8f7d\u4eca\u65e5\u7f8e\u56fe\u3002\u4ec5\u9650\u7528\u4f5c\u684c\u9762\u58c1\u7eb8\u3002"}}