{"images":[{"startdate":"20220327","fullstartdate":"202203271600","enddate":"20220328","url":"\/th?id=OHR.Kawachi_ZH-CN6964965791_1920x1080.jpg&rf=LaDigue_1920x1080.jpg&pid=hp","urlbase":"\/th?id=OHR.Kawachi_ZH-CN6964965791","copyright":"\u6cb3\u5185\u85e4\u56ed\u91cc\u68a6\u5e7b\u7684\u7d2b\u85e4\u82b1\uff0c\u65e5\u672c\u5317\u4e5d\u5dde\u5e02 (\u00a9 Steve Tan C K Photography\/Getty Images)","copyrightlink":"https:\/\/www.bing.com\/search?q=%E6%B2%B3%E5%86%85%E8%97%A4%E5%9B%AD&form=hpcapt&mkt=zh-cn","title":"\u65e5\u672c\u7684\u7d2b\u8272\u5929\u5802","quiz":"\/search?q=Bing+homepage+quiz&filters=WQOskey:%22HPQuiz_20220327_Kawachi%22&FORM=HPQUIZ","wp":true,"hsh":"85bab011755f396e872b4a6fbae107a7","drk":1,"top":1,"bot":1,"hs":[]}],"tooltips":{"loading":"\u6b63\u5728\u52a0\u8f7d...","previous":"\u4e0a\u4e00\u4e2a\u56fe\u50cf","next":"\u4e0b\u4e00\u4e2a\u56fe\u50cf","walle":"\u6b64\u56fe\u7247\u4e0d\u80fd\u4e0b\u8f7d\u7528\u4f5c\u58c1\u7eb8\u3002","walls":"\u4e0b\u8f7d\u4eca\u65e5\u7f8e\u56fe\u3002\u4ec5\u9650\u7528\u4f5c\u684c\u9762\u58c1\u7eb8\u3002"}}