{"images":[{"startdate":"20210319","fullstartdate":"202103191600","enddate":"20210320","url":"\/th?id=OHR.ParnidisSundial_ZH-CN9575177836_1920x1080.jpg&rf=LaDigue_1920x1080.jpg&pid=hp","urlbase":"\/th?id=OHR.ParnidisSundial_ZH-CN9575177836","copyright":"\u5e15\u5c3c\u8fea\u65af\u6c99\u4e18\u4e0a\u7684\u65e5\u6677\uff0c\u7acb\u9676\u5b9b\u5e93\u5c14\u65af\u6c99\u5634 (\u00a9 amoklv\/Getty Images)","copyrightlink":"https:\/\/www.bing.com\/search?q=%E5%BA%93%E5%B0%94%E6%96%AF%E6%B2%99%E5%98%B4&form=hpcapt&mkt=zh-cn","title":"","quiz":"\/search?q=Bing+homepage+quiz&filters=WQOskey:%22HPQuiz_20210319_ParnidisSundial%22&FORM=HPQUIZ","wp":true,"hsh":"3670f7d6b089c40b7a7f3db7f689e210","drk":1,"top":1,"bot":1,"hs":[]}],"tooltips":{"loading":"\u6b63\u5728\u52a0\u8f7d...","previous":"\u4e0a\u4e00\u4e2a\u56fe\u50cf","next":"\u4e0b\u4e00\u4e2a\u56fe\u50cf","walle":"\u6b64\u56fe\u7247\u4e0d\u80fd\u4e0b\u8f7d\u7528\u4f5c\u58c1\u7eb8\u3002","walls":"\u4e0b\u8f7d\u4eca\u65e5\u7f8e\u56fe\u3002\u4ec5\u9650\u7528\u4f5c\u684c\u9762\u58c1\u7eb8\u3002"}}