{"images":[{"startdate":"20220416","fullstartdate":"202204161600","enddate":"20220417","url":"\/th?id=OHR.RobinsEgg_ZH-CN0838507211_1920x1080.jpg&rf=LaDigue_1920x1080.jpg&pid=hp","urlbase":"\/th?id=OHR.RobinsEgg_ZH-CN0838507211","copyright":"\u84dd\u8272\u7684\u7f8e\u6d32\u77e5\u66f4\u9e1f\u86cb\uff0c\u65b0\u6cfd\u897f\u5dde (\u00a9 Mira\/Alamy)","copyrightlink":"https:\/\/www.bing.com\/search?q=%E5%A4%8D%E6%B4%BB%E8%8A%82&form=hpcapt&mkt=zh-cn","title":"\u8fd9\u4e9b\u9e21\u86cb\u4e0d\u9700\u8981\u67d3\u8272","quiz":"\/search?q=Bing+homepage+quiz&filters=WQOskey:%22HPQuiz_20220416_RobinsEgg%22&FORM=HPQUIZ","wp":true,"hsh":"5d3f36fe3e1e36d5a19b0046c9fe7323","drk":1,"top":1,"bot":1,"hs":[]}],"tooltips":{"loading":"\u6b63\u5728\u52a0\u8f7d...","previous":"\u4e0a\u4e00\u4e2a\u56fe\u50cf","next":"\u4e0b\u4e00\u4e2a\u56fe\u50cf","walle":"\u6b64\u56fe\u7247\u4e0d\u80fd\u4e0b\u8f7d\u7528\u4f5c\u58c1\u7eb8\u3002","walls":"\u4e0b\u8f7d\u4eca\u65e5\u7f8e\u56fe\u3002\u4ec5\u9650\u7528\u4f5c\u684c\u9762\u58c1\u7eb8\u3002"}}