{"images":[{"startdate":"20210803","fullstartdate":"202108031600","enddate":"20210804","url":"\/th?id=OHR.Neofelis_ZH-CN4637223865_1920x1080.jpg&rf=LaDigue_1920x1080.jpg&pid=hp","urlbase":"\/th?id=OHR.Neofelis_ZH-CN4637223865","copyright":"\u4e91\u8c79 (\u00a9 Dhritiman Mukherjee\/Alamy)","copyrightlink":"https:\/\/www.bing.com\/search?q=%E8%B6%B4%E5%9C%A8%E6%A0%91%E6%9E%9D%E4%B8%8A%E7%9A%84%E4%BA%91%E8%B1%B9&form=hpcapt&mkt=zh-cn","title":"","quiz":"\/search?q=Bing+homepage+quiz&filters=WQOskey:%22HPQuiz_20210803_Neofelis%22&FORM=HPQUIZ","wp":true,"hsh":"c11d48b3a49d97e307f974fc9e844943","drk":1,"top":1,"bot":1,"hs":[]}],"tooltips":{"loading":"\u6b63\u5728\u52a0\u8f7d...","previous":"\u4e0a\u4e00\u4e2a\u56fe\u50cf","next":"\u4e0b\u4e00\u4e2a\u56fe\u50cf","walle":"\u6b64\u56fe\u7247\u4e0d\u80fd\u4e0b\u8f7d\u7528\u4f5c\u58c1\u7eb8\u3002","walls":"\u4e0b\u8f7d\u4eca\u65e5\u7f8e\u56fe\u3002\u4ec5\u9650\u7528\u4f5c\u684c\u9762\u58c1\u7eb8\u3002"}}