{"images":[{"startdate":"20220111","fullstartdate":"202201111600","enddate":"20220112","url":"\/th?id=OHR.FanjingStairs_ZH-CN0360402048_1920x1080.jpg&rf=LaDigue_1920x1080.jpg&pid=hp","urlbase":"\/th?id=OHR.FanjingStairs_ZH-CN0360402048","copyright":"\u68b5\u51c0\u5c71\uff0c\u4e2d\u56fd\u897f\u5357\u90e8 (\u00a9 zhuxiaophotography\/Shutterstock)","copyrightlink":"https:\/\/www.bing.com\/search?q=%E6%A2%B5%E5%87%80%E5%B1%B1&form=hpcapt&mkt=zh-cn","title":"","quiz":"\/search?q=Bing+homepage+quiz&filters=WQOskey:%22HPQuiz_20220111_FanjingStairs%22&FORM=HPQUIZ","wp":true,"hsh":"85fb67c5fe2ad0f407b6162fc8aafe29","drk":1,"top":1,"bot":1,"hs":[]}],"tooltips":{"loading":"\u6b63\u5728\u52a0\u8f7d...","previous":"\u4e0a\u4e00\u4e2a\u56fe\u50cf","next":"\u4e0b\u4e00\u4e2a\u56fe\u50cf","walle":"\u6b64\u56fe\u7247\u4e0d\u80fd\u4e0b\u8f7d\u7528\u4f5c\u58c1\u7eb8\u3002","walls":"\u4e0b\u8f7d\u4eca\u65e5\u7f8e\u56fe\u3002\u4ec5\u9650\u7528\u4f5c\u684c\u9762\u58c1\u7eb8\u3002"}}