{"images":[{"startdate":"20201226","fullstartdate":"202012261600","enddate":"20201227","url":"\/th?id=OHR.IbonPlan_ZH-CN8564017247_1920x1080.jpg&rf=LaDigue_1920x1080.jpg&pid=hp","urlbase":"\/th?id=OHR.IbonPlan_ZH-CN8564017247","copyright":"\u6bd4\u5229\u725b\u65af\u5c71\u8109\u4e2d\u7684\u9ad8\u5c71\u6e56Ib\u00f3n de Plan\uff0c\u897f\u73ed\u7259\u97e6\u65af\u5361 (\u00a9 Getty Images)","copyrightlink":"https:\/\/www.bing.com\/search?q=%E6%AF%94%E5%88%A9%E7%89%9B%E6%96%AF%E5%B1%B1%E8%84%89&form=hpcapt&mkt=zh-cn","title":"","quiz":"\/search?q=Bing+homepage+quiz&filters=WQOskey:%22HPQuiz_20201226_IbonPlan%22&FORM=HPQUIZ","wp":true,"hsh":"1c188e63e56e5409fc117089c00cd877","drk":1,"top":1,"bot":1,"hs":[]}],"tooltips":{"loading":"\u6b63\u5728\u52a0\u8f7d...","previous":"\u4e0a\u4e00\u4e2a\u56fe\u50cf","next":"\u4e0b\u4e00\u4e2a\u56fe\u50cf","walle":"\u6b64\u56fe\u7247\u4e0d\u80fd\u4e0b\u8f7d\u7528\u4f5c\u58c1\u7eb8\u3002","walls":"\u4e0b\u8f7d\u4eca\u65e5\u7f8e\u56fe\u3002\u4ec5\u9650\u7528\u4f5c\u684c\u9762\u58c1\u7eb8\u3002"}}