{"images":[{"startdate":"20210121","fullstartdate":"202101211600","enddate":"20210122","url":"\/th?id=OHR.BloodyBrook_ZH-CN6505728233_1920x1080.jpg&rf=LaDigue_1920x1080.jpg&pid=hp","urlbase":"\/th?id=OHR.BloodyBrook_ZH-CN6505728233","copyright":"\u6a2a\u8de8\u5eb7\u6d85\u72c4\u683c\u6cb3\u7554\u8840\u6eaa\u7684\u94c1\u8def\uff0c\u65b0\u7f55\u5e03\u4ec0\u5c14\u5dde\u6c49\u8bfa\u5a01 (\u00a9 DEEPOL by plainpicture)","copyrightlink":"https:\/\/www.bing.com\/search?q=%E5%BA%B7%E6%B6%85%E7%8B%84%E6%A0%BC%E6%B2%B3&form=hpcapt&mkt=zh-cn","title":"","quiz":"\/search?q=Bing+homepage+quiz&filters=WQOskey:%22HPQuiz_20210121_BloodyBrook%22&FORM=HPQUIZ","wp":true,"hsh":"f4a0a0645875b4f186395d56e61e3c2e","drk":1,"top":1,"bot":1,"hs":[]}],"tooltips":{"loading":"\u6b63\u5728\u52a0\u8f7d...","previous":"\u4e0a\u4e00\u4e2a\u56fe\u50cf","next":"\u4e0b\u4e00\u4e2a\u56fe\u50cf","walle":"\u6b64\u56fe\u7247\u4e0d\u80fd\u4e0b\u8f7d\u7528\u4f5c\u58c1\u7eb8\u3002","walls":"\u4e0b\u8f7d\u4eca\u65e5\u7f8e\u56fe\u3002\u4ec5\u9650\u7528\u4f5c\u684c\u9762\u58c1\u7eb8\u3002"}}