{"images":[{"startdate":"20210405","fullstartdate":"202104051600","enddate":"20210406","url":"\/th?id=OHR.Olympics125_ZH-CN3521721828_1920x1080.jpg&rf=LaDigue_1920x1080.jpg&pid=hp","urlbase":"\/th?id=OHR.Olympics125_ZH-CN3521721828","copyright":"\u96c5\u5178\u536b\u57ce\u7684\u5e15\u7279\u519c\u795e\u5e99\uff0c\u5e0c\u814a (\u00a9 Lucky-photographer\/Shutterstock)","copyrightlink":"https:\/\/www.bing.com\/search?q=%E5%B8%95%E7%89%B9%E5%86%9C%E7%A5%9E%E5%BA%99&form=hpcapt&mkt=zh-cn","title":"","quiz":"\/search?q=Bing+homepage+quiz&filters=WQOskey:%22HPQuiz_20210405_Olympics125%22&FORM=HPQUIZ","wp":true,"hsh":"a67ce6827213029f6a90c2419e208a5d","drk":1,"top":1,"bot":1,"hs":[]}],"tooltips":{"loading":"\u6b63\u5728\u52a0\u8f7d...","previous":"\u4e0a\u4e00\u4e2a\u56fe\u50cf","next":"\u4e0b\u4e00\u4e2a\u56fe\u50cf","walle":"\u6b64\u56fe\u7247\u4e0d\u80fd\u4e0b\u8f7d\u7528\u4f5c\u58c1\u7eb8\u3002","walls":"\u4e0b\u8f7d\u4eca\u65e5\u7f8e\u56fe\u3002\u4ec5\u9650\u7528\u4f5c\u684c\u9762\u58c1\u7eb8\u3002"}}