{"images":[{"startdate":"20210416","fullstartdate":"202104161600","enddate":"20210417","url":"\/th?id=OHR.NewRiverGorge_ZH-CN6951411872_1920x1080.jpg&rf=LaDigue_1920x1080.jpg&pid=hp","urlbase":"\/th?id=OHR.NewRiverGorge_ZH-CN6951411872","copyright":"\u65b0\u6cb3\u5ce1\u56fd\u5bb6\u516c\u56ed\u4e2d\u7684\u65b0\u6cb3\u5ce1\u5927\u6865\uff0c\u897f\u5f17\u5409\u5c3c\u4e9a\u5dde (\u00a9 Entropy Workshop\/iStock\/Getty Images Plus)","copyrightlink":"https:\/\/www.bing.com\/search?q=%E6%96%B0%E6%B2%B3%E5%B3%A1%E5%A4%A7%E6%A1%A5&form=hpcapt&mkt=zh-cn","title":"","quiz":"\/search?q=Bing+homepage+quiz&filters=WQOskey:%22HPQuiz_20210416_NewRiverGorge%22&FORM=HPQUIZ","wp":true,"hsh":"5acfc6c1181f8f0e8f61251dc1c4172d","drk":1,"top":1,"bot":1,"hs":[]}],"tooltips":{"loading":"\u6b63\u5728\u52a0\u8f7d...","previous":"\u4e0a\u4e00\u4e2a\u56fe\u50cf","next":"\u4e0b\u4e00\u4e2a\u56fe\u50cf","walle":"\u6b64\u56fe\u7247\u4e0d\u80fd\u4e0b\u8f7d\u7528\u4f5c\u58c1\u7eb8\u3002","walls":"\u4e0b\u8f7d\u4eca\u65e5\u7f8e\u56fe\u3002\u4ec5\u9650\u7528\u4f5c\u684c\u9762\u58c1\u7eb8\u3002"}}