{"images":[{"startdate":"20211206","fullstartdate":"202112061600","enddate":"20211207","url":"\/th?id=OHR.Koenigsbourg_ZH-CN7675452866_1920x1080.jpg&rf=LaDigue_1920x1080.jpg&pid=hp","urlbase":"\/th?id=OHR.Koenigsbourg_ZH-CN7675452866","copyright":"\u5b5a\u65e5\u5c71\u8109\u4e0a\u7684\u56fd\u738b\u57ce\u5821\uff0c\u6cd5\u56fd\u963f\u5c14\u8428\u65af (\u00a9 Leonid Andronov\/Shutterstock)","copyrightlink":"https:\/\/www.bing.com\/search?q=%E5%AD%9A%E6%97%A5%E5%B1%B1%E8%84%89&form=hpcapt&mkt=zh-cn","title":"","quiz":"\/search?q=Bing+homepage+quiz&filters=WQOskey:%22HPQuiz_20211206_Koenigsbourg%22&FORM=HPQUIZ","wp":true,"hsh":"fdba345c9abaa53b01e0bd2271c3b657","drk":1,"top":1,"bot":1,"hs":[]}],"tooltips":{"loading":"\u6b63\u5728\u52a0\u8f7d...","previous":"\u4e0a\u4e00\u4e2a\u56fe\u50cf","next":"\u4e0b\u4e00\u4e2a\u56fe\u50cf","walle":"\u6b64\u56fe\u7247\u4e0d\u80fd\u4e0b\u8f7d\u7528\u4f5c\u58c1\u7eb8\u3002","walls":"\u4e0b\u8f7d\u4eca\u65e5\u7f8e\u56fe\u3002\u4ec5\u9650\u7528\u4f5c\u684c\u9762\u58c1\u7eb8\u3002"}}