{"images":[{"startdate":"20210531","fullstartdate":"202105311600","enddate":"20210601","url":"\/th?id=OHR.PoetrysCave_ZH-CN3196193909_1920x1080.jpg&rf=LaDigue_1920x1080.jpg&pid=hp","urlbase":"\/th?id=OHR.PoetrysCave_ZH-CN3196193909","copyright":"\u9e1f\u77b0\u7f57\u5361\u9644\u8fd1\u7684Grotta della Poesia\uff0c\u610f\u5927\u5229\u83b1\u5207 (\u00a9 Amazing Aerial Agency\/Offset by Shutterstock)","copyrightlink":"https:\/\/www.bing.com\/search?q=%E8%8E%B1%E5%88%87&form=hpcapt&mkt=zh-cn","title":"","quiz":"\/search?q=Bing+homepage+quiz&filters=WQOskey:%22HPQuiz_20210531_PoetrysCave%22&FORM=HPQUIZ","wp":true,"hsh":"32f3df9b3fdd14f268778f6bf7ae7ff6","drk":1,"top":1,"bot":1,"hs":[]}],"tooltips":{"loading":"\u6b63\u5728\u52a0\u8f7d...","previous":"\u4e0a\u4e00\u4e2a\u56fe\u50cf","next":"\u4e0b\u4e00\u4e2a\u56fe\u50cf","walle":"\u6b64\u56fe\u7247\u4e0d\u80fd\u4e0b\u8f7d\u7528\u4f5c\u58c1\u7eb8\u3002","walls":"\u4e0b\u8f7d\u4eca\u65e5\u7f8e\u56fe\u3002\u4ec5\u9650\u7528\u4f5c\u684c\u9762\u58c1\u7eb8\u3002"}}