{"images":[{"startdate":"20210312","fullstartdate":"202103121600","enddate":"20210313","url":"\/th?id=OHR.Rhododendron_ZH-CN8481644646_1920x1080.jpg&rf=LaDigue_1920x1080.jpg&pid=hp","urlbase":"\/th?id=OHR.Rhododendron_ZH-CN8481644646","copyright":"\u68ee\u4f69\u5c14\u68ee\u6797\u516c\u56ed\u4e2d\u7684\u9ed1\u6d77\u675c\u9e43\uff0c\u5fb7\u56fd\u5415\u6839\u5c9b (\u00a9 Sandra Bartocha\/Minden Pictures)","copyrightlink":"https:\/\/www.bing.com\/search?q=%E5%90%95%E6%A0%B9%E5%B2%9B&form=hpcapt&mkt=zh-cn","title":"","quiz":"\/search?q=Bing+homepage+quiz&filters=WQOskey:%22HPQuiz_20210312_Rhododendron%22&FORM=HPQUIZ","wp":true,"hsh":"9a231c97ac499188940d10e3b02cbd52","drk":1,"top":1,"bot":1,"hs":[]}],"tooltips":{"loading":"\u6b63\u5728\u52a0\u8f7d...","previous":"\u4e0a\u4e00\u4e2a\u56fe\u50cf","next":"\u4e0b\u4e00\u4e2a\u56fe\u50cf","walle":"\u6b64\u56fe\u7247\u4e0d\u80fd\u4e0b\u8f7d\u7528\u4f5c\u58c1\u7eb8\u3002","walls":"\u4e0b\u8f7d\u4eca\u65e5\u7f8e\u56fe\u3002\u4ec5\u9650\u7528\u4f5c\u684c\u9762\u58c1\u7eb8\u3002"}}