{"images":[{"startdate":"20220116","fullstartdate":"202201161600","enddate":"20220117","url":"\/th?id=OHR.RydalWater_ZH-CN2787617470_1920x1080.jpg&rf=LaDigue_1920x1080.jpg&pid=hp","urlbase":"\/th?id=OHR.RydalWater_ZH-CN2787617470","copyright":"\u83b1\u8fbe\u5c14\u6e56, \u82f1\u683c\u5170\u574e\u5e03\u91cc\u4e9a\u90e1\u6e56\u533a (\u00a9 Tranquillian1\/iStock\/Getty Images Plus)","copyrightlink":"https:\/\/www.bing.com\/search?q=%E8%8B%B1%E6%A0%BC%E5%85%B0&form=hpcapt&mkt=zh-cn","title":"","quiz":"\/search?q=Bing+homepage+quiz&filters=WQOskey:%22HPQuiz_20220116_RydalWater%22&FORM=HPQUIZ","wp":true,"hsh":"ba43dec711bd46414f5ca60202e3f9c7","drk":1,"top":1,"bot":1,"hs":[]}],"tooltips":{"loading":"\u6b63\u5728\u52a0\u8f7d...","previous":"\u4e0a\u4e00\u4e2a\u56fe\u50cf","next":"\u4e0b\u4e00\u4e2a\u56fe\u50cf","walle":"\u6b64\u56fe\u7247\u4e0d\u80fd\u4e0b\u8f7d\u7528\u4f5c\u58c1\u7eb8\u3002","walls":"\u4e0b\u8f7d\u4eca\u65e5\u7f8e\u56fe\u3002\u4ec5\u9650\u7528\u4f5c\u684c\u9762\u58c1\u7eb8\u3002"}}