{"images":[{"startdate":"20220208","fullstartdate":"202202081600","enddate":"20220209","url":"\/th?id=OHR.SevenSistersCliffs_ZH-CN5362127173_1920x1080.jpg&rf=LaDigue_1920x1080.jpg&pid=hp","urlbase":"\/th?id=OHR.SevenSistersCliffs_ZH-CN5362127173","copyright":"\u4e03\u59d0\u59b9\u60ac\u5d16\u4e0a\u7684\u8b66\u536b\u5c0f\u5c4b\uff0c\u82f1\u56fd\u4e1c\u8428\u585e\u514b\u65af\u90e1 (\u00a9 Paul Daniels\/Alamy)","copyrightlink":"https:\/\/www.bing.com\/search?q=%E4%B8%83%E5%A7%90%E5%A6%B9%E6%82%AC%E5%B4%96&form=hpcapt&mkt=zh-cn","title":"\u4e1c\u8428\u585e\u514b\u65af\u90e1\u7684\u767d\u8272\u60ac\u5d16","quiz":"\/search?q=Bing+homepage+quiz&filters=WQOskey:%22HPQuiz_20220208_SevenSistersCliffs%22&FORM=HPQUIZ","wp":true,"hsh":"3fbf116d2c7e657d31dc2566d0a1627b","drk":1,"top":1,"bot":1,"hs":[]}],"tooltips":{"loading":"\u6b63\u5728\u52a0\u8f7d...","previous":"\u4e0a\u4e00\u4e2a\u56fe\u50cf","next":"\u4e0b\u4e00\u4e2a\u56fe\u50cf","walle":"\u6b64\u56fe\u7247\u4e0d\u80fd\u4e0b\u8f7d\u7528\u4f5c\u58c1\u7eb8\u3002","walls":"\u4e0b\u8f7d\u4eca\u65e5\u7f8e\u56fe\u3002\u4ec5\u9650\u7528\u4f5c\u684c\u9762\u58c1\u7eb8\u3002"}}