{"images":[{"startdate":"20211220","fullstartdate":"202112201600","enddate":"20211221","url":"\/th?id=OHR.SiberianSunset_ZH-CN5711093662_1920x1080.jpg&rf=LaDigue_1920x1080.jpg&pid=hp","urlbase":"\/th?id=OHR.SiberianSunset_ZH-CN5711093662","copyright":"\u897f\u897f\u4f2f\u5229\u4e9a\u68ee\u6797\u4e2d\u7684\u9633\u5149\uff0c\u4fc4\u7f57\u65af\u62c9\u675c\u65e5\u5185\u5e02\u9644\u8fd1 (\u00a9 Leonid Ikan\/Shutterstock)","copyrightlink":"https:\/\/www.bing.com\/search?q=%E8%A5%BF%E8%A5%BF%E4%BC%AF%E5%88%A9%E4%BA%9A&form=hpcapt&mkt=zh-cn","title":"","quiz":"\/search?q=Bing+homepage+quiz&filters=WQOskey:%22HPQuiz_20211220_SiberianSunset%22&FORM=HPQUIZ","wp":true,"hsh":"c629286833436a9cb2b86d5e8e1c2035","drk":1,"top":1,"bot":1,"hs":[]}],"tooltips":{"loading":"\u6b63\u5728\u52a0\u8f7d...","previous":"\u4e0a\u4e00\u4e2a\u56fe\u50cf","next":"\u4e0b\u4e00\u4e2a\u56fe\u50cf","walle":"\u6b64\u56fe\u7247\u4e0d\u80fd\u4e0b\u8f7d\u7528\u4f5c\u58c1\u7eb8\u3002","walls":"\u4e0b\u8f7d\u4eca\u65e5\u7f8e\u56fe\u3002\u4ec5\u9650\u7528\u4f5c\u684c\u9762\u58c1\u7eb8\u3002"}}