{"images":[{"startdate":"20220408","fullstartdate":"202204081600","enddate":"20220409","url":"\/th?id=OHR.LightPainting_ZH-CN8824196181_1920x1080.jpg&rf=LaDigue_1920x1080.jpg&pid=hp","urlbase":"\/th?id=OHR.LightPainting_ZH-CN8824196181","copyright":"\u5149\u7ed8\u6444\u5f71\u4e0b\u7684\u6ed1\u677f\u516c\u56ed\uff0c\u7f8e\u56fd\u963f\u74e6\u8fbe\u5e02 (\u00a9 Jon Paciaroni\/Getty Images)","copyrightlink":"https:\/\/www.bing.com\/search?q=%E5%85%89%E7%BB%98%E6%91%84%E5%BD%B1&form=hpcapt&mkt=zh-cn","title":"\u4e0e\u5149\u540c\u884c","quiz":"\/search?q=Bing+homepage+quiz&filters=WQOskey:%22HPQuiz_20220408_LightPainting%22&FORM=HPQUIZ","wp":true,"hsh":"50173fa813d717b75eafb39dd92b026e","drk":1,"top":1,"bot":1,"hs":[]}],"tooltips":{"loading":"\u6b63\u5728\u52a0\u8f7d...","previous":"\u4e0a\u4e00\u4e2a\u56fe\u50cf","next":"\u4e0b\u4e00\u4e2a\u56fe\u50cf","walle":"\u6b64\u56fe\u7247\u4e0d\u80fd\u4e0b\u8f7d\u7528\u4f5c\u58c1\u7eb8\u3002","walls":"\u4e0b\u8f7d\u4eca\u65e5\u7f8e\u56fe\u3002\u4ec5\u9650\u7528\u4f5c\u684c\u9762\u58c1\u7eb8\u3002"}}