{"images":[{"startdate":"20220110","fullstartdate":"202201101600","enddate":"20220111","url":"\/th?id=OHR.PorcupineWillow_ZH-CN0280041973_1920x1080.jpg&rf=LaDigue_1920x1080.jpg&pid=hp","urlbase":"\/th?id=OHR.PorcupineWillow_ZH-CN0280041973","copyright":"\u722c\u4e0a\u67f3\u6811\u679d\u5934\u7684\u8c6a\u732a\uff0c\u7f8e\u56fd\u963f\u62c9\u65af\u52a0 (\u00a9 Design Pics\/Danita Delimont)","copyrightlink":"https:\/\/www.bing.com\/search?q=%E8%B1%AA%E7%8C%AA&form=hpcapt&mkt=zh-cn","title":"","quiz":"\/search?q=Bing+homepage+quiz&filters=WQOskey:%22HPQuiz_20220110_PorcupineWillow%22&FORM=HPQUIZ","wp":true,"hsh":"50e491e965788af2427b3fdf2a547b25","drk":1,"top":1,"bot":1,"hs":[]}],"tooltips":{"loading":"\u6b63\u5728\u52a0\u8f7d...","previous":"\u4e0a\u4e00\u4e2a\u56fe\u50cf","next":"\u4e0b\u4e00\u4e2a\u56fe\u50cf","walle":"\u6b64\u56fe\u7247\u4e0d\u80fd\u4e0b\u8f7d\u7528\u4f5c\u58c1\u7eb8\u3002","walls":"\u4e0b\u8f7d\u4eca\u65e5\u7f8e\u56fe\u3002\u4ec5\u9650\u7528\u4f5c\u684c\u9762\u58c1\u7eb8\u3002"}}