{"images":[{"startdate":"20210326","fullstartdate":"202103261600","enddate":"20210327","url":"\/th?id=OHR.MadHares_ZH-CN1754336550_1920x1080.jpg&rf=LaDigue_1920x1080.jpg&pid=hp","urlbase":"\/th?id=OHR.MadHares_ZH-CN1754336550","copyright":"\u5728\u767d\u96ea\u8986\u76d6\u7684\u9ad8\u5730\u4e0a\u5954\u8dd1\u7684\u96ea\u5154\uff0c\u82cf\u683c\u5170 (\u00a9 SCOTLAND: The Big Picture\/Minden Pictures)","copyrightlink":"https:\/\/www.bing.com\/search?q=%E9%9B%AA%E5%85%94&form=hpcapt&mkt=zh-cn","title":"","quiz":"\/search?q=Bing+homepage+quiz&filters=WQOskey:%22HPQuiz_20210326_MadHares%22&FORM=HPQUIZ","wp":true,"hsh":"06f0aab429a3e771a888d8b8e50cd3be","drk":1,"top":1,"bot":1,"hs":[]}],"tooltips":{"loading":"\u6b63\u5728\u52a0\u8f7d...","previous":"\u4e0a\u4e00\u4e2a\u56fe\u50cf","next":"\u4e0b\u4e00\u4e2a\u56fe\u50cf","walle":"\u6b64\u56fe\u7247\u4e0d\u80fd\u4e0b\u8f7d\u7528\u4f5c\u58c1\u7eb8\u3002","walls":"\u4e0b\u8f7d\u4eca\u65e5\u7f8e\u56fe\u3002\u4ec5\u9650\u7528\u4f5c\u684c\u9762\u58c1\u7eb8\u3002"}}