{"images":[{"startdate":"20210829","fullstartdate":"202108291600","enddate":"20210830","url":"\/th?id=OHR.MayonVolcano_ZH-CN0183039911_1920x1080.jpg&rf=LaDigue_1920x1080.jpg&pid=hp","urlbase":"\/th?id=OHR.MayonVolcano_ZH-CN0183039911","copyright":"\u83f2\u5f8b\u5bbe\u9a6c\u8363\u5c71\u7684\u706b\u5c71\u53e3\u5192\u70df (\u00a9 Per-Andre Hoffmann\/Cavan)","copyrightlink":"https:\/\/www.bing.com\/search?q=%E9%A9%AC%E8%8D%A3%E7%81%AB%E5%B1%B1&form=hpcapt&mkt=zh-cn","title":"","quiz":"\/search?q=Bing+homepage+quiz&filters=WQOskey:%22HPQuiz_20210829_MayonVolcano%22&FORM=HPQUIZ","wp":true,"hsh":"e9d8a488616cb719f4a013f72cb44e40","drk":1,"top":1,"bot":1,"hs":[]}],"tooltips":{"loading":"\u6b63\u5728\u52a0\u8f7d...","previous":"\u4e0a\u4e00\u4e2a\u56fe\u50cf","next":"\u4e0b\u4e00\u4e2a\u56fe\u50cf","walle":"\u6b64\u56fe\u7247\u4e0d\u80fd\u4e0b\u8f7d\u7528\u4f5c\u58c1\u7eb8\u3002","walls":"\u4e0b\u8f7d\u4eca\u65e5\u7f8e\u56fe\u3002\u4ec5\u9650\u7528\u4f5c\u684c\u9762\u58c1\u7eb8\u3002"}}