{"images":[{"startdate":"20210610","fullstartdate":"202106101600","enddate":"20210611","url":"\/th?id=OHR.GlenEtive_ZH-CN2562811591_1920x1080.jpg&rf=LaDigue_1920x1080.jpg&pid=hp","urlbase":"\/th?id=OHR.GlenEtive_ZH-CN2562811591","copyright":"\u683c\u4f26\u00b7\u57c3\u8482\u592b\u76db\u5f00\u7740\u77f3\u5357\u82b1\u7684\u5c0f\u6e56\uff0c\u82cf\u683c\u5170 (\u00a9 Oliver Hellowell\/Minden Pictures)","copyrightlink":"https:\/\/www.bing.com\/search?q=%E7%9F%B3%E5%8D%97%E8%8A%B1&form=hpcapt&mkt=zh-cn","title":"","quiz":"\/search?q=Bing+homepage+quiz&filters=WQOskey:%22HPQuiz_20210610_GlenEtive%22&FORM=HPQUIZ","wp":true,"hsh":"f4ff927c0b60d9fb8b9033da2900019e","drk":1,"top":1,"bot":1,"hs":[]}],"tooltips":{"loading":"\u6b63\u5728\u52a0\u8f7d...","previous":"\u4e0a\u4e00\u4e2a\u56fe\u50cf","next":"\u4e0b\u4e00\u4e2a\u56fe\u50cf","walle":"\u6b64\u56fe\u7247\u4e0d\u80fd\u4e0b\u8f7d\u7528\u4f5c\u58c1\u7eb8\u3002","walls":"\u4e0b\u8f7d\u4eca\u65e5\u7f8e\u56fe\u3002\u4ec5\u9650\u7528\u4f5c\u684c\u9762\u58c1\u7eb8\u3002"}}