{"images":[{"startdate":"20211207","fullstartdate":"202112071600","enddate":"20211208","url":"\/th?id=OHR.PFNPAZ_ZH-CN7929165864_1920x1080.jpg&rf=LaDigue_1920x1080.jpg&pid=hp","urlbase":"\/th?id=OHR.PFNPAZ_ZH-CN7929165864","copyright":"\u6709\u7740\u4e30\u5bcc\u77f3\u5316\u6728\u6750\u7684\u77f3\u5316\u6797\u56fd\u5bb6\u516c\u56ed\uff0c\u7f8e\u56fd\u4e9a\u5229\u6851\u90a3\u5dde (\u00a9 Ian Shive\/Tandem Stills + Motion)","copyrightlink":"https:\/\/www.bing.com\/search?q=%E7%9F%B3%E5%8C%96%E6%9E%97%E5%9B%BD%E5%AE%B6%E5%85%AC%E5%9B%AD&form=hpcapt&mkt=zh-cn","title":"","quiz":"\/search?q=Bing+homepage+quiz&filters=WQOskey:%22HPQuiz_20211207_PFNPAZ%22&FORM=HPQUIZ","wp":true,"hsh":"fa54013580bcfb202ca8f2e299fb1a29","drk":1,"top":1,"bot":1,"hs":[]}],"tooltips":{"loading":"\u6b63\u5728\u52a0\u8f7d...","previous":"\u4e0a\u4e00\u4e2a\u56fe\u50cf","next":"\u4e0b\u4e00\u4e2a\u56fe\u50cf","walle":"\u6b64\u56fe\u7247\u4e0d\u80fd\u4e0b\u8f7d\u7528\u4f5c\u58c1\u7eb8\u3002","walls":"\u4e0b\u8f7d\u4eca\u65e5\u7f8e\u56fe\u3002\u4ec5\u9650\u7528\u4f5c\u684c\u9762\u58c1\u7eb8\u3002"}}