{"images":[{"startdate":"20220304","fullstartdate":"202203041600","enddate":"20220305","url":"\/th?id=OHR.NormandyMont_ZH-CN6657762215_1920x1080.jpg&rf=LaDigue_1920x1080.jpg&pid=hp","urlbase":"\/th?id=OHR.NormandyMont_ZH-CN6657762215","copyright":"\u5723\u7c73\u6b47\u5c14\u5c71\uff0c\u6cd5\u56fd\u8bfa\u66fc\u5e95 (\u00a9 DaLiu\/Getty Images)","copyrightlink":"https:\/\/www.bing.com\/search?q=%E5%9C%A3%E7%B1%B3%E6%AD%87%E5%B0%94%E5%B1%B1&form=hpcapt&mkt=zh-cn","title":"\u4e00\u4e2a\u795e\u5723\u7684\u613f\u671b\u5b55\u80b2\u4e86\u7b2c\u4e00\u4e2a\u5c0f\u6559\u5802","quiz":"\/search?q=Bing+homepage+quiz&filters=WQOskey:%22HPQuiz_20220304_NormandyMont%22&FORM=HPQUIZ","wp":true,"hsh":"f7f44f930d06577e06813c1560836007","drk":1,"top":1,"bot":1,"hs":[]}],"tooltips":{"loading":"\u6b63\u5728\u52a0\u8f7d...","previous":"\u4e0a\u4e00\u4e2a\u56fe\u50cf","next":"\u4e0b\u4e00\u4e2a\u56fe\u50cf","walle":"\u6b64\u56fe\u7247\u4e0d\u80fd\u4e0b\u8f7d\u7528\u4f5c\u58c1\u7eb8\u3002","walls":"\u4e0b\u8f7d\u4eca\u65e5\u7f8e\u56fe\u3002\u4ec5\u9650\u7528\u4f5c\u684c\u9762\u58c1\u7eb8\u3002"}}