{"images":[{"startdate":"20220405","fullstartdate":"202204051600","enddate":"20220406","url":"\/th?id=OHR.NorthernCaracara_ZH-CN9538371843_1920x1080.jpg&rf=LaDigue_1920x1080.jpg&pid=hp","urlbase":"\/th?id=OHR.NorthernCaracara_ZH-CN9538371843","copyright":"\u6b63\u5728\u6c42\u5076\u7684\u51e4\u5934\u5361\u62c9\u9e70\uff0c\u7f8e\u56fd\u5fb7\u514b\u8428\u65af\u5dde (\u00a9 Alan Murphy\/Minden Pictures)","copyrightlink":"https:\/\/www.bing.com\/search?q=%E5%87%A4%E5%A4%B4%E5%8D%A1%E6%8B%89%E9%B9%B0&form=hpcapt&mkt=zh-cn","title":"\u521d\u604b","quiz":"\/search?q=Bing+homepage+quiz&filters=WQOskey:%22HPQuiz_20220405_NorthernCaracara%22&FORM=HPQUIZ","wp":true,"hsh":"7073a03d109665b7c17484b68ab09dcb","drk":1,"top":1,"bot":1,"hs":[]}],"tooltips":{"loading":"\u6b63\u5728\u52a0\u8f7d...","previous":"\u4e0a\u4e00\u4e2a\u56fe\u50cf","next":"\u4e0b\u4e00\u4e2a\u56fe\u50cf","walle":"\u6b64\u56fe\u7247\u4e0d\u80fd\u4e0b\u8f7d\u7528\u4f5c\u58c1\u7eb8\u3002","walls":"\u4e0b\u8f7d\u4eca\u65e5\u7f8e\u56fe\u3002\u4ec5\u9650\u7528\u4f5c\u684c\u9762\u58c1\u7eb8\u3002"}}