{"images":[{"startdate":"20210305","fullstartdate":"202103051600","enddate":"20210306","url":"\/th?id=OHR.PadarIsland_ZH-CN3753026244_1920x1080.jpg&rf=LaDigue_1920x1080.jpg&pid=hp","urlbase":"\/th?id=OHR.PadarIsland_ZH-CN3753026244","copyright":"\u5f17\u6d1b\u52d2\u65af\u5c9b\u4e0a\u7684\u7eb3\u95fd\u5df4\u970d\uff0c\u5370\u5ea6\u5c3c\u897f\u4e9a\u79d1\u83ab\u591a\u56fd\u5bb6\u516c\u56ed (\u00a9 Thrithot\/Adobe Stock)","copyrightlink":"https:\/\/www.bing.com\/search?q=%E7%A7%91%E8%8E%AB%E5%A4%9A%E5%9B%BD%E5%AE%B6%E5%85%AC%E5%9B%AD&form=hpcapt&mkt=zh-cn","title":"","quiz":"\/search?q=Bing+homepage+quiz&filters=WQOskey:%22HPQuiz_20210305_PadarIsland%22&FORM=HPQUIZ","wp":true,"hsh":"969a3b2abbc5fce6752a09ab43681865","drk":1,"top":1,"bot":1,"hs":[]}],"tooltips":{"loading":"\u6b63\u5728\u52a0\u8f7d...","previous":"\u4e0a\u4e00\u4e2a\u56fe\u50cf","next":"\u4e0b\u4e00\u4e2a\u56fe\u50cf","walle":"\u6b64\u56fe\u7247\u4e0d\u80fd\u4e0b\u8f7d\u7528\u4f5c\u58c1\u7eb8\u3002","walls":"\u4e0b\u8f7d\u4eca\u65e5\u7f8e\u56fe\u3002\u4ec5\u9650\u7528\u4f5c\u684c\u9762\u58c1\u7eb8\u3002"}}