{"images":[{"startdate":"20210721","fullstartdate":"202107211600","enddate":"20210722","url":"\/th?id=OHR.MinokakeRocks_ZH-CN2474262090_1920x1080.jpg&rf=LaDigue_1920x1080.jpg&pid=hp","urlbase":"\/th?id=OHR.MinokakeRocks_ZH-CN2474262090","copyright":"\u4f0a\u8c46\u534a\u5c9b\u6d77\u5cb8\u9644\u8fd1\u7684 Minokake-Iwa \u5947\u5ca9\u7fa4\uff0c\u65e5\u672c (\u00a9 Krzysztof Baranowski\/Getty Images)","copyrightlink":"https:\/\/www.bing.com\/search?q=%E4%BC%8A%E8%B1%86%E5%8D%8A%E5%B2%9B&form=hpcapt&mkt=zh-cn","title":"","quiz":"\/search?q=Bing+homepage+quiz&filters=WQOskey:%22HPQuiz_20210721_MinokakeRocks%22&FORM=HPQUIZ","wp":true,"hsh":"d299be0e45392b906671bca863d74126","drk":1,"top":1,"bot":1,"hs":[]}],"tooltips":{"loading":"\u6b63\u5728\u52a0\u8f7d...","previous":"\u4e0a\u4e00\u4e2a\u56fe\u50cf","next":"\u4e0b\u4e00\u4e2a\u56fe\u50cf","walle":"\u6b64\u56fe\u7247\u4e0d\u80fd\u4e0b\u8f7d\u7528\u4f5c\u58c1\u7eb8\u3002","walls":"\u4e0b\u8f7d\u4eca\u65e5\u7f8e\u56fe\u3002\u4ec5\u9650\u7528\u4f5c\u684c\u9762\u58c1\u7eb8\u3002"}}