{"images":[{"startdate":"20210320","fullstartdate":"202103201600","enddate":"20210321","url":"\/th?id=OHR.HallesWood_ZH-CN9790575479_1920x1080.jpg&rf=LaDigue_1920x1080.jpg&pid=hp","urlbase":"\/th?id=OHR.HallesWood_ZH-CN9790575479","copyright":"\u8986\u76d6\u4e86Hallerbos\u68ee\u6797\u5730\u9762\u7684\u84dd\u94c3\u82b1\uff0c\u6bd4\u5229\u65f6\u4f5b\u5170\u5fb7 (\u00a9 Jason Langley\/plainpicture)","copyrightlink":"https:\/\/www.bing.com\/search?q=%E8%93%9D%E9%93%83%E8%8A%B1&form=hpcapt&mkt=zh-cn","title":"","quiz":"\/search?q=Bing+homepage+quiz&filters=WQOskey:%22HPQuiz_20210320_HallesWood%22&FORM=HPQUIZ","wp":true,"hsh":"165671e655e4c1051acfcfc84d3f36a4","drk":1,"top":1,"bot":1,"hs":[]}],"tooltips":{"loading":"\u6b63\u5728\u52a0\u8f7d...","previous":"\u4e0a\u4e00\u4e2a\u56fe\u50cf","next":"\u4e0b\u4e00\u4e2a\u56fe\u50cf","walle":"\u6b64\u56fe\u7247\u4e0d\u80fd\u4e0b\u8f7d\u7528\u4f5c\u58c1\u7eb8\u3002","walls":"\u4e0b\u8f7d\u4eca\u65e5\u7f8e\u56fe\u3002\u4ec5\u9650\u7528\u4f5c\u684c\u9762\u58c1\u7eb8\u3002"}}