{"images":[{"startdate":"20210619","fullstartdate":"202106191600","enddate":"20210620","url":"\/th?id=OHR.FatherEagle_ZH-CN6127856255_1920x1080.jpg&rf=LaDigue_1920x1080.jpg&pid=hp","urlbase":"\/th?id=OHR.FatherEagle_ZH-CN6127856255","copyright":"\u80b2\u7a7a\u6cb3\u9644\u8fd1\u5de2\u7a74\u4e2d\u7684\u4e00\u5bf9\u767d\u5934\u6d77\u96d5\u548c\u96cf\u9e70\uff0c\u52a0\u62ff\u5927\u80b2\u7a7a (\u00a9 Mark Newman\/Minden Pictures)","copyrightlink":"https:\/\/www.bing.com\/search?q=%E7%99%BD%E5%A4%B4%E9%B9%B0&form=hpcapt&mkt=zh-cn","title":"","quiz":"\/search?q=Bing+homepage+quiz&filters=WQOskey:%22HPQuiz_20210619_FatherEagle%22&FORM=HPQUIZ","wp":true,"hsh":"65bd9b4f8c31006f63884de746a9b328","drk":1,"top":1,"bot":1,"hs":[]}],"tooltips":{"loading":"\u6b63\u5728\u52a0\u8f7d...","previous":"\u4e0a\u4e00\u4e2a\u56fe\u50cf","next":"\u4e0b\u4e00\u4e2a\u56fe\u50cf","walle":"\u6b64\u56fe\u7247\u4e0d\u80fd\u4e0b\u8f7d\u7528\u4f5c\u58c1\u7eb8\u3002","walls":"\u4e0b\u8f7d\u4eca\u65e5\u7f8e\u56fe\u3002\u4ec5\u9650\u7528\u4f5c\u684c\u9762\u58c1\u7eb8\u3002"}}