{"images":[{"startdate":"20210708","fullstartdate":"202107081600","enddate":"20210709","url":"\/th?id=OHR.Ortygia_ZH-CN5237934114_1920x1080.jpg&rf=LaDigue_1920x1080.jpg&pid=hp","urlbase":"\/th?id=OHR.Ortygia_ZH-CN5237934114","copyright":"\u5965\u63d0\u4f3d\uff0c\u897f\u897f\u91cc\u5c9b\u9521\u62c9\u5e93\u8428\u6d77\u5cb8\u9644\u8fd1\u7684\u5c0f\u5c9b\uff0c\u610f\u5927\u5229 (\u00a9 DaLiu\/Shutterstock)","copyrightlink":"https:\/\/www.bing.com\/search?q=%E5%A5%A5%E6%8F%90%E4%BC%BD%E5%B2%9B&form=hpcapt&mkt=zh-cn","title":"","quiz":"\/search?q=Bing+homepage+quiz&filters=WQOskey:%22HPQuiz_20210708_Ortygia%22&FORM=HPQUIZ","wp":true,"hsh":"31b79f3fb1911e0d1dd8f61ebbe7680f","drk":1,"top":1,"bot":1,"hs":[]}],"tooltips":{"loading":"\u6b63\u5728\u52a0\u8f7d...","previous":"\u4e0a\u4e00\u4e2a\u56fe\u50cf","next":"\u4e0b\u4e00\u4e2a\u56fe\u50cf","walle":"\u6b64\u56fe\u7247\u4e0d\u80fd\u4e0b\u8f7d\u7528\u4f5c\u58c1\u7eb8\u3002","walls":"\u4e0b\u8f7d\u4eca\u65e5\u7f8e\u56fe\u3002\u4ec5\u9650\u7528\u4f5c\u684c\u9762\u58c1\u7eb8\u3002"}}