{"images":[{"startdate":"20211111","fullstartdate":"202111111600","enddate":"20211112","url":"\/th?id=OHR.BeaversBend_ZH-CN1916035610_1920x1080.jpg&rf=LaDigue_1920x1080.jpg&pid=hp","urlbase":"\/th?id=OHR.BeaversBend_ZH-CN1916035610","copyright":"\u6d77\u72f8\u6e7e\u5ea6\u5047\u516c\u56ed, \u7f8e\u56fd\u4fc4\u514b\u62c9\u4f55\u9a6c\u5dde (\u00a9 Inge Johnsson\/Alamy)","copyrightlink":"https:\/\/www.bing.com\/search?q=%E4%BF%84%E5%85%8B%E6%8B%89%E4%BD%95%E9%A9%AC%E5%B7%9E&form=hpcapt&mkt=zh-cn","title":"","quiz":"\/search?q=Bing+homepage+quiz&filters=WQOskey:%22HPQuiz_20211111_BeaversBend%22&FORM=HPQUIZ","wp":true,"hsh":"31a92031f5fbe56884e87a9d46d77cbe","drk":1,"top":1,"bot":1,"hs":[]}],"tooltips":{"loading":"\u6b63\u5728\u52a0\u8f7d...","previous":"\u4e0a\u4e00\u4e2a\u56fe\u50cf","next":"\u4e0b\u4e00\u4e2a\u56fe\u50cf","walle":"\u6b64\u56fe\u7247\u4e0d\u80fd\u4e0b\u8f7d\u7528\u4f5c\u58c1\u7eb8\u3002","walls":"\u4e0b\u8f7d\u4eca\u65e5\u7f8e\u56fe\u3002\u4ec5\u9650\u7528\u4f5c\u684c\u9762\u58c1\u7eb8\u3002"}}