{"images":[{"startdate":"20211230","fullstartdate":"202112301600","enddate":"20211231","url":"\/th?id=OHR.IcelandBonfire_ZH-CN9270966209_1920x1080.jpg&rf=LaDigue_1920x1080.jpg&pid=hp","urlbase":"\/th?id=OHR.IcelandBonfire_ZH-CN9270966209","copyright":"\u8de8\u5e74\u591c\u7684\u7bdd\u706b\u665a\u4f1a\uff0c\u51b0\u5c9b\u96f7\u514b\u96c5\u672a\u514b (\u00a9 Ragnar Th Sigurdsson\/Alamy)","copyrightlink":"https:\/\/www.bing.com\/search?q=%E9%9B%B7%E5%85%8B%E9%9B%85%E6%9C%AA%E5%85%8B&form=hpcapt&mkt=zh-cn","title":"","quiz":"\/search?q=Bing+homepage+quiz&filters=WQOskey:%22HPQuiz_20211230_IcelandBonfire%22&FORM=HPQUIZ","wp":true,"hsh":"a1a32f1f47529bd37b36c7563f9e90af","drk":1,"top":1,"bot":1,"hs":[]}],"tooltips":{"loading":"\u6b63\u5728\u52a0\u8f7d...","previous":"\u4e0a\u4e00\u4e2a\u56fe\u50cf","next":"\u4e0b\u4e00\u4e2a\u56fe\u50cf","walle":"\u6b64\u56fe\u7247\u4e0d\u80fd\u4e0b\u8f7d\u7528\u4f5c\u58c1\u7eb8\u3002","walls":"\u4e0b\u8f7d\u4eca\u65e5\u7f8e\u56fe\u3002\u4ec5\u9650\u7528\u4f5c\u684c\u9762\u58c1\u7eb8\u3002"}}