{"images":[{"startdate":"20210520","fullstartdate":"202105201600","enddate":"20210521","url":"\/th?id=OHR.WhoopingCranes_ZH-CN1637048842_1920x1080.jpg&rf=LaDigue_1920x1080.jpg&pid=hp","urlbase":"\/th?id=OHR.WhoopingCranes_ZH-CN1637048842","copyright":"\u6625\u5b63\u8fc1\u5f99\u65f6\u6b63\u51c6\u5907\u8d77\u98de\u7684\u7f8e\u6d32\u9e64\uff0c\u5357\u8fbe\u79d1\u4ed6\u5dde (\u00a9 Gerrit Vyn\/Minden Pictures)","copyrightlink":"https:\/\/www.bing.com\/search?q=%E7%BE%8E%E6%B4%B2%E9%B9%A4&form=hpcapt&mkt=zh-cn","title":"","quiz":"\/search?q=Bing+homepage+quiz&filters=WQOskey:%22HPQuiz_20210520_WhoopingCranes%22&FORM=HPQUIZ","wp":true,"hsh":"85ed0801046126adb3e8f3be565db715","drk":1,"top":1,"bot":1,"hs":[]}],"tooltips":{"loading":"\u6b63\u5728\u52a0\u8f7d...","previous":"\u4e0a\u4e00\u4e2a\u56fe\u50cf","next":"\u4e0b\u4e00\u4e2a\u56fe\u50cf","walle":"\u6b64\u56fe\u7247\u4e0d\u80fd\u4e0b\u8f7d\u7528\u4f5c\u58c1\u7eb8\u3002","walls":"\u4e0b\u8f7d\u4eca\u65e5\u7f8e\u56fe\u3002\u4ec5\u9650\u7528\u4f5c\u684c\u9762\u58c1\u7eb8\u3002"}}