{"images":[{"startdate":"20210113","fullstartdate":"202101131600","enddate":"20210114","url":"\/th?id=OHR.BrightonSnow_ZH-CN0309526170_1920x1080.jpg&rf=LaDigue_1920x1080.jpg&pid=hp","urlbase":"\/th?id=OHR.BrightonSnow_ZH-CN0309526170","copyright":"\u5e03\u83b1\u987f-\u970d\u592b\u88ab\u96ea\u8986\u76d6\u7684\u6d77\u6ee9\u5c0f\u5c4b\uff0c\u82f1\u56fd (\u00a9 Tim Jones\/Alamy)","copyrightlink":"https:\/\/www.bing.com\/search?q=%E5%B8%83%E8%8E%B1%E9%A1%BF-%E9%9C%8D%E5%A4%AB&form=hpcapt&mkt=zh-cn","title":"","quiz":"\/search?q=Bing+homepage+quiz&filters=WQOskey:%22HPQuiz_20210113_BrightonSnow%22&FORM=HPQUIZ","wp":true,"hsh":"6649f909faad5811cd12c9839885533e","drk":1,"top":1,"bot":1,"hs":[]}],"tooltips":{"loading":"\u6b63\u5728\u52a0\u8f7d...","previous":"\u4e0a\u4e00\u4e2a\u56fe\u50cf","next":"\u4e0b\u4e00\u4e2a\u56fe\u50cf","walle":"\u6b64\u56fe\u7247\u4e0d\u80fd\u4e0b\u8f7d\u7528\u4f5c\u58c1\u7eb8\u3002","walls":"\u4e0b\u8f7d\u4eca\u65e5\u7f8e\u56fe\u3002\u4ec5\u9650\u7528\u4f5c\u684c\u9762\u58c1\u7eb8\u3002"}}