{"images":[{"startdate":"20210818","fullstartdate":"202108181600","enddate":"20210819","url":"\/th?id=OHR.GiantManta_ZH-CN0594951444_1920x1080.jpg&rf=LaDigue_1920x1080.jpg&pid=hp","urlbase":"\/th?id=OHR.GiantManta_ZH-CN0594951444","copyright":"\u5de8\u578b\u6d77\u6d0b\u8760\u9cbc\u548c\u6444\u5f71\u5e08\uff0c\u6fb3\u5927\u5229\u4e9a\u5b81\u683c\u7f57\u6d77\u5cb8 (\u00a9 Shutterstock Premier)","copyrightlink":"https:\/\/www.bing.com\/search?q=%E5%B7%A8%E5%9E%8B%E6%B5%B7%E6%B4%8B%E8%9D%A0%E9%B2%BC&form=hpcapt&mkt=zh-cn","title":"","quiz":"\/search?q=Bing+homepage+quiz&filters=WQOskey:%22HPQuiz_20210818_GiantManta%22&FORM=HPQUIZ","wp":true,"hsh":"7e345ed02375821e8a6c8edfcb1233ba","drk":1,"top":1,"bot":1,"hs":[]}],"tooltips":{"loading":"\u6b63\u5728\u52a0\u8f7d...","previous":"\u4e0a\u4e00\u4e2a\u56fe\u50cf","next":"\u4e0b\u4e00\u4e2a\u56fe\u50cf","walle":"\u6b64\u56fe\u7247\u4e0d\u80fd\u4e0b\u8f7d\u7528\u4f5c\u58c1\u7eb8\u3002","walls":"\u4e0b\u8f7d\u4eca\u65e5\u7f8e\u56fe\u3002\u4ec5\u9650\u7528\u4f5c\u684c\u9762\u58c1\u7eb8\u3002"}}