{"images":[{"startdate":"20210123","fullstartdate":"202101231600","enddate":"20210124","url":"\/th?id=OHR.Molas_ZH-CN6808431428_1920x1080.jpg&rf=LaDigue_1920x1080.jpg&pid=hp","urlbase":"\/th?id=OHR.Molas_ZH-CN6808431428","copyright":"\u5e93\u7eb3\u65cf\u4eba\u7684\u624b\u5de5\u827a\u54c1\uff0c\u5df4\u62ff\u9a6c\u5723\u5e03\u62c9\u65af\u7fa4\u5c9b (\u00a9 Lars Schneider\/Tandem Stills + Motion)","copyrightlink":"https:\/\/www.bing.com\/search?q=%E5%BA%93%E7%BA%B3%E6%97%8F&form=hpcapt&mkt=zh-cn","title":"","quiz":"\/search?q=Bing+homepage+quiz&filters=WQOskey:%22HPQuiz_20210123_Molas%22&FORM=HPQUIZ","wp":true,"hsh":"424757cd012f70113f423f8240ba11ab","drk":1,"top":1,"bot":1,"hs":[]}],"tooltips":{"loading":"\u6b63\u5728\u52a0\u8f7d...","previous":"\u4e0a\u4e00\u4e2a\u56fe\u50cf","next":"\u4e0b\u4e00\u4e2a\u56fe\u50cf","walle":"\u6b64\u56fe\u7247\u4e0d\u80fd\u4e0b\u8f7d\u7528\u4f5c\u58c1\u7eb8\u3002","walls":"\u4e0b\u8f7d\u4eca\u65e5\u7f8e\u56fe\u3002\u4ec5\u9650\u7528\u4f5c\u684c\u9762\u58c1\u7eb8\u3002"}}