{"images":[{"startdate":"20211020","fullstartdate":"202110201600","enddate":"20211021","url":"\/th?id=OHR.AtchafalayaMoss_ZH-CN6079994094_1920x1080.jpg&rf=LaDigue_1920x1080.jpg&pid=hp","urlbase":"\/th?id=OHR.AtchafalayaMoss_ZH-CN6079994094","copyright":"\u963f\u67e5\u6cd5\u62c9\u4e9a\u76c6\u5730\u7684\u79c3\u67cf\u548c\u897f\u73ed\u7259\u82d4\u85d3\uff0c\u8def\u6613\u65af\u5b89\u90a3\u5dde (\u00a9 Chris Moore\/Exploring Light Photography\/Tandem Stills + Motion)","copyrightlink":"https:\/\/www.bing.com\/search?q=%E9%98%BF%E6%9F%A5%E6%B3%95%E6%8B%89%E4%BA%9A%E7%9B%86%E5%9C%B0&form=hpcapt&mkt=zh-cn","title":"","quiz":"\/search?q=Bing+homepage+quiz&filters=WQOskey:%22HPQuiz_20211020_AtchafalayaMoss%22&FORM=HPQUIZ","wp":true,"hsh":"e82da532a9590dcd89e1eb123759bfc7","drk":1,"top":1,"bot":1,"hs":[]}],"tooltips":{"loading":"\u6b63\u5728\u52a0\u8f7d...","previous":"\u4e0a\u4e00\u4e2a\u56fe\u50cf","next":"\u4e0b\u4e00\u4e2a\u56fe\u50cf","walle":"\u6b64\u56fe\u7247\u4e0d\u80fd\u4e0b\u8f7d\u7528\u4f5c\u58c1\u7eb8\u3002","walls":"\u4e0b\u8f7d\u4eca\u65e5\u7f8e\u56fe\u3002\u4ec5\u9650\u7528\u4f5c\u684c\u9762\u58c1\u7eb8\u3002"}}