{"images":[{"startdate":"20220119","fullstartdate":"202201191600","enddate":"20220120","url":"\/th?id=OHR.GrahamAdelie_ZH-CN2945763969_1920x1080.jpg&rf=LaDigue_1920x1080.jpg&pid=hp","urlbase":"\/th?id=OHR.GrahamAdelie_ZH-CN2945763969","copyright":"\u683c\u96f7\u5384\u59c6\u6d77\u5ce1\u7684\u963f\u5fb7\u5229\u4f01\u9e45\uff0c\u5357\u6781\u6d32\u5357\u6781\u534a\u5c9b (\u00a9 Nick Garbutt\/Minden Pictures)","copyrightlink":"https:\/\/www.bing.com\/search?q=%E9%98%BF%E5%BE%B7%E5%88%A9%E4%BC%81%E9%B9%85&form=hpcapt&mkt=zh-cn","title":"","quiz":"\/search?q=Bing+homepage+quiz&filters=WQOskey:%22HPQuiz_20220119_GrahamAdelie%22&FORM=HPQUIZ","wp":true,"hsh":"4712039f66c2703aadd57ffa7b16f918","drk":1,"top":1,"bot":1,"hs":[]}],"tooltips":{"loading":"\u6b63\u5728\u52a0\u8f7d...","previous":"\u4e0a\u4e00\u4e2a\u56fe\u50cf","next":"\u4e0b\u4e00\u4e2a\u56fe\u50cf","walle":"\u6b64\u56fe\u7247\u4e0d\u80fd\u4e0b\u8f7d\u7528\u4f5c\u58c1\u7eb8\u3002","walls":"\u4e0b\u8f7d\u4eca\u65e5\u7f8e\u56fe\u3002\u4ec5\u9650\u7528\u4f5c\u684c\u9762\u58c1\u7eb8\u3002"}}