{"images":[{"startdate":"20211107","fullstartdate":"202111071600","enddate":"20211108","url":"\/th?id=OHR.ChurchillBears_ZH-CN1430090934_1920x1080.jpg&rf=LaDigue_1920x1080.jpg&pid=hp","urlbase":"\/th?id=OHR.ChurchillBears_ZH-CN1430090934","copyright":"\u597d\u5947\u5730\u770b\u7740\u76f8\u673a\u7684\u5317\u6781\u718a\uff0c\u52a0\u62ff\u5927\u4e18\u5409\u5c14\u9547 (\u00a9 Matthias Breiter\/Minden Pictures)","copyrightlink":"https:\/\/www.bing.com\/search?q=%E5%8C%97%E6%9E%81%E7%86%8A&form=hpcapt&mkt=zh-cn","title":"","quiz":"\/search?q=Bing+homepage+quiz&filters=WQOskey:%22HPQuiz_20211107_ChurchillBears%22&FORM=HPQUIZ","wp":true,"hsh":"cdc71c20bafa12ba639e6e488228eee6","drk":1,"top":1,"bot":1,"hs":[]}],"tooltips":{"loading":"\u6b63\u5728\u52a0\u8f7d...","previous":"\u4e0a\u4e00\u4e2a\u56fe\u50cf","next":"\u4e0b\u4e00\u4e2a\u56fe\u50cf","walle":"\u6b64\u56fe\u7247\u4e0d\u80fd\u4e0b\u8f7d\u7528\u4f5c\u58c1\u7eb8\u3002","walls":"\u4e0b\u8f7d\u4eca\u65e5\u7f8e\u56fe\u3002\u4ec5\u9650\u7528\u4f5c\u684c\u9762\u58c1\u7eb8\u3002"}}