{"images":[{"startdate":"20210603","fullstartdate":"202106031600","enddate":"20210604","url":"\/th?id=OHR.Pilat_ZH-CN0091553547_1920x1080.jpg&rf=LaDigue_1920x1080.jpg&pid=hp","urlbase":"\/th?id=OHR.Pilat_ZH-CN0091553547","copyright":"\u6cd5\u56fd\u897f\u5357\u90e8\u963f\u5361\u96c4\u6e7e\u7684\u76ae\u62c9\u6c99\u4e18 (\u00a9 aluxum\/iStock\/Getty Images Plus)","copyrightlink":"https:\/\/www.bing.com\/search?q=%E7%9A%AE%E6%8B%89%E6%B2%99%E4%B8%98&form=hpcapt&mkt=zh-cn","title":"","quiz":"\/search?q=Bing+homepage+quiz&filters=WQOskey:%22HPQuiz_20210603_Pilat%22&FORM=HPQUIZ","wp":true,"hsh":"b300c5c02e592cd186aa4d5821438c50","drk":1,"top":1,"bot":1,"hs":[]}],"tooltips":{"loading":"\u6b63\u5728\u52a0\u8f7d...","previous":"\u4e0a\u4e00\u4e2a\u56fe\u50cf","next":"\u4e0b\u4e00\u4e2a\u56fe\u50cf","walle":"\u6b64\u56fe\u7247\u4e0d\u80fd\u4e0b\u8f7d\u7528\u4f5c\u58c1\u7eb8\u3002","walls":"\u4e0b\u8f7d\u4eca\u65e5\u7f8e\u56fe\u3002\u4ec5\u9650\u7528\u4f5c\u684c\u9762\u58c1\u7eb8\u3002"}}