{"images":[{"startdate":"20210224","fullstartdate":"202102241600","enddate":"20210225","url":"\/th?id=OHR.Trevi_ZH-CN9831666780_1920x1080.jpg&rf=LaDigue_1920x1080.jpg&pid=hp","urlbase":"\/th?id=OHR.Trevi_ZH-CN9831666780","copyright":"\u4fef\u77b0\u7740\u7279\u96f7\u7ef4\u7684\u6241\u6843\u82b1\uff0c\u610f\u5927\u5229\u4f69\u9c81\u8d3e (\u00a9 Maurizio Rellini\/eStock Photo)","copyrightlink":"https:\/\/www.bing.com\/search?q=%E7%89%B9%E9%9B%B7%E7%BB%B4&form=hpcapt&mkt=zh-cn","title":"","quiz":"\/search?q=Bing+homepage+quiz&filters=WQOskey:%22HPQuiz_20210224_Trevi%22&FORM=HPQUIZ","wp":true,"hsh":"6c034c82e14de925ae7e601483633567","drk":1,"top":1,"bot":1,"hs":[]}],"tooltips":{"loading":"\u6b63\u5728\u52a0\u8f7d...","previous":"\u4e0a\u4e00\u4e2a\u56fe\u50cf","next":"\u4e0b\u4e00\u4e2a\u56fe\u50cf","walle":"\u6b64\u56fe\u7247\u4e0d\u80fd\u4e0b\u8f7d\u7528\u4f5c\u58c1\u7eb8\u3002","walls":"\u4e0b\u8f7d\u4eca\u65e5\u7f8e\u56fe\u3002\u4ec5\u9650\u7528\u4f5c\u684c\u9762\u58c1\u7eb8\u3002"}}