{"images":[{"startdate":"20210406","fullstartdate":"202104061600","enddate":"20210407","url":"\/th?id=OHR.WillowNewGrowth_ZH-CN3104122677_1920x1080.jpg&rf=LaDigue_1920x1080.jpg&pid=hp","urlbase":"\/th?id=OHR.WillowNewGrowth_ZH-CN3104122677","copyright":"\u65e9\u6625\u91cc\u7684\u67f3\u679d\uff0c\u660e\u5c3c\u82cf\u8fbe\u5dde (\u00a9 Jim Brandenburg\/Minden Pictures)","copyrightlink":"https:\/\/www.bing.com\/search?q=%E6%9F%B3%E6%9E%9D&form=hpcapt&mkt=zh-cn","title":"","quiz":"\/search?q=Bing+homepage+quiz&filters=WQOskey:%22HPQuiz_20210406_WillowNewGrowth%22&FORM=HPQUIZ","wp":false,"hsh":"319496ce69afb02b1106c0fb52f3ece8","drk":1,"top":1,"bot":1,"hs":[]}],"tooltips":{"loading":"\u6b63\u5728\u52a0\u8f7d...","previous":"\u4e0a\u4e00\u4e2a\u56fe\u50cf","next":"\u4e0b\u4e00\u4e2a\u56fe\u50cf","walle":"\u6b64\u56fe\u7247\u4e0d\u80fd\u4e0b\u8f7d\u7528\u4f5c\u58c1\u7eb8\u3002","walls":"\u4e0b\u8f7d\u4eca\u65e5\u7f8e\u56fe\u3002\u4ec5\u9650\u7528\u4f5c\u684c\u9762\u58c1\u7eb8\u3002"}}