{"images":[{"startdate":"20210705","fullstartdate":"202107051600","enddate":"20210706","url":"\/th?id=OHR.TawnyFrogmouth_ZH-CN4722501936_1920x1080.jpg&rf=LaDigue_1920x1080.jpg&pid=hp","urlbase":"\/th?id=OHR.TawnyFrogmouth_ZH-CN4722501936","copyright":"\u8336\u8272\u87c6\u53e3\u9e31\u96cf\u9e1f\uff0c\u6fb3\u5927\u5229\u4e9a (\u00a9 SnapRapid\/Offset by Shutterstock)","copyrightlink":"https:\/\/www.bing.com\/search?q=%E8%8C%B6%E8%89%B2%E8%9F%86%E5%8F%A3%E9%B8%B1&form=hpcapt&mkt=zh-cn","title":"","quiz":"\/search?q=Bing+homepage+quiz&filters=WQOskey:%22HPQuiz_20210705_TawnyFrogmouth%22&FORM=HPQUIZ","wp":true,"hsh":"db4665cdb8b57fedd8887037fc875150","drk":1,"top":1,"bot":1,"hs":[]}],"tooltips":{"loading":"\u6b63\u5728\u52a0\u8f7d...","previous":"\u4e0a\u4e00\u4e2a\u56fe\u50cf","next":"\u4e0b\u4e00\u4e2a\u56fe\u50cf","walle":"\u6b64\u56fe\u7247\u4e0d\u80fd\u4e0b\u8f7d\u7528\u4f5c\u58c1\u7eb8\u3002","walls":"\u4e0b\u8f7d\u4eca\u65e5\u7f8e\u56fe\u3002\u4ec5\u9650\u7528\u4f5c\u684c\u9762\u58c1\u7eb8\u3002"}}