{"images":[{"startdate":"20210314","fullstartdate":"202103141600","enddate":"20210315","url":"\/th?id=OHR.MassapequaOwl_ZH-CN8747028921_1920x1080.jpg&rf=LaDigue_1920x1080.jpg&pid=hp","urlbase":"\/th?id=OHR.MassapequaOwl_ZH-CN8747028921","copyright":"\u5728\u6811\u6d1e\u4e2d\u4f11\u606f\u7684\u9e23\u89d2\u9e2e\uff0c\u7ebd\u7ea6\u9a6c\u8428\u76ae\u5938\u4fdd\u62a4\u533a (\u00a9 Vicki Jauron, Babylon and Beyond Photography\/Getty Images)","copyrightlink":"https:\/\/www.bing.com\/search?q=%E9%B8%A3%E8%A7%92%E9%B8%AE&form=hpcapt&mkt=zh-cn","title":"","quiz":"\/search?q=Bing+homepage+quiz&filters=WQOskey:%22HPQuiz_20210314_MassapequaOwl%22&FORM=HPQUIZ","wp":true,"hsh":"0ed8284263f1e6f1bd363f0657e3ab23","drk":1,"top":1,"bot":1,"hs":[]}],"tooltips":{"loading":"\u6b63\u5728\u52a0\u8f7d...","previous":"\u4e0a\u4e00\u4e2a\u56fe\u50cf","next":"\u4e0b\u4e00\u4e2a\u56fe\u50cf","walle":"\u6b64\u56fe\u7247\u4e0d\u80fd\u4e0b\u8f7d\u7528\u4f5c\u58c1\u7eb8\u3002","walls":"\u4e0b\u8f7d\u4eca\u65e5\u7f8e\u56fe\u3002\u4ec5\u9650\u7528\u4f5c\u684c\u9762\u58c1\u7eb8\u3002"}}