{"images":[{"startdate":"20220117","fullstartdate":"202201171600","enddate":"20220118","url":"\/th?id=OHR.BurghausenWinter_ZH-CN2822501718_1920x1080.jpg&rf=LaDigue_1920x1080.jpg&pid=hp","urlbase":"\/th?id=OHR.BurghausenWinter_ZH-CN2822501718","copyright":"\u535a\u683c\u8c6a\u68ee\u9547\u548c\u8428\u5c14\u5bdf\u8d6b\u6cb3\uff0c\u5fb7\u56fd\u5df4\u4f10\u5229\u4e9a\u5dde (\u00a9 Harald Nachtmann\/Moment\/Getty Images)","copyrightlink":"https:\/\/www.bing.com\/search?q=%E5%BE%B7%E5%9B%BD&form=hpcapt&mkt=zh-cn","title":"","quiz":"\/search?q=Bing+homepage+quiz&filters=WQOskey:%22HPQuiz_20220117_BurghausenWinter%22&FORM=HPQUIZ","wp":true,"hsh":"5000a4902e314f72f8c3e10073070525","drk":1,"top":1,"bot":1,"hs":[]}],"tooltips":{"loading":"\u6b63\u5728\u52a0\u8f7d...","previous":"\u4e0a\u4e00\u4e2a\u56fe\u50cf","next":"\u4e0b\u4e00\u4e2a\u56fe\u50cf","walle":"\u6b64\u56fe\u7247\u4e0d\u80fd\u4e0b\u8f7d\u7528\u4f5c\u58c1\u7eb8\u3002","walls":"\u4e0b\u8f7d\u4eca\u65e5\u7f8e\u56fe\u3002\u4ec5\u9650\u7528\u4f5c\u684c\u9762\u58c1\u7eb8\u3002"}}