{"images":[{"startdate":"20211229","fullstartdate":"202112291600","enddate":"20211230","url":"\/th?id=OHR.WesterheverLight_ZH-CN6827035695_1920x1080.jpg&rf=LaDigue_1920x1080.jpg&pid=hp","urlbase":"\/th?id=OHR.WesterheverLight_ZH-CN6827035695","copyright":"\u661f\u7a7a\u4e0b\u7684\u706f\u5854\uff0c\u5fb7\u56fdWesterhever\u9547 (\u00a9 Sandra Bartocha\/Minden Pictures)","copyrightlink":"https:\/\/www.bing.com\/search?q=%E5%BE%B7%E5%9B%BDWesterhever&form=hpcapt&mkt=zh-cn","title":"","quiz":"\/search?q=Bing+homepage+quiz&filters=WQOskey:%22HPQuiz_20211229_WesterheverLight%22&FORM=HPQUIZ","wp":true,"hsh":"c75083e48ec8dbb81e0081d80f8f6922","drk":1,"top":1,"bot":1,"hs":[]}],"tooltips":{"loading":"\u6b63\u5728\u52a0\u8f7d...","previous":"\u4e0a\u4e00\u4e2a\u56fe\u50cf","next":"\u4e0b\u4e00\u4e2a\u56fe\u50cf","walle":"\u6b64\u56fe\u7247\u4e0d\u80fd\u4e0b\u8f7d\u7528\u4f5c\u58c1\u7eb8\u3002","walls":"\u4e0b\u8f7d\u4eca\u65e5\u7f8e\u56fe\u3002\u4ec5\u9650\u7528\u4f5c\u684c\u9762\u58c1\u7eb8\u3002"}}