{"images":[{"startdate":"20211017","fullstartdate":"202110171600","enddate":"20211018","url":"\/th?id=OHR.CapelCurig_ZH-CN5115677414_1920x1080.jpg&rf=LaDigue_1920x1080.jpg&pid=hp","urlbase":"\/th?id=OHR.CapelCurig_ZH-CN5115677414","copyright":"\u53f2\u8bfa\u591a\u5c3c\u4e9a\u56fd\u5bb6\u516c\u56ed\u7684Capel Curig\uff0c\u82f1\u56fd\u5a01\u5c14\u58eb (\u00a9 Sebastian Wasek\/Sime\/eStock Photo)","copyrightlink":"https:\/\/www.bing.com\/search?q=%E5%8F%B2%E8%AF%BA%E5%A4%9A%E5%B0%BC%E4%BA%9A%E5%9B%BD%E5%AE%B6%E5%85%AC%E5%9B%AD&form=hpcapt&mkt=zh-cn","title":"","quiz":"\/search?q=Bing+homepage+quiz&filters=WQOskey:%22HPQuiz_20211017_CapelCurig%22&FORM=HPQUIZ","wp":true,"hsh":"b18f35b877c813e5dbd2c3ec73c0efec","drk":1,"top":1,"bot":1,"hs":[]}],"tooltips":{"loading":"\u6b63\u5728\u52a0\u8f7d...","previous":"\u4e0a\u4e00\u4e2a\u56fe\u50cf","next":"\u4e0b\u4e00\u4e2a\u56fe\u50cf","walle":"\u6b64\u56fe\u7247\u4e0d\u80fd\u4e0b\u8f7d\u7528\u4f5c\u58c1\u7eb8\u3002","walls":"\u4e0b\u8f7d\u4eca\u65e5\u7f8e\u56fe\u3002\u4ec5\u9650\u7528\u4f5c\u684c\u9762\u58c1\u7eb8\u3002"}}