{"images":[{"startdate":"20210226","fullstartdate":"202102261600","enddate":"20210227","url":"\/th?id=OHR.SchneebergOchsenkopf_ZH-CN3115679592_1920x1080.jpg&rf=LaDigue_1920x1080.jpg&pid=hp","urlbase":"\/th?id=OHR.SchneebergOchsenkopf_ZH-CN3115679592","copyright":"\u9e1f\u77b0\u65bd\u5185\u8d1d\u683c\u5c71\u8109-\u5965\u514b\u68ee\u5cf0\uff0c\u5fb7\u56fd (\u00a9 Felix Meyer\/Adobe Stock)","copyrightlink":"https:\/\/www.bing.com\/search?q=%E5%A5%A5%E5%85%8B%E6%A3%AE%E5%B3%B0&form=hpcapt&mkt=zh-cn","title":"","quiz":"\/search?q=Bing+homepage+quiz&filters=WQOskey:%22HPQuiz_20210226_SchneebergOchsenkopf%22&FORM=HPQUIZ","wp":true,"hsh":"a4c64bb7f5db95665eeb1fd6db5da95c","drk":1,"top":1,"bot":1,"hs":[]}],"tooltips":{"loading":"\u6b63\u5728\u52a0\u8f7d...","previous":"\u4e0a\u4e00\u4e2a\u56fe\u50cf","next":"\u4e0b\u4e00\u4e2a\u56fe\u50cf","walle":"\u6b64\u56fe\u7247\u4e0d\u80fd\u4e0b\u8f7d\u7528\u4f5c\u58c1\u7eb8\u3002","walls":"\u4e0b\u8f7d\u4eca\u65e5\u7f8e\u56fe\u3002\u4ec5\u9650\u7528\u4f5c\u684c\u9762\u58c1\u7eb8\u3002"}}