{"images":[{"startdate":"20210727","fullstartdate":"202107271600","enddate":"20210728","url":"\/th?id=OHR.SeaGoldie_ZH-CN3208818667_1920x1080.jpg&rf=LaDigue_1920x1080.jpg&pid=hp","urlbase":"\/th?id=OHR.SeaGoldie_ZH-CN3208818667","copyright":"\u73ca\u745a\u7901\u5468\u56f4\u7684\u4e1d\u9ccd\u62df\u82b1\u9ba8\u9c7c\u7fa4\uff0c\u6fb3\u5927\u5229\u4e9a\u6606\u58eb\u5170\u5927\u5821\u7901 (\u00a9 Gary Bell\/Minden Pictures)","copyrightlink":"https:\/\/www.bing.com\/search?q=%E4%B8%9D%E9%B3%8D%E6%8B%9F%E8%8A%B1%E9%AE%A8&form=hpcapt&mkt=zh-cn","title":"","quiz":"\/search?q=Bing+homepage+quiz&filters=WQOskey:%22HPQuiz_20210727_SeaGoldie%22&FORM=HPQUIZ","wp":true,"hsh":"c2f1f76600bd4c707dadc4d21cab3d0e","drk":1,"top":1,"bot":1,"hs":[]}],"tooltips":{"loading":"\u6b63\u5728\u52a0\u8f7d...","previous":"\u4e0a\u4e00\u4e2a\u56fe\u50cf","next":"\u4e0b\u4e00\u4e2a\u56fe\u50cf","walle":"\u6b64\u56fe\u7247\u4e0d\u80fd\u4e0b\u8f7d\u7528\u4f5c\u58c1\u7eb8\u3002","walls":"\u4e0b\u8f7d\u4eca\u65e5\u7f8e\u56fe\u3002\u4ec5\u9650\u7528\u4f5c\u684c\u9762\u58c1\u7eb8\u3002"}}