{"images":[{"startdate":"20210528","fullstartdate":"202105281600","enddate":"20210529","url":"\/th?id=OHR.RedAlley_ZH-CN2795378972_1920x1080.jpg&rf=LaDigue_1920x1080.jpg&pid=hp","urlbase":"\/th?id=OHR.RedAlley_ZH-CN2795378972","copyright":"\u6b66\u4faf\u7960\u5185\u7ea2\u5899\u548c\u7af9\u6797\u63a9\u6620\u4e0b\u7684\u5c0f\u5df7\uff0c\u4e2d\u56fd\u6210\u90fd (\u00a9 Eastimages\/Getty Images)","copyrightlink":"https:\/\/www.bing.com\/search?q=%E6%AD%A6%E4%BE%AF%E7%A5%A0&form=hpcapt&mkt=zh-cn","title":"","quiz":"\/search?q=Bing+homepage+quiz&filters=WQOskey:%22HPQuiz_20210528_RedAlley%22&FORM=HPQUIZ","wp":true,"hsh":"9f73b9bc98c10707f7e5e36a90c518c3","drk":1,"top":1,"bot":1,"hs":[]}],"tooltips":{"loading":"\u6b63\u5728\u52a0\u8f7d...","previous":"\u4e0a\u4e00\u4e2a\u56fe\u50cf","next":"\u4e0b\u4e00\u4e2a\u56fe\u50cf","walle":"\u6b64\u56fe\u7247\u4e0d\u80fd\u4e0b\u8f7d\u7528\u4f5c\u58c1\u7eb8\u3002","walls":"\u4e0b\u8f7d\u4eca\u65e5\u7f8e\u56fe\u3002\u4ec5\u9650\u7528\u4f5c\u684c\u9762\u58c1\u7eb8\u3002"}}