{"images":[{"startdate":"20220328","fullstartdate":"202203281600","enddate":"20220329","url":"\/th?id=OHR.Buritaca_ZH-CN7178457066_1920x1080.jpg&rf=LaDigue_1920x1080.jpg&pid=hp","urlbase":"\/th?id=OHR.Buritaca_ZH-CN7178457066","copyright":"\u98ce\u666f\u79c0\u4e3d\u7684\u52a0\u52d2\u6bd4\u6d77\u5cb8\uff0c\u54e5\u4f26\u6bd4\u4e9a (\u00a9 Nicholas Hills\/Getty Images)","copyrightlink":"https:\/\/www.bing.com\/search?q=%E5%93%A5%E4%BC%A6%E6%AF%94%E4%BA%9A&form=hpcapt&mkt=zh-cn","title":"\u54e5\u4f26\u6bd4\u4e9a\u7684\u52a0\u52d2\u6bd4\u6d77\u5cb8\u7ebf","quiz":"\/search?q=Bing+homepage+quiz&filters=WQOskey:%22HPQuiz_20220328_Buritaca%22&FORM=HPQUIZ","wp":true,"hsh":"02ab29b2d9246ff4ff4adcb8d8a08f64","drk":1,"top":1,"bot":1,"hs":[]}],"tooltips":{"loading":"\u6b63\u5728\u52a0\u8f7d...","previous":"\u4e0a\u4e00\u4e2a\u56fe\u50cf","next":"\u4e0b\u4e00\u4e2a\u56fe\u50cf","walle":"\u6b64\u56fe\u7247\u4e0d\u80fd\u4e0b\u8f7d\u7528\u4f5c\u58c1\u7eb8\u3002","walls":"\u4e0b\u8f7d\u4eca\u65e5\u7f8e\u56fe\u3002\u4ec5\u9650\u7528\u4f5c\u684c\u9762\u58c1\u7eb8\u3002"}}