{"images":[{"startdate":"20210110","fullstartdate":"202101101600","enddate":"20210111","url":"\/th?id=OHR.SierraNevada_ZH-CN0564237735_1920x1080.jpg&rf=LaDigue_1920x1080.jpg&pid=hp","urlbase":"\/th?id=OHR.SierraNevada_ZH-CN0564237735","copyright":"Pradollano\u6ed1\u96ea\u7ad9\uff0c\u897f\u73ed\u7259\u5185\u534e\u8fbe\u5c71\u8109\u56fd\u5bb6\u516c\u56ed (\u00a9 NTCo\/iStock\/Getty Images Plus)","copyrightlink":"https:\/\/www.bing.com\/search?q=%E5%86%85%E5%8D%8E%E8%BE%BE%E5%B1%B1%E8%84%89%E5%9B%BD%E5%AE%B6%E5%85%AC%E5%9B%AD&form=hpcapt&mkt=zh-cn","title":"","quiz":"\/search?q=Bing+homepage+quiz&filters=WQOskey:%22HPQuiz_20210110_SierraNevada%22&FORM=HPQUIZ","wp":true,"hsh":"9ffe8630042e43a2192e8058313f6dc8","drk":1,"top":1,"bot":1,"hs":[]}],"tooltips":{"loading":"\u6b63\u5728\u52a0\u8f7d...","previous":"\u4e0a\u4e00\u4e2a\u56fe\u50cf","next":"\u4e0b\u4e00\u4e2a\u56fe\u50cf","walle":"\u6b64\u56fe\u7247\u4e0d\u80fd\u4e0b\u8f7d\u7528\u4f5c\u58c1\u7eb8\u3002","walls":"\u4e0b\u8f7d\u4eca\u65e5\u7f8e\u56fe\u3002\u4ec5\u9650\u7528\u4f5c\u684c\u9762\u58c1\u7eb8\u3002"}}