{"images":[{"startdate":"20220318","fullstartdate":"202203181600","enddate":"20220319","url":"\/th?id=OHR.Chicagohenge_ZH-CN7070361892_1920x1080.jpg&rf=LaDigue_1920x1080.jpg&pid=hp","urlbase":"\/th?id=OHR.Chicagohenge_ZH-CN7070361892","copyright":"\u65e5\u843d\u65f6\u7684\u60ac\u65e5\u73b0\u8c61\uff0c\u7f8e\u56fd\u829d\u52a0\u54e5 (\u00a9 Razvan Sera\/Amazing Aerial Agency)","copyrightlink":"https:\/\/www.bing.com\/search?q=%E6%82%AC%E6%97%A5%E7%8E%B0%E8%B1%A1&form=hpcapt&mkt=zh-cn","title":"\u57ce\u5e02\u7f51\u683c\u4f20\u9012\u4e86\u8fd9\u4e00\u5929\u8c61","quiz":"\/search?q=Bing+homepage+quiz&filters=WQOskey:%22HPQuiz_20220318_Chicagohenge%22&FORM=HPQUIZ","wp":true,"hsh":"89b99c0ee0be994ed529d8dac29bdb96","drk":1,"top":1,"bot":1,"hs":[]}],"tooltips":{"loading":"\u6b63\u5728\u52a0\u8f7d...","previous":"\u4e0a\u4e00\u4e2a\u56fe\u50cf","next":"\u4e0b\u4e00\u4e2a\u56fe\u50cf","walle":"\u6b64\u56fe\u7247\u4e0d\u80fd\u4e0b\u8f7d\u7528\u4f5c\u58c1\u7eb8\u3002","walls":"\u4e0b\u8f7d\u4eca\u65e5\u7f8e\u56fe\u3002\u4ec5\u9650\u7528\u4f5c\u684c\u9762\u58c1\u7eb8\u3002"}}