{"images":[{"startdate":"20220112","fullstartdate":"202201121600","enddate":"20220113","url":"\/th?id=OHR.TasiilaqAurora_ZH-CN0330057121_1920x1080.jpg&rf=LaDigue_1920x1080.jpg&pid=hp","urlbase":"\/th?id=OHR.TasiilaqAurora_ZH-CN0330057121","copyright":"\u6401\u6d45\u8239\u53ea\u4e0a\u7a7a\u7684\u6781\u5149\uff0c\u683c\u9675\u5170\u5c9b\u5854\u897f\u62c9\u514b (\u00a9 Shane P. White\/Minden Pictures)","copyrightlink":"https:\/\/www.bing.com\/search?q=%E6%9E%81%E5%85%89&form=hpcapt&mkt=zh-cn","title":"","quiz":"\/search?q=Bing+homepage+quiz&filters=WQOskey:%22HPQuiz_20220112_TasiilaqAurora%22&FORM=HPQUIZ","wp":true,"hsh":"7d02bba75fd57fe5bc29dd5952b03211","drk":1,"top":1,"bot":1,"hs":[]}],"tooltips":{"loading":"\u6b63\u5728\u52a0\u8f7d...","previous":"\u4e0a\u4e00\u4e2a\u56fe\u50cf","next":"\u4e0b\u4e00\u4e2a\u56fe\u50cf","walle":"\u6b64\u56fe\u7247\u4e0d\u80fd\u4e0b\u8f7d\u7528\u4f5c\u58c1\u7eb8\u3002","walls":"\u4e0b\u8f7d\u4eca\u65e5\u7f8e\u56fe\u3002\u4ec5\u9650\u7528\u4f5c\u684c\u9762\u58c1\u7eb8\u3002"}}