{"images":[{"startdate":"20220102","fullstartdate":"202201021600","enddate":"20220103","url":"\/th?id=OHR.LickObservatory_ZH-CN9676762110_1920x1080.jpg&rf=LaDigue_1920x1080.jpg&pid=hp","urlbase":"\/th?id=OHR.LickObservatory_ZH-CN9676762110","copyright":"\u6c49\u5bc6\u5c14\u987f\u5c71\u9876\u7684\u5229\u514b\u5929\u6587\u53f0\uff0c\u7f8e\u56fd\u52a0\u5229\u798f\u5c3c\u4e9a\u5dde (\u00a9 Jeffrey Lewis\/Tandem Stills + Motion)","copyrightlink":"https:\/\/www.bing.com\/search?q=%E5%88%A9%E5%85%8B%E5%A4%A9%E6%96%87%E5%8F%B0&form=hpcapt&mkt=zh-cn","title":"","quiz":"\/search?q=Bing+homepage+quiz&filters=WQOskey:%22HPQuiz_20220102_LickObservatory%22&FORM=HPQUIZ","wp":true,"hsh":"c1b40e3cedfe095004365a5d610cdd95","drk":1,"top":1,"bot":1,"hs":[]}],"tooltips":{"loading":"\u6b63\u5728\u52a0\u8f7d...","previous":"\u4e0a\u4e00\u4e2a\u56fe\u50cf","next":"\u4e0b\u4e00\u4e2a\u56fe\u50cf","walle":"\u6b64\u56fe\u7247\u4e0d\u80fd\u4e0b\u8f7d\u7528\u4f5c\u58c1\u7eb8\u3002","walls":"\u4e0b\u8f7d\u4eca\u65e5\u7f8e\u56fe\u3002\u4ec5\u9650\u7528\u4f5c\u684c\u9762\u58c1\u7eb8\u3002"}}