{"images":[{"startdate":"20211026","fullstartdate":"202110261600","enddate":"20211027","url":"\/th?id=OHR.NewtonPumpkins_ZH-CN2560195971_1920x1080.jpg&rf=LaDigue_1920x1080.jpg&pid=hp","urlbase":"\/th?id=OHR.NewtonPumpkins_ZH-CN2560195971","copyright":"\u725b\u987f\u5e02\u7684\u4e00\u7247\u5357\u74dc\u5730\uff0c\u7f8e\u56fd\u9a6c\u8428\u8bf8\u585e\u5dde (\u00a9 Frank Debonis\/EyeEm\/Alamy)","copyrightlink":"https:\/\/www.bing.com\/search?q=%E9%A9%AC%E8%90%A8%E8%AF%B8%E5%A1%9E%E5%B7%9E&form=hpcapt&mkt=zh-cn","title":"","quiz":"\/search?q=Bing+homepage+quiz&filters=WQOskey:%22HPQuiz_20211026_NewtonPumpkins%22&FORM=HPQUIZ","wp":true,"hsh":"681896ec2a8370ca59bdf26123386d05","drk":1,"top":1,"bot":1,"hs":[]}],"tooltips":{"loading":"\u6b63\u5728\u52a0\u8f7d...","previous":"\u4e0a\u4e00\u4e2a\u56fe\u50cf","next":"\u4e0b\u4e00\u4e2a\u56fe\u50cf","walle":"\u6b64\u56fe\u7247\u4e0d\u80fd\u4e0b\u8f7d\u7528\u4f5c\u58c1\u7eb8\u3002","walls":"\u4e0b\u8f7d\u4eca\u65e5\u7f8e\u56fe\u3002\u4ec5\u9650\u7528\u4f5c\u684c\u9762\u58c1\u7eb8\u3002"}}