{"images":[{"startdate":"20210617","fullstartdate":"202106171600","enddate":"20210618","url":"\/th?id=OHR.ReussRiver_ZH-CN5897721217_1920x1080.jpg&rf=LaDigue_1920x1080.jpg&pid=hp","urlbase":"\/th?id=OHR.ReussRiver_ZH-CN5897721217","copyright":"Aerial view of Chapel Bridge over the river Reuss in Lucerne, Switzerland (\u00a9 Neleman Initiative\/Gallery Stock)","copyrightlink":"https:\/\/www.bing.com\/search?q=Chapel&form=hpcapt&mkt=zh-cn","title":"","quiz":"\/search?q=Bing+homepage+quiz&filters=WQOskey:%22HPQuiz_20210617_ReussRiver%22&FORM=HPQUIZ","wp":true,"hsh":"ab169d8c206fe825a9aa3afaaf1825d8","drk":1,"top":1,"bot":1,"hs":[]}],"tooltips":{"loading":"\u6b63\u5728\u52a0\u8f7d...","previous":"\u4e0a\u4e00\u4e2a\u56fe\u50cf","next":"\u4e0b\u4e00\u4e2a\u56fe\u50cf","walle":"\u6b64\u56fe\u7247\u4e0d\u80fd\u4e0b\u8f7d\u7528\u4f5c\u58c1\u7eb8\u3002","walls":"\u4e0b\u8f7d\u4eca\u65e5\u7f8e\u56fe\u3002\u4ec5\u9650\u7528\u4f5c\u684c\u9762\u58c1\u7eb8\u3002"}}