{"images":[{"startdate":"20210211","fullstartdate":"202102111600","enddate":"20210212","url":"\/th?id=OHR.Lunarnewyear2021_ZH-CN4293313296_1920x1080.jpg&rf=LaDigue_1920x1080.jpg&pid=hp","urlbase":"\/th?id=OHR.Lunarnewyear2021_ZH-CN4293313296","copyright":"\u3010\u65b0\u5e74\u5feb\u4e50\u3011 \uff08 \u00a9 Kilito Chan \uff09","copyrightlink":"https:\/\/www.bing.com\/search?q=%E6%98%A5%E8%8A%82&form=hpcapt&mkt=zh-cn","title":"","quiz":"\/search?q=Bing+homepage+quiz&filters=WQOskey:%22HPQuiz_20210211_Lunarnewyear2021%22&FORM=HPQUIZ","wp":true,"hsh":"296af6bc4614bac7166d7db495e167eb","drk":1,"top":1,"bot":1,"hs":[]}],"tooltips":{"loading":"\u6b63\u5728\u52a0\u8f7d...","previous":"\u4e0a\u4e00\u4e2a\u56fe\u50cf","next":"\u4e0b\u4e00\u4e2a\u56fe\u50cf","walle":"\u6b64\u56fe\u7247\u4e0d\u80fd\u4e0b\u8f7d\u7528\u4f5c\u58c1\u7eb8\u3002","walls":"\u4e0b\u8f7d\u4eca\u65e5\u7f8e\u56fe\u3002\u4ec5\u9650\u7528\u4f5c\u684c\u9762\u58c1\u7eb8\u3002"}}