{"images":[{"startdate":"20210623","fullstartdate":"202106231600","enddate":"20210624","url":"\/th?id=OHR.DenaliCaribou_ZH-CN9804350098_1920x1080.jpg&rf=LaDigue_1920x1080.jpg&pid=hp","urlbase":"\/th?id=OHR.DenaliCaribou_ZH-CN9804350098","copyright":"\u5fb7\u7eb3\u5229\u56fd\u5bb6\u516c\u56ed\u548c\u81ea\u7136\u4fdd\u62a4\u533a\u7684\u9a6f\u9e7f\uff0c\u963f\u62c9\u65af\u52a0 (\u00a9 Design Pics\/Danita Delimont)","copyrightlink":"https:\/\/www.bing.com\/search?q=%E9%A9%AF%E9%B9%BF&form=hpcapt&mkt=zh-cn","title":"","quiz":"\/search?q=Bing+homepage+quiz&filters=WQOskey:%22HPQuiz_20210623_DenaliCaribou%22&FORM=HPQUIZ","wp":true,"hsh":"2b364634e910328ab26c8a5701578459","drk":1,"top":1,"bot":1,"hs":[]}],"tooltips":{"loading":"\u6b63\u5728\u52a0\u8f7d...","previous":"\u4e0a\u4e00\u4e2a\u56fe\u50cf","next":"\u4e0b\u4e00\u4e2a\u56fe\u50cf","walle":"\u6b64\u56fe\u7247\u4e0d\u80fd\u4e0b\u8f7d\u7528\u4f5c\u58c1\u7eb8\u3002","walls":"\u4e0b\u8f7d\u4eca\u65e5\u7f8e\u56fe\u3002\u4ec5\u9650\u7528\u4f5c\u684c\u9762\u58c1\u7eb8\u3002"}}