{"images":[{"startdate":"20211005","fullstartdate":"202110051600","enddate":"20211006","url":"\/th?id=OHR.SWColorado_ZH-CN2381176407_1920x1080.jpg&rf=LaDigue_1920x1080.jpg&pid=hp","urlbase":"\/th?id=OHR.SWColorado_ZH-CN2381176407","copyright":"\u8fbe\u62c9\u65af\u5206\u6c34\u5cad, \u79d1\u7f57\u62c9\u591a\u5dde\u897f\u5357\u90e8 (\u00a9 Ronda Kimbrow\/Shutterstock)","copyrightlink":"https:\/\/www.bing.com\/search?q=%E7%A7%91%E7%BD%97%E6%8B%89%E5%A4%9A%E5%B7%9E&form=hpcapt&mkt=zh-cn","title":"","quiz":"\/search?q=Bing+homepage+quiz&filters=WQOskey:%22HPQuiz_20211005_SWColorado%22&FORM=HPQUIZ","wp":true,"hsh":"eee4c586ada88c7d976e435c2a44cff2","drk":1,"top":1,"bot":1,"hs":[]}],"tooltips":{"loading":"\u6b63\u5728\u52a0\u8f7d...","previous":"\u4e0a\u4e00\u4e2a\u56fe\u50cf","next":"\u4e0b\u4e00\u4e2a\u56fe\u50cf","walle":"\u6b64\u56fe\u7247\u4e0d\u80fd\u4e0b\u8f7d\u7528\u4f5c\u58c1\u7eb8\u3002","walls":"\u4e0b\u8f7d\u4eca\u65e5\u7f8e\u56fe\u3002\u4ec5\u9650\u7528\u4f5c\u684c\u9762\u58c1\u7eb8\u3002"}}