{"images":[{"startdate":"20211015","fullstartdate":"202110151600","enddate":"20211016","url":"\/th?id=OHR.Hatshepsut_ZH-CN4516192627_1920x1080.jpg&rf=LaDigue_1920x1080.jpg&pid=hp","urlbase":"\/th?id=OHR.Hatshepsut_ZH-CN4516192627","copyright":"\u54c8\u7279\u8c22\u666e\u82cf\u7279\u5973\u738b\u795e\u5e99\u9e1f\u77b0\u56fe\uff0c\u57c3\u53ca\u5362\u514b\u7d22\u53e4\u57ce (\u00a9 Ratnakorn Piyasirisorost\/Moment\/Getty Images)","copyrightlink":"https:\/\/www.bing.com\/search?q=%E5%93%88%E7%89%B9%E8%B0%A2%E6%99%AE%E8%8B%8F%E7%89%B9%E5%A5%B3%E7%8E%8B%E7%A5%9E%E5%BA%99&form=hpcapt&mkt=zh-cn","title":"","quiz":"\/search?q=Bing+homepage+quiz&filters=WQOskey:%22HPQuiz_20211015_Hatshepsut%22&FORM=HPQUIZ","wp":true,"hsh":"63a1c81889711ed97944ce33968327c7","drk":1,"top":1,"bot":1,"hs":[]}],"tooltips":{"loading":"\u6b63\u5728\u52a0\u8f7d...","previous":"\u4e0a\u4e00\u4e2a\u56fe\u50cf","next":"\u4e0b\u4e00\u4e2a\u56fe\u50cf","walle":"\u6b64\u56fe\u7247\u4e0d\u80fd\u4e0b\u8f7d\u7528\u4f5c\u58c1\u7eb8\u3002","walls":"\u4e0b\u8f7d\u4eca\u65e5\u7f8e\u56fe\u3002\u4ec5\u9650\u7528\u4f5c\u684c\u9762\u58c1\u7eb8\u3002"}}