{"images":[{"startdate":"20201212","fullstartdate":"202012121600","enddate":"20201213","url":"/th?id=OHR.PolarExpress_ZH-CN9522496479_1920x1080.jpg&rf=LaDigue_1920x1080.jpg&pid=hp","urlbase":"/th?id=OHR.PolarExpress_ZH-CN9522496479","copyright":"戈尔内格拉特火车站和马特洪峰，瑞士采尔马特 (© coolbiere photograph/Getty Images)","copyrightlink":"https://www.bing.com/search?q=%E9%87%87%E5%B0%94%E9%A9%AC%E7%89%B9&form=hpcapt&mkt=zh-cn","title":"","quiz":"/search?q=Bing+homepage+quiz&filters=WQOskey:%22HPQuiz_20201212_PolarExpress%22&FORM=HPQUIZ","wp":true,"hsh":"2f595ee4c5b6caf662f6697850e29e24","drk":1,"top":1,"bot":1,"hs":[]}],"tooltips":{"loading":"正在加载...","previous":"上一个图像","next":"下一个图像","walle":"此图片不能下载用作壁纸。","walls":"下载今日美图。仅限用作桌面壁纸。"}}