{"images":[{"startdate":"20210707","fullstartdate":"202107071600","enddate":"20210708","url":"\/th?id=OHR.AppalachianTrail_ZH-CN5076145300_1920x1080.jpg&rf=LaDigue_1920x1080.jpg&pid=hp","urlbase":"\/th?id=OHR.AppalachianTrail_ZH-CN5076145300","copyright":"\u963f\u5df4\u62c9\u5951\u4e9a\u56fd\u5bb6\u6b65\u9053,\u65b0\u6cfd\u897f\u5dde\u65af\u6258\u514b\u65af\u5dde\u7acb\u68ee\u6797 (\u00a9 Frank DeBonis\/Getty Images)","copyrightlink":"https:\/\/www.bing.com\/search?q=%E9%98%BF%E5%B7%B4%E6%8B%89%E5%A5%91%E4%BA%9A%E5%9B%BD%E5%AE%B6%E6%AD%A5%E9%81%93&form=hpcapt&mkt=zh-cn","title":"","quiz":"\/search?q=Bing+homepage+quiz&filters=WQOskey:%22HPQuiz_20210707_AppalachianTrail%22&FORM=HPQUIZ","wp":true,"hsh":"951b65b392ce43f606420edb3edbad81","drk":1,"top":1,"bot":1,"hs":[]}],"tooltips":{"loading":"\u6b63\u5728\u52a0\u8f7d...","previous":"\u4e0a\u4e00\u4e2a\u56fe\u50cf","next":"\u4e0b\u4e00\u4e2a\u56fe\u50cf","walle":"\u6b64\u56fe\u7247\u4e0d\u80fd\u4e0b\u8f7d\u7528\u4f5c\u58c1\u7eb8\u3002","walls":"\u4e0b\u8f7d\u4eca\u65e5\u7f8e\u56fe\u3002\u4ec5\u9650\u7528\u4f5c\u684c\u9762\u58c1\u7eb8\u3002"}}