{"images":[{"startdate":"20210103","fullstartdate":"202101031600","enddate":"20210104","url":"\/th?id=OHR.DiamondBeach_ZH-CN3165398805_1920x1080.jpg&rf=LaDigue_1920x1080.jpg&pid=hp","urlbase":"\/th?id=OHR.DiamondBeach_ZH-CN3165398805","copyright":"\u51b0\u6cb3\u6e56\u5bf9\u9762\u7684\u94bb\u77f3\u51b0\u6c99\u6ee9\uff0c\u51b0\u5c9b (\u00a9 surangaw\/Getty Images)","copyrightlink":"https:\/\/www.bing.com\/search?q=%E9%92%BB%E7%9F%B3%E5%86%B0%E6%B2%99%E6%BB%A9&form=hpcapt&mkt=zh-cn","title":"","quiz":"\/search?q=Bing+homepage+quiz&filters=WQOskey:%22HPQuiz_20210103_DiamondBeach%22&FORM=HPQUIZ","wp":true,"hsh":"ab53e3c6060788e3f42cb1e01c769ada","drk":1,"top":1,"bot":1,"hs":[]}],"tooltips":{"loading":"\u6b63\u5728\u52a0\u8f7d...","previous":"\u4e0a\u4e00\u4e2a\u56fe\u50cf","next":"\u4e0b\u4e00\u4e2a\u56fe\u50cf","walle":"\u6b64\u56fe\u7247\u4e0d\u80fd\u4e0b\u8f7d\u7528\u4f5c\u58c1\u7eb8\u3002","walls":"\u4e0b\u8f7d\u4eca\u65e5\u7f8e\u56fe\u3002\u4ec5\u9650\u7528\u4f5c\u684c\u9762\u58c1\u7eb8\u3002"}}