{"images":[{"startdate":"20210421","fullstartdate":"202104211600","enddate":"20210422","url":"\/th?id=OHR.MississippiRiver_ZH-CN5718433026_1920x1080.jpg&rf=LaDigue_1920x1080.jpg&pid=hp","urlbase":"\/th?id=OHR.MississippiRiver_ZH-CN5718433026","copyright":"\u4f4d\u4e8e\u963f\u80af\u8272\u5dde\u548c\u5bc6\u897f\u897f\u6bd4\u5dde\u4ea4\u754c\u5904\u7684\u5bc6\u897f\u897f\u6bd4\u6cb3 (\u00a9 NASA)","copyrightlink":"https:\/\/www.bing.com\/search?q=%E5%AF%86%E8%A5%BF%E8%A5%BF%E6%AF%94%E6%B2%B3&form=hpcapt&mkt=zh-cn","title":"","quiz":"\/search?q=Bing+homepage+quiz&filters=WQOskey:%22HPQuiz_20210421_MississippiRiver%22&FORM=HPQUIZ","wp":true,"hsh":"7810fe4ae5cf5a0b1f233629f3e09ecd","drk":1,"top":1,"bot":1,"hs":[]}],"tooltips":{"loading":"\u6b63\u5728\u52a0\u8f7d...","previous":"\u4e0a\u4e00\u4e2a\u56fe\u50cf","next":"\u4e0b\u4e00\u4e2a\u56fe\u50cf","walle":"\u6b64\u56fe\u7247\u4e0d\u80fd\u4e0b\u8f7d\u7528\u4f5c\u58c1\u7eb8\u3002","walls":"\u4e0b\u8f7d\u4eca\u65e5\u7f8e\u56fe\u3002\u4ec5\u9650\u7528\u4f5c\u684c\u9762\u58c1\u7eb8\u3002"}}