{"images":[{"startdate":"20220205","fullstartdate":"202202051600","enddate":"20220206","url":"\/th?id=OHR.Oymyakon_ZH-CN7758768574_1920x1080.jpg&rf=LaDigue_1920x1080.jpg&pid=hp","urlbase":"\/th?id=OHR.Oymyakon_ZH-CN7758768574","copyright":"\u5965\u4f0a\u7c73\u4e9a\u5eb7\u7684\u51ac\u5929\uff0c\u4fc4\u7f57\u65af (\u00a9 Alexandr Berdicevschi\/Getty Images)","copyrightlink":"https:\/\/www.bing.com\/search?q=%E4%BF%84%E7%BD%97%E6%96%AF%E5%A5%A5%E4%BC%8A%E7%B1%B3%E4%BA%9A%E5%BA%B7&form=hpcapt&mkt=zh-cn","title":"\u592a\u592a\u592a\u592a\u592a\u51b7\u4e86","quiz":"\/search?q=Bing+homepage+quiz&filters=WQOskey:%22HPQuiz_20220205_Oymyakon%22&FORM=HPQUIZ","wp":true,"hsh":"6f7d3707aa058fef64d9133a7a69ec24","drk":1,"top":1,"bot":1,"hs":[]}],"tooltips":{"loading":"\u6b63\u5728\u52a0\u8f7d...","previous":"\u4e0a\u4e00\u4e2a\u56fe\u50cf","next":"\u4e0b\u4e00\u4e2a\u56fe\u50cf","walle":"\u6b64\u56fe\u7247\u4e0d\u80fd\u4e0b\u8f7d\u7528\u4f5c\u58c1\u7eb8\u3002","walls":"\u4e0b\u8f7d\u4eca\u65e5\u7f8e\u56fe\u3002\u4ec5\u9650\u7528\u4f5c\u684c\u9762\u58c1\u7eb8\u3002"}}