{"images":[{"startdate":"20210409","fullstartdate":"202104091600","enddate":"20210410","url":"\/th?id=OHR.SiblingBears_ZH-CN5349441901_1920x1080.jpg&rf=LaDigue_1920x1080.jpg&pid=hp","urlbase":"\/th?id=OHR.SiblingBears_ZH-CN5349441901","copyright":"\u5728\u8fea\u7eb3\u5229\u56fd\u5bb6\u516c\u56ed\u4e2d\u73a9\u800d\u7684\u7070\u718a\u5e7c\u5d3d\uff0c\u963f\u62c9\u65af\u52a0  (\u00a9 Ron Niebrugge\/Alamy)","copyrightlink":"https:\/\/www.bing.com\/search?q=%E7%81%B0%E7%86%8A&form=hpcapt&mkt=zh-cn","title":"","quiz":"\/search?q=Bing+homepage+quiz&filters=WQOskey:%22HPQuiz_20210409_SiblingBears%22&FORM=HPQUIZ","wp":true,"hsh":"fe53457b9a2f3ac8ae1eb3f7e650a01b","drk":1,"top":1,"bot":1,"hs":[]}],"tooltips":{"loading":"\u6b63\u5728\u52a0\u8f7d...","previous":"\u4e0a\u4e00\u4e2a\u56fe\u50cf","next":"\u4e0b\u4e00\u4e2a\u56fe\u50cf","walle":"\u6b64\u56fe\u7247\u4e0d\u80fd\u4e0b\u8f7d\u7528\u4f5c\u58c1\u7eb8\u3002","walls":"\u4e0b\u8f7d\u4eca\u65e5\u7f8e\u56fe\u3002\u4ec5\u9650\u7528\u4f5c\u684c\u9762\u58c1\u7eb8\u3002"}}