{"images":[{"startdate":"20210220","fullstartdate":"202102201600","enddate":"20210221","url":"\/th?id=OHR.Porto_ZH-CN9117852684_1920x1080.jpg&rf=LaDigue_1920x1080.jpg&pid=hp","urlbase":"\/th?id=OHR.Porto_ZH-CN9117852684","copyright":"\u6ce2\u5c14\u56fe\uff0c\u8461\u8404\u7259 (\u00a9 Kanuman\/Shutterstock)","copyrightlink":"https:\/\/www.bing.com\/search?q=%E6%B3%A2%E5%B0%94%E5%9B%BE&form=hpcapt&mkt=zh-cn","title":"","quiz":"\/search?q=Bing+homepage+quiz&filters=WQOskey:%22HPQuiz_20210220_Porto%22&FORM=HPQUIZ","wp":true,"hsh":"56d283e22c554efcfb4d4f09dacf0c09","drk":1,"top":1,"bot":1,"hs":[]}],"tooltips":{"loading":"\u6b63\u5728\u52a0\u8f7d...","previous":"\u4e0a\u4e00\u4e2a\u56fe\u50cf","next":"\u4e0b\u4e00\u4e2a\u56fe\u50cf","walle":"\u6b64\u56fe\u7247\u4e0d\u80fd\u4e0b\u8f7d\u7528\u4f5c\u58c1\u7eb8\u3002","walls":"\u4e0b\u8f7d\u4eca\u65e5\u7f8e\u56fe\u3002\u4ec5\u9650\u7528\u4f5c\u684c\u9762\u58c1\u7eb8\u3002"}}