{"images":[{"startdate":"20210521","fullstartdate":"202105211600","enddate":"20210522","url":"\/th?id=OHR.CapeofTossa_ZH-CN1743321499_1920x1080.jpg&rf=LaDigue_1920x1080.jpg&pid=hp","urlbase":"\/th?id=OHR.CapeofTossa_ZH-CN1743321499","copyright":"\u7531\u4e2d\u4e16\u7eaa\u7684\u57ce\u5899\u5305\u56f4\u7740\u7684\u5e02\u9547\uff0c\u897f\u73ed\u7259\u6ee8\u6d77\u6258\u8428 (\u00a9 dleiva\/Alamy)","copyrightlink":"https:\/\/www.bing.com\/search?q=%E6%BB%A8%E6%B5%B7%E6%89%98%E8%90%A8&form=hpcapt&mkt=zh-cn","title":"","quiz":"\/search?q=Bing+homepage+quiz&filters=WQOskey:%22HPQuiz_20210521_CapeofTossa%22&FORM=HPQUIZ","wp":true,"hsh":"ee707d2949471628cfa293f0fc336d80","drk":1,"top":1,"bot":1,"hs":[]}],"tooltips":{"loading":"\u6b63\u5728\u52a0\u8f7d...","previous":"\u4e0a\u4e00\u4e2a\u56fe\u50cf","next":"\u4e0b\u4e00\u4e2a\u56fe\u50cf","walle":"\u6b64\u56fe\u7247\u4e0d\u80fd\u4e0b\u8f7d\u7528\u4f5c\u58c1\u7eb8\u3002","walls":"\u4e0b\u8f7d\u4eca\u65e5\u7f8e\u56fe\u3002\u4ec5\u9650\u7528\u4f5c\u684c\u9762\u58c1\u7eb8\u3002"}}