{"images":[{"startdate":"20210331","fullstartdate":"202103311600","enddate":"20210401","url":"\/th?id=OHR.FooledYa_ZH-CN1264990804_1920x1080.jpg&rf=LaDigue_1920x1080.jpg&pid=hp","urlbase":"\/th?id=OHR.FooledYa_ZH-CN1264990804","copyright":"\u5361\u683c\u62c9\u683c\u5e1d\u8fb9\u5883\u516c\u56ed\u4e2d\u4e00\u5bf9\u6b63\u5728\u6c42\u5076\u7684\u9e35\u9e1f\uff0c\u5357\u975e (\u00a9 Tina Malfilatre\/Minden Pictures)","copyrightlink":"https:\/\/www.bing.com\/search?q=%E9%B8%B5%E9%B8%9F&form=hpcapt&mkt=zh-cn","title":"","quiz":"\/search?q=Bing+homepage+quiz&filters=WQOskey:%22HPQuiz_20210331_FooledYa%22&FORM=HPQUIZ","wp":true,"hsh":"58ce6c472def75a58cc8d6fa1bb66ef0","drk":1,"top":1,"bot":1,"hs":[]}],"tooltips":{"loading":"\u6b63\u5728\u52a0\u8f7d...","previous":"\u4e0a\u4e00\u4e2a\u56fe\u50cf","next":"\u4e0b\u4e00\u4e2a\u56fe\u50cf","walle":"\u6b64\u56fe\u7247\u4e0d\u80fd\u4e0b\u8f7d\u7528\u4f5c\u58c1\u7eb8\u3002","walls":"\u4e0b\u8f7d\u4eca\u65e5\u7f8e\u56fe\u3002\u4ec5\u9650\u7528\u4f5c\u684c\u9762\u58c1\u7eb8\u3002"}}