{"images":[{"startdate":"20211129","fullstartdate":"202111291600","enddate":"20211130","url":"\/th?id=OHR.ElephantGiving_ZH-CN9743352473_1920x1080.jpg&rf=LaDigue_1920x1080.jpg&pid=hp","urlbase":"\/th?id=OHR.ElephantGiving_ZH-CN9743352473","copyright":"\u9a6c\u8d5b\u9a6c\u62c9\u56fd\u5bb6\u4fdd\u62a4\u533a\u4e2d\u7684\u975e\u6d32\u8349\u539f\u8c61\uff0c\u80af\u5c3c\u4e9a (\u00a9 Yva Momatiuk and John Eastcott\/Minden Pictures)","copyrightlink":"https:\/\/www.bing.com\/search?q=%E9%9D%9E%E6%B4%B2%E8%8D%89%E5%8E%9F%E8%B1%A1&form=hpcapt&mkt=zh-cn","title":"","quiz":"\/search?q=Bing+homepage+quiz&filters=WQOskey:%22HPQuiz_20211129_ElephantGiving%22&FORM=HPQUIZ","wp":true,"hsh":"e9a2162e9a4784993285642a017c0693","drk":1,"top":1,"bot":1,"hs":[]}],"tooltips":{"loading":"\u6b63\u5728\u52a0\u8f7d...","previous":"\u4e0a\u4e00\u4e2a\u56fe\u50cf","next":"\u4e0b\u4e00\u4e2a\u56fe\u50cf","walle":"\u6b64\u56fe\u7247\u4e0d\u80fd\u4e0b\u8f7d\u7528\u4f5c\u58c1\u7eb8\u3002","walls":"\u4e0b\u8f7d\u4eca\u65e5\u7f8e\u56fe\u3002\u4ec5\u9650\u7528\u4f5c\u684c\u9762\u58c1\u7eb8\u3002"}}