{"images":[{"startdate":"20220204","fullstartdate":"202202041600","enddate":"20220205","url":"\/th?id=OHR.MexicoMonarchs_ZH-CN7526758236_1920x1080.jpg&rf=LaDigue_1920x1080.jpg&pid=hp","urlbase":"\/th?id=OHR.MexicoMonarchs_ZH-CN7526758236","copyright":"\u6f2b\u5929\u98de\u821e\u7684\u9ed1\u8109\u91d1\u6591\u8776\uff0c\u58a8\u897f\u54e5 (\u00a9 Sylvain Cordier\/Minden Pictures)","copyrightlink":"https:\/\/www.bing.com\/search?q=%E9%BB%91%E8%84%89%E9%87%91%E6%96%91%E8%9D%B6&form=hpcapt&mkt=zh-cn","title":"\u8774\u8776\u4e4b\u738b","quiz":"\/search?q=Bing+homepage+quiz&filters=WQOskey:%22HPQuiz_20220204_MexicoMonarchs%22&FORM=HPQUIZ","wp":true,"hsh":"11ff0a45b343c375cf984f275b7d523e","drk":1,"top":1,"bot":1,"hs":[]}],"tooltips":{"loading":"\u6b63\u5728\u52a0\u8f7d...","previous":"\u4e0a\u4e00\u4e2a\u56fe\u50cf","next":"\u4e0b\u4e00\u4e2a\u56fe\u50cf","walle":"\u6b64\u56fe\u7247\u4e0d\u80fd\u4e0b\u8f7d\u7528\u4f5c\u58c1\u7eb8\u3002","walls":"\u4e0b\u8f7d\u4eca\u65e5\u7f8e\u56fe\u3002\u4ec5\u9650\u7528\u4f5c\u684c\u9762\u58c1\u7eb8\u3002"}}