{"images":[{"startdate":"20220404","fullstartdate":"202204041600","enddate":"20220405","url":"\/th?id=OHR.Godafoss_ZH-CN9460037606_1920x1080.jpg&rf=LaDigue_1920x1080.jpg&pid=hp","urlbase":"\/th?id=OHR.Godafoss_ZH-CN9460037606","copyright":"\u5317\u6781\u5149\u4e0b\u7684\u4f17\u795e\u7011\u5e03\uff0c\u51b0\u5c9b (\u00a9 Anton Petrus\/Getty Images)","copyrightlink":"https:\/\/www.bing.com\/search?q=%E4%BC%97%E7%A5%9E%E7%80%91%E5%B8%83&form=hpcapt&mkt=zh-cn","title":"\u51b0\u96ea\u4e4b\u5730","quiz":"\/search?q=Bing+homepage+quiz&filters=WQOskey:%22HPQuiz_20220404_Godafoss%22&FORM=HPQUIZ","wp":true,"hsh":"e1eae2a4007815e67e5345f418a36d11","drk":1,"top":1,"bot":1,"hs":[]}],"tooltips":{"loading":"\u6b63\u5728\u52a0\u8f7d...","previous":"\u4e0a\u4e00\u4e2a\u56fe\u50cf","next":"\u4e0b\u4e00\u4e2a\u56fe\u50cf","walle":"\u6b64\u56fe\u7247\u4e0d\u80fd\u4e0b\u8f7d\u7528\u4f5c\u58c1\u7eb8\u3002","walls":"\u4e0b\u8f7d\u4eca\u65e5\u7f8e\u56fe\u3002\u4ec5\u9650\u7528\u4f5c\u684c\u9762\u58c1\u7eb8\u3002"}}