{"images":[{"startdate":"20210529","fullstartdate":"202105291600","enddate":"20210530","url":"\/th?id=OHR.SeaDog_ZH-CN2900177328_1920x1080.jpg&rf=LaDigue_1920x1080.jpg&pid=hp","urlbase":"\/th?id=OHR.SeaDog_ZH-CN2900177328","copyright":"\u6d77\u5ce1\u7fa4\u5c9b\u9644\u8fd1\u5de8\u85fb\u6797\u4e2d\u7684\u52a0\u5229\u798f\u5c3c\u4e9a\u6d77\u72ee (\u00a9 Nature Picture Library\/Alamy)","copyrightlink":"https:\/\/www.bing.com\/search?q=%E5%8A%A0%E5%88%A9%E7%A6%8F%E5%B0%BC%E4%BA%9A%E6%B5%B7%E7%8B%AE&form=hpcapt&mkt=zh-cn","title":"","quiz":"\/search?q=Bing+homepage+quiz&filters=WQOskey:%22HPQuiz_20210529_SeaDog%22&FORM=HPQUIZ","wp":true,"hsh":"fe981bfe597737b7af3181c958996e18","drk":1,"top":1,"bot":1,"hs":[]}],"tooltips":{"loading":"\u6b63\u5728\u52a0\u8f7d...","previous":"\u4e0a\u4e00\u4e2a\u56fe\u50cf","next":"\u4e0b\u4e00\u4e2a\u56fe\u50cf","walle":"\u6b64\u56fe\u7247\u4e0d\u80fd\u4e0b\u8f7d\u7528\u4f5c\u58c1\u7eb8\u3002","walls":"\u4e0b\u8f7d\u4eca\u65e5\u7f8e\u56fe\u3002\u4ec5\u9650\u7528\u4f5c\u684c\u9762\u58c1\u7eb8\u3002"}}