{"images":[{"startdate":"20220203","fullstartdate":"202202031600","enddate":"20220204","url":"\/th?id=OHR.WinterOlymics_ZH-CN7384614076_1920x1080.jpg&rf=LaDigue_1920x1080.jpg&pid=hp","urlbase":"\/th?id=OHR.WinterOlymics_ZH-CN7384614076","copyright":"\u4e9a\u8fd0\u6751\u591c\u666f\uff0c\u5317\u4eac (\u00a9 ViewStock\/Getty Images)","copyrightlink":"https:\/\/www.bing.com\/search?q=%E5%86%AC%E5%A5%A5%E4%BC%9A&form=hpcapt&mkt=zh-cn","title":"2022\u5e74\u5317\u4eac\u51ac\u5965\u4f1a\u5f00\u5e55\uff01","quiz":"\/search?q=Bing+homepage+quiz&filters=WQOskey:%22HPQuiz_20220203_WinterOlymics%22&FORM=HPQUIZ","wp":true,"hsh":"c31e2f47dcd42d762a4fdc2376fc8d38","drk":1,"top":1,"bot":1,"hs":[]}],"tooltips":{"loading":"\u6b63\u5728\u52a0\u8f7d...","previous":"\u4e0a\u4e00\u4e2a\u56fe\u50cf","next":"\u4e0b\u4e00\u4e2a\u56fe\u50cf","walle":"\u6b64\u56fe\u7247\u4e0d\u80fd\u4e0b\u8f7d\u7528\u4f5c\u58c1\u7eb8\u3002","walls":"\u4e0b\u8f7d\u4eca\u65e5\u7f8e\u56fe\u3002\u4ec5\u9650\u7528\u4f5c\u684c\u9762\u58c1\u7eb8\u3002"}}