{"images":[{"startdate":"20210612","fullstartdate":"202106121600","enddate":"20210613","url":"\/th?id=OHR.FinlandBrownBear_ZH-CN5507007611_1920x1080.jpg&rf=LaDigue_1920x1080.jpg&pid=hp","urlbase":"\/th?id=OHR.FinlandBrownBear_ZH-CN5507007611","copyright":"\u5317\u65b9\u9488\u53f6\u6797\u4e2d\u7684\u6b27\u6d32\u68d5\u718a\u5e7c\u5d3d\uff0c\u82ac\u5170 (\u00a9 Jules Cox\/Minden Pictures)","copyrightlink":"https:\/\/www.bing.com\/search?q=%E6%A3%95%E7%86%8A&form=hpcapt&mkt=zh-cn","title":"","quiz":"\/search?q=Bing+homepage+quiz&filters=WQOskey:%22HPQuiz_20210612_FinlandBrownBear%22&FORM=HPQUIZ","wp":true,"hsh":"cf9ed5ed8475c935ef6d956f6c9874b5","drk":1,"top":1,"bot":1,"hs":[]}],"tooltips":{"loading":"\u6b63\u5728\u52a0\u8f7d...","previous":"\u4e0a\u4e00\u4e2a\u56fe\u50cf","next":"\u4e0b\u4e00\u4e2a\u56fe\u50cf","walle":"\u6b64\u56fe\u7247\u4e0d\u80fd\u4e0b\u8f7d\u7528\u4f5c\u58c1\u7eb8\u3002","walls":"\u4e0b\u8f7d\u4eca\u65e5\u7f8e\u56fe\u3002\u4ec5\u9650\u7528\u4f5c\u684c\u9762\u58c1\u7eb8\u3002"}}