{"images":[{"startdate":"20210819","fullstartdate":"202108191600","enddate":"20210820","url":"\/th?id=OHR.EmptyQuarter_ZH-CN0670918289_1920x1080.jpg&rf=LaDigue_1920x1080.jpg&pid=hp","urlbase":"\/th?id=OHR.EmptyQuarter_ZH-CN0670918289","copyright":"\u4f4d\u4e8e\u963f\u66fc\u548c\u8fea\u62dc\u914b\u957f\u56fd\u8fb9\u754c\u7684\u9c81\u535c\u54c8\u5229\u6c99\u6f20 (\u00a9 Daniel Schoenen\/Offset by Shutterstock)","copyrightlink":"https:\/\/www.bing.com\/search?q=%E9%B2%81%E5%8D%9C%E5%93%88%E5%88%A9%E6%B2%99%E6%BC%A0&form=hpcapt&mkt=zh-cn","title":"","quiz":"\/search?q=Bing+homepage+quiz&filters=WQOskey:%22HPQuiz_20210819_EmptyQuarter%22&FORM=HPQUIZ","wp":true,"hsh":"76b7773207ecdcffc8d0f1ef4fde6e6f","drk":1,"top":1,"bot":1,"hs":[]}],"tooltips":{"loading":"\u6b63\u5728\u52a0\u8f7d...","previous":"\u4e0a\u4e00\u4e2a\u56fe\u50cf","next":"\u4e0b\u4e00\u4e2a\u56fe\u50cf","walle":"\u6b64\u56fe\u7247\u4e0d\u80fd\u4e0b\u8f7d\u7528\u4f5c\u58c1\u7eb8\u3002","walls":"\u4e0b\u8f7d\u4eca\u65e5\u7f8e\u56fe\u3002\u4ec5\u9650\u7528\u4f5c\u684c\u9762\u58c1\u7eb8\u3002"}}