{"images":[{"startdate":"20220306","fullstartdate":"202203061600","enddate":"20220307","url":"\/th?id=OHR.NZTekapo_ZH-CN6919300257_1920x1080.jpg&rf=LaDigue_1920x1080.jpg&pid=hp","urlbase":"\/th?id=OHR.NZTekapo_ZH-CN6919300257","copyright":"\u4ee5\u65b0\u897f\u5170\u5357\u5c9b\u5965\u62c9\u57fa\/\u5e93\u514b\u5c71\u56fd\u5bb6\u516c\u56ed\u4e3a\u80cc\u666f\u7684\u7279\u5361\u6ce2\u6e56 (\u00a9 Sophie Dover\/Getty Images)","copyrightlink":"https:\/\/www.bing.com\/search?q=%E7%89%B9%E5%8D%A1%E6%B3%A2%E6%B9%96&form=hpcapt&mkt=zh-cn","title":"\u84dd\u8272\u65b0\u897f\u5170","quiz":"\/search?q=Bing+homepage+quiz&filters=WQOskey:%22HPQuiz_20220306_NZTekapo%22&FORM=HPQUIZ","wp":true,"hsh":"017a448c97edbb78bd8b0d5337070dc5","drk":1,"top":1,"bot":1,"hs":[]}],"tooltips":{"loading":"\u6b63\u5728\u52a0\u8f7d...","previous":"\u4e0a\u4e00\u4e2a\u56fe\u50cf","next":"\u4e0b\u4e00\u4e2a\u56fe\u50cf","walle":"\u6b64\u56fe\u7247\u4e0d\u80fd\u4e0b\u8f7d\u7528\u4f5c\u58c1\u7eb8\u3002","walls":"\u4e0b\u8f7d\u4eca\u65e5\u7f8e\u56fe\u3002\u4ec5\u9650\u7528\u4f5c\u684c\u9762\u58c1\u7eb8\u3002"}}