{"images":[{"startdate":"20211115","fullstartdate":"202111151600","enddate":"20211116","url":"\/th?id=OHR.HogwartsExpress_ZH-CN2774508923_1920x1080.jpg&rf=LaDigue_1920x1080.jpg&pid=hp","urlbase":"\/th?id=OHR.HogwartsExpress_ZH-CN2774508923","copyright":"\u7a7f\u8d8a\u683c\u4f26\u83f2\u5357\u9ad8\u67b6\u6865\u7684\u84b8\u6c7d\u706b\u8f66\uff0c\u82cf\u683c\u5170\u56e0\u5f17\u5185\u65af\u90e1 (\u00a9 The Escape of Malee\/Shutterstock)","copyrightlink":"https:\/\/www.bing.com\/search?q=%E6%A0%BC%E4%BC%A6%E8%8F%B2%E5%8D%97%E9%AB%98%E6%9E%B6%E6%A1%A5&form=hpcapt&mkt=zh-cn","title":"","quiz":"\/search?q=Bing+homepage+quiz&filters=WQOskey:%22HPQuiz_20211115_HogwartsExpress%22&FORM=HPQUIZ","wp":true,"hsh":"b1e07ff582a9454766a175d518f2aab8","drk":1,"top":1,"bot":1,"hs":[]}],"tooltips":{"loading":"\u6b63\u5728\u52a0\u8f7d...","previous":"\u4e0a\u4e00\u4e2a\u56fe\u50cf","next":"\u4e0b\u4e00\u4e2a\u56fe\u50cf","walle":"\u6b64\u56fe\u7247\u4e0d\u80fd\u4e0b\u8f7d\u7528\u4f5c\u58c1\u7eb8\u3002","walls":"\u4e0b\u8f7d\u4eca\u65e5\u7f8e\u56fe\u3002\u4ec5\u9650\u7528\u4f5c\u684c\u9762\u58c1\u7eb8\u3002"}}