{"images":[{"startdate":"20210626","fullstartdate":"202106261600","enddate":"20210627","url":"\/th?id=OHR.GreaterFlamingosIndia_ZH-CN5655181892_1920x1080.jpg&rf=LaDigue_1920x1080.jpg&pid=hp","urlbase":"\/th?id=OHR.GreaterFlamingosIndia_ZH-CN5655181892","copyright":"\u5927\u578b\u706b\u70c8\u9e1f\u8fc1\u5f99\u5230\u6de1\u6c34\u533a\uff0c\u5370\u5ea6 (\u00a9 Amresh Mishra\/500px\/Getty Images)","copyrightlink":"https:\/\/www.bing.com\/search?q=%E7%81%AB%E7%83%88%E9%B8%9F&form=hpcapt&mkt=zh-cn","title":"","quiz":"\/search?q=Bing+homepage+quiz&filters=WQOskey:%22HPQuiz_20210626_GreaterFlamingosIndia%22&FORM=HPQUIZ","wp":true,"hsh":"1a1fe284d8699bbd460b75f4991b3877","drk":1,"top":1,"bot":1,"hs":[]}],"tooltips":{"loading":"\u6b63\u5728\u52a0\u8f7d...","previous":"\u4e0a\u4e00\u4e2a\u56fe\u50cf","next":"\u4e0b\u4e00\u4e2a\u56fe\u50cf","walle":"\u6b64\u56fe\u7247\u4e0d\u80fd\u4e0b\u8f7d\u7528\u4f5c\u58c1\u7eb8\u3002","walls":"\u4e0b\u8f7d\u4eca\u65e5\u7f8e\u56fe\u3002\u4ec5\u9650\u7528\u4f5c\u684c\u9762\u58c1\u7eb8\u3002"}}