{"images":[{"startdate":"20210813","fullstartdate":"202108131600","enddate":"20210814","url":"\/th?id=OHR.UbehebeCrater_ZH-CN0157876978_1920x1080.jpg&rf=LaDigue_1920x1080.jpg&pid=hp","urlbase":"\/th?id=OHR.UbehebeCrater_ZH-CN0157876978","copyright":"\u6b7b\u4ea1\u8c37\u56fd\u5bb6\u516c\u56ed\u91cc\u7684\u4f18\u6bd4\u559c\u6bd4\u706b\u5c71\u53e3\uff0c\u52a0\u5229\u798f\u5c3c\u4e9a\u5dde (\u00a9 Albert Knapp\/Alamy)","copyrightlink":"https:\/\/www.bing.com\/search?q=%E6%AD%BB%E4%BA%A1%E8%B0%B7%E5%9B%BD%E5%AE%B6%E5%85%AC%E5%9B%AD&form=hpcapt&mkt=zh-cn","title":"","quiz":"\/search?q=Bing+homepage+quiz&filters=WQOskey:%22HPQuiz_20210813_UbehebeCrater%22&FORM=HPQUIZ","wp":true,"hsh":"10f39dddc92b7ac87be5fba5f42e5051","drk":1,"top":1,"bot":1,"hs":[]}],"tooltips":{"loading":"\u6b63\u5728\u52a0\u8f7d...","previous":"\u4e0a\u4e00\u4e2a\u56fe\u50cf","next":"\u4e0b\u4e00\u4e2a\u56fe\u50cf","walle":"\u6b64\u56fe\u7247\u4e0d\u80fd\u4e0b\u8f7d\u7528\u4f5c\u58c1\u7eb8\u3002","walls":"\u4e0b\u8f7d\u4eca\u65e5\u7f8e\u56fe\u3002\u4ec5\u9650\u7528\u4f5c\u684c\u9762\u58c1\u7eb8\u3002"}}