{"images":[{"startdate":"20211118","fullstartdate":"202111181600","enddate":"20211119","url":"\/th?id=OHR.LeftForkNorth_ZH-CN8798894034_1920x1080.jpg&rf=LaDigue_1920x1080.jpg&pid=hp","urlbase":"\/th?id=OHR.LeftForkNorth_ZH-CN8798894034","copyright":"The Subway slot canyon in Zion National Park, Utah (\u00a9 Stan Moniz\/Tandem Stills + Motion)","copyrightlink":"https:\/\/www.bing.com\/search?q=%E9%94%A1%E5%AE%89%E5%9B%BD%E5%AE%B6%E5%85%AC%E5%9B%AD&form=hpcapt&mkt=zh-cn","title":"","quiz":"\/search?q=Bing+homepage+quiz&filters=WQOskey:%22HPQuiz_20211118_LeftForkNorth%22&FORM=HPQUIZ","wp":true,"hsh":"2ff646724b2a655dd4442a1640e7f931","drk":1,"top":1,"bot":1,"hs":[]}],"tooltips":{"loading":"\u6b63\u5728\u52a0\u8f7d...","previous":"\u4e0a\u4e00\u4e2a\u56fe\u50cf","next":"\u4e0b\u4e00\u4e2a\u56fe\u50cf","walle":"\u6b64\u56fe\u7247\u4e0d\u80fd\u4e0b\u8f7d\u7528\u4f5c\u58c1\u7eb8\u3002","walls":"\u4e0b\u8f7d\u4eca\u65e5\u7f8e\u56fe\u3002\u4ec5\u9650\u7528\u4f5c\u684c\u9762\u58c1\u7eb8\u3002"}}