{"images":[{"startdate":"20220424","fullstartdate":"202204241600","enddate":"20220425","url":"\/th?id=OHR.ThreeKings_ZH-CN5954425982_1920x1080.jpg&rf=LaDigue_1920x1080.jpg&pid=hp","urlbase":"\/th?id=OHR.ThreeKings_ZH-CN5954425982","copyright":"\u5723\u5b89\u5fb7\u9c81\u65af\u6e7e\u5cb8\u8fb9\u7684\u4e09\u53ea\u738b\u4f01\u9e45\uff0c\u5357\u4e54\u6cbb\u4e9a\u5c9b (\u00a9 Paul Souders\/Getty Images)","copyrightlink":"https:\/\/www.bing.com\/search?q=%E4%BC%81%E9%B9%85&form=hpcapt&mkt=zh-cn","title":"\u56fd\u738b\u4f1a\u8bae","quiz":"\/search?q=Bing+homepage+quiz&filters=WQOskey:%22HPQuiz_20220424_ThreeKings%22&FORM=HPQUIZ","wp":true,"hsh":"6d7dc9874dc00d61a09822a66918e74d","drk":1,"top":1,"bot":1,"hs":[]}],"tooltips":{"loading":"\u6b63\u5728\u52a0\u8f7d...","previous":"\u4e0a\u4e00\u4e2a\u56fe\u50cf","next":"\u4e0b\u4e00\u4e2a\u56fe\u50cf","walle":"\u6b64\u56fe\u7247\u4e0d\u80fd\u4e0b\u8f7d\u7528\u4f5c\u58c1\u7eb8\u3002","walls":"\u4e0b\u8f7d\u4eca\u65e5\u7f8e\u56fe\u3002\u4ec5\u9650\u7528\u4f5c\u684c\u9762\u58c1\u7eb8\u3002"}}