{"images":[{"startdate":"20210525","fullstartdate":"202105251600","enddate":"20210526","url":"\/th?id=OHR.TearDropEclipse_ZH-CN2282761840_1920x1080.jpg&rf=LaDigue_1920x1080.jpg&pid=hp","urlbase":"\/th?id=OHR.TearDropEclipse_ZH-CN2282761840","copyright":"2015\u5e744\u67084\u65e5\u6444\u4e8eTear Drop Arch\u9644\u8fd1\u7684\u6708\u5168\u98df\uff0c\u72b9\u4ed6\u5dde\u7eaa\u5ff5\u7891\u8c37 (\u00a9 Alan Dyer\/Alamy)","copyrightlink":"https:\/\/www.bing.com\/search?q=%E6%9C%88%E5%85%A8%E9%A3%9F&form=hpcapt&mkt=zh-cn","title":"","quiz":"\/search?q=Bing+homepage+quiz&filters=WQOskey:%22HPQuiz_20210525_TearDropEclipse%22&FORM=HPQUIZ","wp":true,"hsh":"2b8ff5d29c2d68495e2887a825af10c2","drk":1,"top":1,"bot":1,"hs":[]}],"tooltips":{"loading":"\u6b63\u5728\u52a0\u8f7d...","previous":"\u4e0a\u4e00\u4e2a\u56fe\u50cf","next":"\u4e0b\u4e00\u4e2a\u56fe\u50cf","walle":"\u6b64\u56fe\u7247\u4e0d\u80fd\u4e0b\u8f7d\u7528\u4f5c\u58c1\u7eb8\u3002","walls":"\u4e0b\u8f7d\u4eca\u65e5\u7f8e\u56fe\u3002\u4ec5\u9650\u7528\u4f5c\u684c\u9762\u58c1\u7eb8\u3002"}}