{"images":[{"startdate":"20220314","fullstartdate":"202203141600","enddate":"20220315","url":"\/th?id=OHR.RomanView_ZH-CN6469652448_1920x1080.jpg&rf=LaDigue_1920x1080.jpg&pid=hp","urlbase":"\/th?id=OHR.RomanView_ZH-CN6469652448","copyright":"\u53e4\u7f57\u9a6c\u5e7f\u573a\uff0c\u610f\u5927\u5229 (\u00a9 Peter Zelei Images\/Getty Images)","copyrightlink":"https:\/\/www.bing.com\/search?q=%E5%8F%A4%E7%BD%97%E9%A9%AC%E5%B9%BF%E5%9C%BA&form=hpcapt&mkt=zh-cn","title":"\u524d\u5f80\u7f57\u9a6c\u5e7f\u573a\u7684\u8def\u4e0a\u53d1\u751f\u4e86\u4e00\u4ef6\u8da3\u4e8b\u2026\u2026","quiz":"\/search?q=Bing+homepage+quiz&filters=WQOskey:%22HPQuiz_20220314_RomanView%22&FORM=HPQUIZ","wp":true,"hsh":"26cf395c099779a5e2494430389f9fac","drk":1,"top":1,"bot":1,"hs":[]}],"tooltips":{"loading":"\u6b63\u5728\u52a0\u8f7d...","previous":"\u4e0a\u4e00\u4e2a\u56fe\u50cf","next":"\u4e0b\u4e00\u4e2a\u56fe\u50cf","walle":"\u6b64\u56fe\u7247\u4e0d\u80fd\u4e0b\u8f7d\u7528\u4f5c\u58c1\u7eb8\u3002","walls":"\u4e0b\u8f7d\u4eca\u65e5\u7f8e\u56fe\u3002\u4ec5\u9650\u7528\u4f5c\u684c\u9762\u58c1\u7eb8\u3002"}}