{"images":[{"startdate":"20211227","fullstartdate":"202112271600","enddate":"20211228","url":"\/th?id=OHR.KjellHenriksen_ZH-CN6626275076_1920x1080.jpg&rf=LaDigue_1920x1080.jpg&pid=hp","urlbase":"\/th?id=OHR.KjellHenriksen_ZH-CN6626275076","copyright":"\u534a\u7403\u5f62\u7684\u8c22\u5c14\u4ea8\u91cc\u514b\u68ee\u5929\u6587\u53f0\uff0c\u632a\u5a01\u65af\u74e6\u5c14\u5df4\u7fa4\u5c9b (\u00a9 Vincent Fournier\/Gallery Stock)","copyrightlink":"https:\/\/www.bing.com\/search?q=%E6%96%AF%E7%93%A6%E5%B0%94%E5%B7%B4%E7%BE%A4%E5%B2%9B&form=hpcapt&mkt=zh-cn","title":"","quiz":"\/search?q=Bing+homepage+quiz&filters=WQOskey:%22HPQuiz_20211227_KjellHenriksen%22&FORM=HPQUIZ","wp":true,"hsh":"95647ebdb997b79e9447dc0dbfd80fbc","drk":1,"top":1,"bot":1,"hs":[]}],"tooltips":{"loading":"\u6b63\u5728\u52a0\u8f7d...","previous":"\u4e0a\u4e00\u4e2a\u56fe\u50cf","next":"\u4e0b\u4e00\u4e2a\u56fe\u50cf","walle":"\u6b64\u56fe\u7247\u4e0d\u80fd\u4e0b\u8f7d\u7528\u4f5c\u58c1\u7eb8\u3002","walls":"\u4e0b\u8f7d\u4eca\u65e5\u7f8e\u56fe\u3002\u4ec5\u9650\u7528\u4f5c\u684c\u9762\u58c1\u7eb8\u3002"}}