{"images":[{"startdate":"20210620","fullstartdate":"202106201600","enddate":"20210621","url":"\/th?id=OHR.RothschildGiraffe_ZH-CN9266877986_1920x1080.jpg&rf=LaDigue_1920x1080.jpg&pid=hp","urlbase":"\/th?id=OHR.RothschildGiraffe_ZH-CN9266877986","copyright":"\u7eb3\u5e93\u9c81\u6e56\u56fd\u5bb6\u516c\u56ed\u4e2d\u7684\u7f57\u6c0f\u957f\u9888\u9e7f\uff0c\u80af\u5c3c\u4e9a (\u00a9 Theo Allofs\/Minden Pictures)","copyrightlink":"https:\/\/www.bing.com\/search?q=%E9%95%BF%E9%A2%88%E9%B9%BF&form=hpcapt&mkt=zh-cn","title":"","quiz":"\/search?q=Bing+homepage+quiz&filters=WQOskey:%22HPQuiz_20210620_RothschildGiraffe%22&FORM=HPQUIZ","wp":true,"hsh":"ce5bb8d2e1e453bb80517221c5ede053","drk":1,"top":1,"bot":1,"hs":[]}],"tooltips":{"loading":"\u6b63\u5728\u52a0\u8f7d...","previous":"\u4e0a\u4e00\u4e2a\u56fe\u50cf","next":"\u4e0b\u4e00\u4e2a\u56fe\u50cf","walle":"\u6b64\u56fe\u7247\u4e0d\u80fd\u4e0b\u8f7d\u7528\u4f5c\u58c1\u7eb8\u3002","walls":"\u4e0b\u8f7d\u4eca\u65e5\u7f8e\u56fe\u3002\u4ec5\u9650\u7528\u4f5c\u684c\u9762\u58c1\u7eb8\u3002"}}