{"images":[{"startdate":"20211102","fullstartdate":"202111021600","enddate":"20211103","url":"\/th?id=OHR.MoonJellyDay_ZH-CN4121466496_1920x1080.jpg&rf=LaDigue_1920x1080.jpg&pid=hp","urlbase":"\/th?id=OHR.MoonJellyDay_ZH-CN4121466496","copyright":"\u6d77\u6708\u6c34\u6bcd\u548c\u4e00\u7fa4\u65e0\u523a\u7684\u9ec4\u91d1\u6c34\u6bcd\uff0c\u5370\u5ea6\u5c3c\u897f\u4e9a (\u00a9 Alex Mustard\/Minden Pictures)","copyrightlink":"https:\/\/www.bing.com\/search?q=%E6%B5%B7%E6%9C%88%E6%B0%B4%E6%AF%8D&form=hpcapt&mkt=zh-cn","title":"","quiz":"\/search?q=Bing+homepage+quiz&filters=WQOskey:%22HPQuiz_20211102_MoonJellyDay%22&FORM=HPQUIZ","wp":true,"hsh":"448760d42b91f6455dd8a0541e8f1f0f","drk":1,"top":1,"bot":1,"hs":[]}],"tooltips":{"loading":"\u6b63\u5728\u52a0\u8f7d...","previous":"\u4e0a\u4e00\u4e2a\u56fe\u50cf","next":"\u4e0b\u4e00\u4e2a\u56fe\u50cf","walle":"\u6b64\u56fe\u7247\u4e0d\u80fd\u4e0b\u8f7d\u7528\u4f5c\u58c1\u7eb8\u3002","walls":"\u4e0b\u8f7d\u4eca\u65e5\u7f8e\u56fe\u3002\u4ec5\u9650\u7528\u4f5c\u684c\u9762\u58c1\u7eb8\u3002"}}