{"images":[{"startdate":"20210209","fullstartdate":"202102091600","enddate":"20210210","url":"\/th?id=OHR.PenitentSnow_ZH-CN5304842520_1920x1080.jpg&rf=LaDigue_1920x1080.jpg&pid=hp","urlbase":"\/th?id=OHR.PenitentSnow_ZH-CN5304842520","copyright":"\u963f\u74dc\u5185\u683c\u62c9\u5c71\u53e3\u4e0a\u7684\u878d\u51dd\u51b0\u67f1\uff0c\u667a\u5229\u79d1\u91d1\u535a (\u00a9 Art Wolfe\/Danita Delimont)","copyrightlink":"https:\/\/www.bing.com\/search?q=%E8%9E%8D%E5%87%9D%E5%86%B0%E6%9F%B1&form=hpcapt&mkt=zh-cn","title":"","quiz":"\/search?q=Bing+homepage+quiz&filters=WQOskey:%22HPQuiz_20210209_PenitentSnow%22&FORM=HPQUIZ","wp":true,"hsh":"d28225aaf9b50424b9fd4f7d8420a635","drk":1,"top":1,"bot":1,"hs":[]}],"tooltips":{"loading":"\u6b63\u5728\u52a0\u8f7d...","previous":"\u4e0a\u4e00\u4e2a\u56fe\u50cf","next":"\u4e0b\u4e00\u4e2a\u56fe\u50cf","walle":"\u6b64\u56fe\u7247\u4e0d\u80fd\u4e0b\u8f7d\u7528\u4f5c\u58c1\u7eb8\u3002","walls":"\u4e0b\u8f7d\u4eca\u65e5\u7f8e\u56fe\u3002\u4ec5\u9650\u7528\u4f5c\u684c\u9762\u58c1\u7eb8\u3002"}}