{"images":[{"startdate":"20211105","fullstartdate":"202111051600","enddate":"20211106","url":"\/th?id=OHR.WANumbat_ZH-CN0953446849_1920x1080.jpg&rf=LaDigue_1920x1080.jpg&pid=hp","urlbase":"\/th?id=OHR.WANumbat_ZH-CN0953446849","copyright":"\u5e03\u9c81\u514b\u987f\u7684\u4e00\u53ea\u96cc\u6027\u888b\u98df\u8681\u517d\uff0c\u897f\u6fb3\u5927\u5229\u4e9a\u5dde (\u00a9 Martin Willis\/Minden Pictures)","copyrightlink":"https:\/\/www.bing.com\/search?q=%E8%A2%8B%E9%A3%9F%E8%9A%81%E5%85%BD&form=hpcapt&mkt=zh-cn","title":"","quiz":"\/search?q=Bing+homepage+quiz&filters=WQOskey:%22HPQuiz_20211105_WANumbat%22&FORM=HPQUIZ","wp":true,"hsh":"2f4285964ff134ad483b82266d955ae3","drk":1,"top":1,"bot":1,"hs":[]}],"tooltips":{"loading":"\u6b63\u5728\u52a0\u8f7d...","previous":"\u4e0a\u4e00\u4e2a\u56fe\u50cf","next":"\u4e0b\u4e00\u4e2a\u56fe\u50cf","walle":"\u6b64\u56fe\u7247\u4e0d\u80fd\u4e0b\u8f7d\u7528\u4f5c\u58c1\u7eb8\u3002","walls":"\u4e0b\u8f7d\u4eca\u65e5\u7f8e\u56fe\u3002\u4ec5\u9650\u7528\u4f5c\u684c\u9762\u58c1\u7eb8\u3002"}}