{"images":[{"startdate":"20211106","fullstartdate":"202111061600","enddate":"20211107","url":"\/th?id=OHR.MackArch_ZH-CN1068755647_1920x1080.jpg&rf=LaDigue_1920x1080.jpg&pid=hp","urlbase":"\/th?id=OHR.MackArch_ZH-CN1068755647","copyright":"\u65e5\u51fa\u65f6\u7684\u9ea6\u514b\u62f1\u5ca9\uff0c\u4fc4\u52d2\u5188\u5357\u6d77\u5cb8 (\u00a9 Dennis Frates\/Alamy)","copyrightlink":"https:\/\/www.bing.com\/search?q=%E4%BF%84%E5%8B%92%E5%86%88%E6%B5%B7%E5%B2%B8&form=hpcapt&mkt=zh-cn","title":"","quiz":"\/search?q=Bing+homepage+quiz&filters=WQOskey:%22HPQuiz_20211106_MackArch%22&FORM=HPQUIZ","wp":true,"hsh":"622395a15c791a76696d92ee98264219","drk":1,"top":1,"bot":1,"hs":[]}],"tooltips":{"loading":"\u6b63\u5728\u52a0\u8f7d...","previous":"\u4e0a\u4e00\u4e2a\u56fe\u50cf","next":"\u4e0b\u4e00\u4e2a\u56fe\u50cf","walle":"\u6b64\u56fe\u7247\u4e0d\u80fd\u4e0b\u8f7d\u7528\u4f5c\u58c1\u7eb8\u3002","walls":"\u4e0b\u8f7d\u4eca\u65e5\u7f8e\u56fe\u3002\u4ec5\u9650\u7528\u4f5c\u684c\u9762\u58c1\u7eb8\u3002"}}