{"images":[{"startdate":"20210119","fullstartdate":"202101191600","enddate":"20210120","url":"\/th?id=OHR.GentooLeap_ZH-CN6189428446_1920x1080.jpg&rf=LaDigue_1920x1080.jpg&pid=hp","urlbase":"\/th?id=OHR.GentooLeap_ZH-CN6189428446","copyright":"\u5357\u6781\u4e39\u79d1\u5c9b\u9644\u8fd1\u7684\u5df4\u5e03\u4e9a\u4f01\u9e45 (\u00a9 David Merron\/Getty Images)","copyrightlink":"https:\/\/www.bing.com\/search?q=%E5%B7%B4%E5%B8%83%E4%BA%9A%E4%BC%81%E9%B9%85&form=hpcapt&mkt=zh-cn","title":"","quiz":"\/search?q=Bing+homepage+quiz&filters=WQOskey:%22HPQuiz_20210119_GentooLeap%22&FORM=HPQUIZ","wp":true,"hsh":"6f3b6dd9afca6e862ed5e57810996082","drk":1,"top":1,"bot":1,"hs":[]}],"tooltips":{"loading":"\u6b63\u5728\u52a0\u8f7d...","previous":"\u4e0a\u4e00\u4e2a\u56fe\u50cf","next":"\u4e0b\u4e00\u4e2a\u56fe\u50cf","walle":"\u6b64\u56fe\u7247\u4e0d\u80fd\u4e0b\u8f7d\u7528\u4f5c\u58c1\u7eb8\u3002","walls":"\u4e0b\u8f7d\u4eca\u65e5\u7f8e\u56fe\u3002\u4ec5\u9650\u7528\u4f5c\u684c\u9762\u58c1\u7eb8\u3002"}}