{"images":[{"startdate":"20210919","fullstartdate":"202109191600","enddate":"20210920","url":"\/th?id=OHR.BlackSun_ZH-CN0889682619_1920x1080.jpg&rf=LaDigue_1920x1080.jpg&pid=hp","urlbase":"\/th?id=OHR.BlackSun_ZH-CN0889682619","copyright":"\u79cb\u5b63\u5728\u6e7f\u5730\u4e0a\u7a7a\u8fc1\u5f99\u7684\u690b\u9e1f\u7fa4 (\u00a9 Viking\/Alamy)","copyrightlink":"https:\/\/www.bing.com\/search?q=%E6%A4%8B%E9%B8%9F&form=hpcapt&mkt=zh-cn","title":"","quiz":"\/search?q=Bing+homepage+quiz&filters=WQOskey:%22HPQuiz_20210919_BlackSun%22&FORM=HPQUIZ","wp":true,"hsh":"b324e8ab813311a00bfa89c23bd4ab2b","drk":1,"top":1,"bot":1,"hs":[]}],"tooltips":{"loading":"\u6b63\u5728\u52a0\u8f7d...","previous":"\u4e0a\u4e00\u4e2a\u56fe\u50cf","next":"\u4e0b\u4e00\u4e2a\u56fe\u50cf","walle":"\u6b64\u56fe\u7247\u4e0d\u80fd\u4e0b\u8f7d\u7528\u4f5c\u58c1\u7eb8\u3002","walls":"\u4e0b\u8f7d\u4eca\u65e5\u7f8e\u56fe\u3002\u4ec5\u9650\u7528\u4f5c\u684c\u9762\u58c1\u7eb8\u3002"}}