{"images":[{"startdate":"20211101","fullstartdate":"202111011600","enddate":"20211102","url":"\/th?id=OHR.CinnamonFernNS_ZH-CN3822051382_1920x1080.jpg&rf=LaDigue_1920x1080.jpg&pid=hp","urlbase":"\/th?id=OHR.CinnamonFernNS_ZH-CN3822051382","copyright":"\u4ea1\u7075\u8282\u4e0a\u70b9\u7f00\u516c\u5893\u7684\u4e07\u5bff\u83ca\uff0c\u58a8\u897f\u54e5\u7c73\u5374\u80af\u5dde (\u00a9 Irwin Barrett\/Design Pics\/Alamy)","copyrightlink":"https:\/\/www.bing.com\/search?q=%E4%B8%87%E5%AF%BF%E8%8F%8A&form=hpcapt&mkt=zh-cn","title":"","quiz":"\/search?q=Bing+homepage+quiz&filters=WQOskey:%22HPQuiz_20211101_CinnamonFernNS%22&FORM=HPQUIZ","wp":true,"hsh":"2c5ff3d25697b1ceb910ada95ce43ece","drk":1,"top":1,"bot":1,"hs":[]}],"tooltips":{"loading":"\u6b63\u5728\u52a0\u8f7d...","previous":"\u4e0a\u4e00\u4e2a\u56fe\u50cf","next":"\u4e0b\u4e00\u4e2a\u56fe\u50cf","walle":"\u6b64\u56fe\u7247\u4e0d\u80fd\u4e0b\u8f7d\u7528\u4f5c\u58c1\u7eb8\u3002","walls":"\u4e0b\u8f7d\u4eca\u65e5\u7f8e\u56fe\u3002\u4ec5\u9650\u7528\u4f5c\u684c\u9762\u58c1\u7eb8\u3002"}}