{"images":[{"startdate":"20210519","fullstartdate":"202105191600","enddate":"20210520","url":"\/th?id=OHR.ButtermereSunset_ZH-CN9706111376_1920x1080.jpg&rf=LaDigue_1920x1080.jpg&pid=hp","urlbase":"\/th?id=OHR.ButtermereSunset_ZH-CN9706111376","copyright":"\u5df4\u7279\u7c73\u5c14\u6e56\u4e0a\u7684\u843d\u65e5 \uff0c\u82f1\u683c\u5170\u6e56\u533a (\u00a9 Stewart Smith\/Alamy)","copyrightlink":"https:\/\/www.bing.com\/search?q=%E5%B7%B4%E7%89%B9%E7%B1%B3%E5%B0%94%E6%B9%96&form=hpcapt&mkt=zh-cn","title":"","quiz":"\/search?q=Bing+homepage+quiz&filters=WQOskey:%22HPQuiz_20210519_ButtermereSunset%22&FORM=HPQUIZ","wp":true,"hsh":"0d1b2a78c4606ecd16beffd19d8f8efb","drk":1,"top":1,"bot":1,"hs":[]}],"tooltips":{"loading":"\u6b63\u5728\u52a0\u8f7d...","previous":"\u4e0a\u4e00\u4e2a\u56fe\u50cf","next":"\u4e0b\u4e00\u4e2a\u56fe\u50cf","walle":"\u6b64\u56fe\u7247\u4e0d\u80fd\u4e0b\u8f7d\u7528\u4f5c\u58c1\u7eb8\u3002","walls":"\u4e0b\u8f7d\u4eca\u65e5\u7f8e\u56fe\u3002\u4ec5\u9650\u7528\u4f5c\u684c\u9762\u58c1\u7eb8\u3002"}}