{"images":[{"startdate":"20210728","fullstartdate":"202107281600","enddate":"20210729","url":"\/th?id=OHR.PantheraTigris_ZH-CN3331361509_1920x1080.jpg&rf=LaDigue_1920x1080.jpg&pid=hp","urlbase":"\/th?id=OHR.PantheraTigris_ZH-CN3331361509","copyright":"\u9690\u85cf\u5728\u9ad8\u8349\u4e1b\u4e2d\u7684\u8001\u864e\uff0c\u5370\u5ea6\u963f\u8428\u59c6\u90a6 (\u00a9 Sandesh Kadur\/Minden Pictures)","copyrightlink":"https:\/\/www.bing.com\/search?q=%E5%AD%9F%E5%8A%A0%E6%8B%89%E8%99%8E&form=hpcapt&mkt=zh-cn","title":"","quiz":"\/search?q=Bing+homepage+quiz&filters=WQOskey:%22HPQuiz_20210728_PantheraTigris%22&FORM=HPQUIZ","wp":true,"hsh":"ed4ae72db9f8c398b0cdc99e7a4be92b","drk":1,"top":1,"bot":1,"hs":[]}],"tooltips":{"loading":"\u6b63\u5728\u52a0\u8f7d...","previous":"\u4e0a\u4e00\u4e2a\u56fe\u50cf","next":"\u4e0b\u4e00\u4e2a\u56fe\u50cf","walle":"\u6b64\u56fe\u7247\u4e0d\u80fd\u4e0b\u8f7d\u7528\u4f5c\u58c1\u7eb8\u3002","walls":"\u4e0b\u8f7d\u4eca\u65e5\u7f8e\u56fe\u3002\u4ec5\u9650\u7528\u4f5c\u684c\u9762\u58c1\u7eb8\u3002"}}