{"images":[{"startdate":"20220317","fullstartdate":"202203171600","enddate":"20220318","url":"\/th?id=OHR.Holi2022_ZH-CN2265496434_1920x1080.jpg&rf=LaDigue_1920x1080.jpg&pid=hp","urlbase":"\/th?id=OHR.Holi2022_ZH-CN2265496434","copyright":"\u6d12\u7ea2\u8282\u671f\u95f4\u552e\u5356\u7684\u4e94\u5f69\u7c89\u672b (\u00a9 Nuno Valadas\/Getty Images)","copyrightlink":"https:\/\/www.bing.com\/search?q=%E6%B4%92%E7%BA%A2%E8%8A%82&form=hpcapt&mkt=zh-cn","title":"\u4e94\u5f69\u7f24\u7eb7\u7684\u8282\u65e5","quiz":"\/search?q=Bing+homepage+quiz&filters=WQOskey:%22HPQuiz_20220317_Holi2022%22&FORM=HPQUIZ","wp":true,"hsh":"b5b88e28ec5eb17444df6b466249dc2e","drk":1,"top":1,"bot":1,"hs":[]}],"tooltips":{"loading":"\u6b63\u5728\u52a0\u8f7d...","previous":"\u4e0a\u4e00\u4e2a\u56fe\u50cf","next":"\u4e0b\u4e00\u4e2a\u56fe\u50cf","walle":"\u6b64\u56fe\u7247\u4e0d\u80fd\u4e0b\u8f7d\u7528\u4f5c\u58c1\u7eb8\u3002","walls":"\u4e0b\u8f7d\u4eca\u65e5\u7f8e\u56fe\u3002\u4ec5\u9650\u7528\u4f5c\u684c\u9762\u58c1\u7eb8\u3002"}}