{"images":[{"startdate":"20210731","fullstartdate":"202107311600","enddate":"20210801","url":"\/th?id=OHR.LammasDay_ZH-CN4229387191_1920x1080.jpg&rf=LaDigue_1920x1080.jpg&pid=hp","urlbase":"\/th?id=OHR.LammasDay_ZH-CN4229387191","copyright":"\u4e1c\u6d1b\u9521\u5b89\u7684\u91d1\u9ec4\u9ea6\u7530\uff0c\u82cf\u683c\u5170 (\u00a9 Scott Masterton\/plainpicture)","copyrightlink":"https:\/\/www.bing.com\/search?q=%E4%B8%9C%E6%B4%9B%E9%94%A1%E5%AE%89&form=hpcapt&mkt=zh-cn","title":"","quiz":"\/search?q=Bing+homepage+quiz&filters=WQOskey:%22HPQuiz_20210731_LammasDay%22&FORM=HPQUIZ","wp":true,"hsh":"295aba6fd8388e5b2d718405989da65c","drk":1,"top":1,"bot":1,"hs":[]}],"tooltips":{"loading":"\u6b63\u5728\u52a0\u8f7d...","previous":"\u4e0a\u4e00\u4e2a\u56fe\u50cf","next":"\u4e0b\u4e00\u4e2a\u56fe\u50cf","walle":"\u6b64\u56fe\u7247\u4e0d\u80fd\u4e0b\u8f7d\u7528\u4f5c\u58c1\u7eb8\u3002","walls":"\u4e0b\u8f7d\u4eca\u65e5\u7f8e\u56fe\u3002\u4ec5\u9650\u7528\u4f5c\u684c\u9762\u58c1\u7eb8\u3002"}}