{"images":[{"startdate":"20210817","fullstartdate":"202108171600","enddate":"20210818","url":"\/th?id=OHR.RedRoofTile_ZH-CN0528575898_1920x1080.jpg&rf=LaDigue_1920x1080.jpg&pid=hp","urlbase":"\/th?id=OHR.RedRoofTile_ZH-CN0528575898","copyright":"\u675c\u5e03\u7f57\u592b\u5c3c\u514b\u8001\u57ce\uff0c\u514b\u7f57\u5730\u4e9a (\u00a9 Jeremy Woodhouse\/Getty Images)","copyrightlink":"https:\/\/www.bing.com\/search?q=%E6%9D%9C%E5%B8%83%E7%BD%97%E5%A4%AB%E5%B0%BC%E5%85%8B&form=hpcapt&mkt=zh-cn","title":"","quiz":"\/search?q=Bing+homepage+quiz&filters=WQOskey:%22HPQuiz_20210817_RedRoofTile%22&FORM=HPQUIZ","wp":true,"hsh":"865946231e2f4d9cd8ce84c5dc5f2a27","drk":1,"top":1,"bot":1,"hs":[]}],"tooltips":{"loading":"\u6b63\u5728\u52a0\u8f7d...","previous":"\u4e0a\u4e00\u4e2a\u56fe\u50cf","next":"\u4e0b\u4e00\u4e2a\u56fe\u50cf","walle":"\u6b64\u56fe\u7247\u4e0d\u80fd\u4e0b\u8f7d\u7528\u4f5c\u58c1\u7eb8\u3002","walls":"\u4e0b\u8f7d\u4eca\u65e5\u7f8e\u56fe\u3002\u4ec5\u9650\u7528\u4f5c\u684c\u9762\u58c1\u7eb8\u3002"}}