{"images":[{"startdate":"20220329","fullstartdate":"202203291600","enddate":"20220330","url":"\/th?id=OHR.BeltedGalloway_ZH-CN8570849064_1920x1080.jpg&rf=LaDigue_1920x1080.jpg&pid=hp","urlbase":"\/th?id=OHR.BeltedGalloway_ZH-CN8570849064","copyright":"\u9ed1\u767d\u76f8\u95f4\u7684\u8170\u5e26\u76d6\u6d1b\u97e6\u725b\uff0c\u82cf\u683c\u5170 (\u00a9 JohnFScott\/Getty Images)","copyrightlink":"https:\/\/www.bing.com\/search?q=%E8%8B%8F%E6%A0%BC%E5%85%B0&form=hpcapt&mkt=zh-cn","title":"\u9ed1\u767d\u76f8\u95f4\u7684\u725b","quiz":"\/search?q=Bing+homepage+quiz&filters=WQOskey:%22HPQuiz_20220329_BeltedGalloway%22&FORM=HPQUIZ","wp":true,"hsh":"9fd1cf02a32e6908488a3bcd1854dfc4","drk":1,"top":1,"bot":1,"hs":[]}],"tooltips":{"loading":"\u6b63\u5728\u52a0\u8f7d...","previous":"\u4e0a\u4e00\u4e2a\u56fe\u50cf","next":"\u4e0b\u4e00\u4e2a\u56fe\u50cf","walle":"\u6b64\u56fe\u7247\u4e0d\u80fd\u4e0b\u8f7d\u7528\u4f5c\u58c1\u7eb8\u3002","walls":"\u4e0b\u8f7d\u4eca\u65e5\u7f8e\u56fe\u3002\u4ec5\u9650\u7528\u4f5c\u684c\u9762\u58c1\u7eb8\u3002"}}