{"images":[{"startdate":"20220104","fullstartdate":"202201041600","enddate":"20220105","url":"\/th?id=OHR.MountainToucan_ZH-CN9939482570_1920x1080.jpg&rf=LaDigue_1920x1080.jpg&pid=hp","urlbase":"\/th?id=OHR.MountainToucan_ZH-CN9939482570","copyright":"\u6811\u5e72\u4e0a\u7684\u6241\u5634\u5c71\u5de8\u5634\u9e1f\uff0c\u5384\u74dc\u591a\u5c14 (\u00a9 Tui De Roy\/Minden Pictures)","copyrightlink":"https:\/\/www.bing.com\/search?q=%E6%89%81%E5%98%B4%E5%B1%B1%E5%B7%A8%E5%98%B4%E9%B8%9F&form=hpcapt&mkt=zh-cn","title":"","quiz":"\/search?q=Bing+homepage+quiz&filters=WQOskey:%22HPQuiz_20220104_MountainToucan%22&FORM=HPQUIZ","wp":true,"hsh":"78864c8e7b9212b7018a4dacbb5d03de","drk":1,"top":1,"bot":1,"hs":[]}],"tooltips":{"loading":"\u6b63\u5728\u52a0\u8f7d...","previous":"\u4e0a\u4e00\u4e2a\u56fe\u50cf","next":"\u4e0b\u4e00\u4e2a\u56fe\u50cf","walle":"\u6b64\u56fe\u7247\u4e0d\u80fd\u4e0b\u8f7d\u7528\u4f5c\u58c1\u7eb8\u3002","walls":"\u4e0b\u8f7d\u4eca\u65e5\u7f8e\u56fe\u3002\u4ec5\u9650\u7528\u4f5c\u684c\u9762\u58c1\u7eb8\u3002"}}