{"images":[{"startdate":"20210225","fullstartdate":"202102251600","enddate":"20210226","url":"\/th?id=OHR.JinliStreet_ZH-CN3020276206_1920x1080.jpg&rf=LaDigue_1920x1080.jpg&pid=hp","urlbase":"\/th?id=OHR.JinliStreet_ZH-CN3020276206","copyright":"\u6302\u5728\u9526\u91cc\u8857\u4e0a\u7684\u7ea2\u706f\u7b3c\uff0c\u4e2d\u56fd\u6210\u90fd (\u00a9 Philippe LEJEANVRE\/Getty Images)","copyrightlink":"https:\/\/www.bing.com\/search?q=%E9%94%A6%E9%87%8C%E8%A1%97&form=hpcapt&mkt=zh-cn","title":"","quiz":"\/search?q=Bing+homepage+quiz&filters=WQOskey:%22HPQuiz_20210225_JinliStreet%22&FORM=HPQUIZ","wp":true,"hsh":"e9b5fb1ad61034342e8d459bff8fc5c5","drk":1,"top":1,"bot":1,"hs":[]}],"tooltips":{"loading":"\u6b63\u5728\u52a0\u8f7d...","previous":"\u4e0a\u4e00\u4e2a\u56fe\u50cf","next":"\u4e0b\u4e00\u4e2a\u56fe\u50cf","walle":"\u6b64\u56fe\u7247\u4e0d\u80fd\u4e0b\u8f7d\u7528\u4f5c\u58c1\u7eb8\u3002","walls":"\u4e0b\u8f7d\u4eca\u65e5\u7f8e\u56fe\u3002\u4ec5\u9650\u7528\u4f5c\u684c\u9762\u58c1\u7eb8\u3002"}}