{"images":[{"startdate":"20220418","fullstartdate":"202204181600","enddate":"20220419","url":"\/th?id=OHR.PlitviceBoardwalk_ZH-CN1370384104_1920x1080.jpg&rf=LaDigue_1920x1080.jpg&pid=hp","urlbase":"\/th?id=OHR.PlitviceBoardwalk_ZH-CN1370384104","copyright":"\u5341\u516d\u6e56\u56fd\u5bb6\u516c\u56ed\uff0c\u514b\u7f57\u5730\u4e9a (\u00a9 Janne Kahila\/Getty Images)","copyrightlink":"https:\/\/www.bing.com\/search?q=%E5%8D%81%E5%85%AD%E6%B9%96%E5%9B%BD%E5%AE%B6%E5%85%AC%E5%9B%AD&form=hpcapt&mkt=zh-cn","title":"\u5df4\u5c14\u5e72\u6e56\u4e0a\u7684\u6728\u677f\u8def","quiz":"\/search?q=Bing+homepage+quiz&filters=WQOskey:%22HPQuiz_20220418_PlitviceBoardwalk%22&FORM=HPQUIZ","wp":true,"hsh":"425c5dc0849563d88495f5bad92368b3","drk":1,"top":1,"bot":1,"hs":[]}],"tooltips":{"loading":"\u6b63\u5728\u52a0\u8f7d...","previous":"\u4e0a\u4e00\u4e2a\u56fe\u50cf","next":"\u4e0b\u4e00\u4e2a\u56fe\u50cf","walle":"\u6b64\u56fe\u7247\u4e0d\u80fd\u4e0b\u8f7d\u7528\u4f5c\u58c1\u7eb8\u3002","walls":"\u4e0b\u8f7d\u4eca\u65e5\u7f8e\u56fe\u3002\u4ec5\u9650\u7528\u4f5c\u684c\u9762\u58c1\u7eb8\u3002"}}