{"images":[{"startdate":"20210504","fullstartdate":"202105041600","enddate":"20210505","url":"\/th?id=OHR.Cholula_ZH-CN9284459784_1920x1080.jpg&rf=LaDigue_1920x1080.jpg&pid=hp","urlbase":"\/th?id=OHR.Cholula_ZH-CN9284459784","copyright":"\u4e54\u9c81\u62c9\u5927\u91d1\u5b57\u5854\uff0c\u58a8\u897f\u54e5\u4e54\u9c81\u62c9 (\u00a9 mauritius images GmbH\/Alamy)","copyrightlink":"https:\/\/www.bing.com\/search?q=%E4%B9%94%E9%B2%81%E6%8B%89%E5%A4%A7%E9%87%91%E5%AD%97%E5%A1%94&form=hpcapt&mkt=zh-cn","title":"","quiz":"\/search?q=Bing+homepage+quiz&filters=WQOskey:%22HPQuiz_20210504_Cholula%22&FORM=HPQUIZ","wp":true,"hsh":"8dca403991a9ffbced9a0d5c33987f8f","drk":1,"top":1,"bot":1,"hs":[]}],"tooltips":{"loading":"\u6b63\u5728\u52a0\u8f7d...","previous":"\u4e0a\u4e00\u4e2a\u56fe\u50cf","next":"\u4e0b\u4e00\u4e2a\u56fe\u50cf","walle":"\u6b64\u56fe\u7247\u4e0d\u80fd\u4e0b\u8f7d\u7528\u4f5c\u58c1\u7eb8\u3002","walls":"\u4e0b\u8f7d\u4eca\u65e5\u7f8e\u56fe\u3002\u4ec5\u9650\u7528\u4f5c\u684c\u9762\u58c1\u7eb8\u3002"}}