{"images":[{"startdate":"20210115","fullstartdate":"202101151600","enddate":"20210116","url":"\/th?id=OHR.GlassIgloos_ZH-CN8927574757_1920x1080.jpg&rf=LaDigue_1920x1080.jpg&pid=hp","urlbase":"\/th?id=OHR.GlassIgloos_ZH-CN8927574757","copyright":"\u5361\u514b\u65af\u52b3\u5854\u5b81\u963f\u514b\u8482\u514b\u5ea6\u5047\u9152\u5e97\u7684\u73bb\u7483\u5706\u9876\u51b0\u5c4b\uff0c\u82ac\u5170\u8428\u91cc\u5c71  (\u00a9 Lingxiao Xie\/Getty Images)","copyrightlink":"https:\/\/www.bing.com\/search?q=%E5%86%B0%E5%B1%8B%E9%85%92%E5%BA%97&form=hpcapt&mkt=zh-cn","title":"","quiz":"\/search?q=Bing+homepage+quiz&filters=WQOskey:%22HPQuiz_20210115_GlassIgloos%22&FORM=HPQUIZ","wp":true,"hsh":"9a80e22e7e8bc7936300d751f9ae0650","drk":1,"top":1,"bot":1,"hs":[]}],"tooltips":{"loading":"\u6b63\u5728\u52a0\u8f7d...","previous":"\u4e0a\u4e00\u4e2a\u56fe\u50cf","next":"\u4e0b\u4e00\u4e2a\u56fe\u50cf","walle":"\u6b64\u56fe\u7247\u4e0d\u80fd\u4e0b\u8f7d\u7528\u4f5c\u58c1\u7eb8\u3002","walls":"\u4e0b\u8f7d\u4eca\u65e5\u7f8e\u56fe\u3002\u4ec5\u9650\u7528\u4f5c\u684c\u9762\u58c1\u7eb8\u3002"}}