{"images":[{"startdate":"20220308","fullstartdate":"202203081600","enddate":"20220309","url":"\/th?id=OHR.PeacockNagarahole_ZH-CN7404674152_1920x1080.jpg&rf=LaDigue_1920x1080.jpg&pid=hp","urlbase":"\/th?id=OHR.PeacockNagarahole_ZH-CN7404674152","copyright":"\u7eb3\u52a0\u5c14\u970d\u96f7\u56fd\u5bb6\u516c\u56ed\u7684\u5b54\u96c0\uff0c\u5370\u5ea6\u5361\u7eb3\u5854\u514b\u90a6 (\u00a9 Vivek BR\/Shutterstock)","copyrightlink":"https:\/\/www.bing.com\/search?q=%E7%BA%B3%E5%8A%A0%E5%B0%94%E9%9C%8D%E9%9B%B7%E5%9B%BD%E5%AE%B6%E5%85%AC%E5%9B%AD&form=hpcapt&mkt=zh-cn","title":"\u5370\u5ea6\u56fd\u9e1f","quiz":"\/search?q=Bing+homepage+quiz&filters=WQOskey:%22HPQuiz_20220308_PeacockNagarahole%22&FORM=HPQUIZ","wp":true,"hsh":"210abebd78ad528dfcc73d84cd3a0a5b","drk":1,"top":1,"bot":1,"hs":[]}],"tooltips":{"loading":"\u6b63\u5728\u52a0\u8f7d...","previous":"\u4e0a\u4e00\u4e2a\u56fe\u50cf","next":"\u4e0b\u4e00\u4e2a\u56fe\u50cf","walle":"\u6b64\u56fe\u7247\u4e0d\u80fd\u4e0b\u8f7d\u7528\u4f5c\u58c1\u7eb8\u3002","walls":"\u4e0b\u8f7d\u4eca\u65e5\u7f8e\u56fe\u3002\u4ec5\u9650\u7528\u4f5c\u684c\u9762\u58c1\u7eb8\u3002"}}