{"images":[{"startdate":"20211226","fullstartdate":"202112261600","enddate":"20211227","url":"\/th?id=OHR.SnowBuntings_ZH-CN6554424742_1920x1080.jpg&rf=LaDigue_1920x1080.jpg&pid=hp","urlbase":"\/th?id=OHR.SnowBuntings_ZH-CN6554424742","copyright":"\u66b4\u96ea\u4e2d\u6210\u7fa4\u7684\u96ea\u9e40\uff0c\u7f8e\u56fd\u7ebd\u7ea6 (\u00a9 Marie Read\/Minden Pictures)","copyrightlink":"https:\/\/www.bing.com\/search?q=%E9%9B%AA%E9%B9%80&form=hpcapt&mkt=zh-cn","title":"","quiz":"\/search?q=Bing+homepage+quiz&filters=WQOskey:%22HPQuiz_20211226_SnowBuntings%22&FORM=HPQUIZ","wp":true,"hsh":"45aefe12ce44e47ebed40aa1bdad810f","drk":1,"top":1,"bot":1,"hs":[]}],"tooltips":{"loading":"\u6b63\u5728\u52a0\u8f7d...","previous":"\u4e0a\u4e00\u4e2a\u56fe\u50cf","next":"\u4e0b\u4e00\u4e2a\u56fe\u50cf","walle":"\u6b64\u56fe\u7247\u4e0d\u80fd\u4e0b\u8f7d\u7528\u4f5c\u58c1\u7eb8\u3002","walls":"\u4e0b\u8f7d\u4eca\u65e5\u7f8e\u56fe\u3002\u4ec5\u9650\u7528\u4f5c\u684c\u9762\u58c1\u7eb8\u3002"}}