{"images":[{"startdate":"20210213","fullstartdate":"202102131600","enddate":"20210214","url":"\/th?id=OHR.OceanHeart_ZH-CN2697021215_1920x1080.jpg&rf=LaDigue_1920x1080.jpg&pid=hp","urlbase":"\/th?id=OHR.OceanHeart_ZH-CN2697021215","copyright":"\u6d77\u6d6a\u51b2\u51fb\u7740\u6089\u5c3c\u6d77\u5cb8\u7684\u4e00\u4e2a\u5fc3\u5f62\u5ca9\u77f3\u5c9b\uff0c\u6fb3\u5927\u5229\u4e9a (\u00a9 Kristian Bell\/Getty Images)","copyrightlink":"https:\/\/www.bing.com\/search?q=%E5%BF%83%E5%BD%A2%E5%B2%A9%E7%9F%B3%E5%B2%9B&form=hpcapt&mkt=zh-cn","title":"","quiz":"\/search?q=Bing+homepage+quiz&filters=WQOskey:%22HPQuiz_20210213_OceanHeart%22&FORM=HPQUIZ","wp":true,"hsh":"0c62ab4ca65f2e32bca2035f687a8570","drk":1,"top":1,"bot":1,"hs":[]}],"tooltips":{"loading":"\u6b63\u5728\u52a0\u8f7d...","previous":"\u4e0a\u4e00\u4e2a\u56fe\u50cf","next":"\u4e0b\u4e00\u4e2a\u56fe\u50cf","walle":"\u6b64\u56fe\u7247\u4e0d\u80fd\u4e0b\u8f7d\u7528\u4f5c\u58c1\u7eb8\u3002","walls":"\u4e0b\u8f7d\u4eca\u65e5\u7f8e\u56fe\u3002\u4ec5\u9650\u7528\u4f5c\u684c\u9762\u58c1\u7eb8\u3002"}}