{"images":[{"startdate":"20220428","fullstartdate":"202204281600","enddate":"20220429","url":"\/th?id=OHR.RedwoodSprout_ZH-CN6224667074_1920x1080.jpg&rf=LaDigue_1920x1080.jpg&pid=hp","urlbase":"\/th?id=OHR.RedwoodSprout_ZH-CN6224667074","copyright":"\u5de8\u578b\u7ea2\u6749\u7684\u5c0f\u840c\u82bd\uff0c\u52a0\u5229\u798f\u5c3c\u4e9a\u5dde (\u00a9 Hutch Axilrod\/Getty Images)","copyrightlink":"https:\/\/www.bing.com\/search?q=%E5%B7%A8%E5%9E%8B%E7%BA%A2%E6%9D%89&form=hpcapt&mkt=zh-cn","title":"\u6f5c\u529b\u60ca\u4eba\u7684\u840c\u82bd","quiz":"\/search?q=Bing+homepage+quiz&filters=WQOskey:%22HPQuiz_20220428_RedwoodSprout%22&FORM=HPQUIZ","wp":true,"hsh":"fed08f1de6afc1caddda4e9d0e492a90","drk":1,"top":1,"bot":1,"hs":[]}],"tooltips":{"loading":"\u6b63\u5728\u52a0\u8f7d...","previous":"\u4e0a\u4e00\u4e2a\u56fe\u50cf","next":"\u4e0b\u4e00\u4e2a\u56fe\u50cf","walle":"\u6b64\u56fe\u7247\u4e0d\u80fd\u4e0b\u8f7d\u7528\u4f5c\u58c1\u7eb8\u3002","walls":"\u4e0b\u8f7d\u4eca\u65e5\u7f8e\u56fe\u3002\u4ec5\u9650\u7528\u4f5c\u684c\u9762\u58c1\u7eb8\u3002"}}