{"images":[{"startdate":"20220215","fullstartdate":"202202151600","enddate":"20220216","url":"\/th?id=OHR.CranborneChase_ZH-CN0337426199_1920x1080.jpg&rf=LaDigue_1920x1080.jpg&pid=hp","urlbase":"\/th?id=OHR.CranborneChase_ZH-CN0337426199","copyright":"\u767d\u971c\u8986\u76d6\u4e0b\u7684\u5c71\u6bdb\u6989\u6797\uff0c\u82f1\u683c\u5170\u591a\u585e\u7279\u90e1 (\u00a9 Guy Edwardes\/Minden Pictures)","copyrightlink":"https:\/\/www.bing.com\/search?q=%E5%B1%B1%E6%AF%9B%E6%A6%89&form=hpcapt&mkt=zh-cn","title":"\u88ab\u767d\u971c\u8986\u76d6\u7684\u5c71\u6bdb\u6989\u6797","quiz":"\/search?q=Bing+homepage+quiz&filters=WQOskey:%22HPQuiz_20220215_CranborneChase%22&FORM=HPQUIZ","wp":true,"hsh":"16bb4cb7af3279f4684a7da1dd56932d","drk":1,"top":1,"bot":1,"hs":[]}],"tooltips":{"loading":"\u6b63\u5728\u52a0\u8f7d...","previous":"\u4e0a\u4e00\u4e2a\u56fe\u50cf","next":"\u4e0b\u4e00\u4e2a\u56fe\u50cf","walle":"\u6b64\u56fe\u7247\u4e0d\u80fd\u4e0b\u8f7d\u7528\u4f5c\u58c1\u7eb8\u3002","walls":"\u4e0b\u8f7d\u4eca\u65e5\u7f8e\u56fe\u3002\u4ec5\u9650\u7528\u4f5c\u684c\u9762\u58c1\u7eb8\u3002"}}