{"images":[{"startdate":"20210105","fullstartdate":"202101051600","enddate":"20210106","url":"\/th?id=OHR.SnowCraterLake_ZH-CN9218350129_1920x1080.jpg&rf=LaDigue_1920x1080.jpg&pid=hp","urlbase":"\/th?id=OHR.SnowCraterLake_ZH-CN9218350129","copyright":"\u706b\u5c71\u53e3\u6e56\uff0c\u4fc4\u52d2\u5188\u5dde (\u00a9 Steve Bloom Images\/Alamy)","copyrightlink":"https:\/\/www.bing.com\/search?q=%E7%81%AB%E5%B1%B1%E5%8F%A3%E6%B9%96&form=hpcapt&mkt=zh-cn","title":"","quiz":"\/search?q=Bing+homepage+quiz&filters=WQOskey:%22HPQuiz_20210105_SnowCraterLake%22&FORM=HPQUIZ","wp":true,"hsh":"0597b6f2ee6914dd200beef7fec253cd","drk":1,"top":1,"bot":1,"hs":[]}],"tooltips":{"loading":"\u6b63\u5728\u52a0\u8f7d...","previous":"\u4e0a\u4e00\u4e2a\u56fe\u50cf","next":"\u4e0b\u4e00\u4e2a\u56fe\u50cf","walle":"\u6b64\u56fe\u7247\u4e0d\u80fd\u4e0b\u8f7d\u7528\u4f5c\u58c1\u7eb8\u3002","walls":"\u4e0b\u8f7d\u4eca\u65e5\u7f8e\u56fe\u3002\u4ec5\u9650\u7528\u4f5c\u684c\u9762\u58c1\u7eb8\u3002"}}