{"images":[{"startdate":"20220411","fullstartdate":"202204111600","enddate":"20220412","url":"\/th?id=OHR.WaningGibbous_ZH-CN9648865417_1920x1080.jpg&rf=LaDigue_1920x1080.jpg&pid=hp","urlbase":"\/th?id=OHR.WaningGibbous_ZH-CN9648865417","copyright":"\u4ece\u56fd\u9645\u7a7a\u95f4\u7ad9\u62cd\u6444\u5230\u7684\u5730\u7403\u4e0a\u65b9\u7684\u6e10\u4e8f\u51f8\u6708 (\u00a9 NASA)","copyrightlink":"https:\/\/www.bing.com\/search?q=%E5%9B%BD%E9%99%85%E8%BD%BD%E4%BA%BA%E8%88%AA%E5%A4%A9%E6%97%A5&form=hpcapt&mkt=zh-cn","title":"\u5c24\u91cc\u4e4b\u591c\u7684\u51f8\u6708","quiz":"\/search?q=Bing+homepage+quiz&filters=WQOskey:%22HPQuiz_20220411_WaningGibbous%22&FORM=HPQUIZ","wp":true,"hsh":"96457038398df14d2e749de171c72151","drk":1,"top":1,"bot":1,"hs":[]}],"tooltips":{"loading":"\u6b63\u5728\u52a0\u8f7d...","previous":"\u4e0a\u4e00\u4e2a\u56fe\u50cf","next":"\u4e0b\u4e00\u4e2a\u56fe\u50cf","walle":"\u6b64\u56fe\u7247\u4e0d\u80fd\u4e0b\u8f7d\u7528\u4f5c\u58c1\u7eb8\u3002","walls":"\u4e0b\u8f7d\u4eca\u65e5\u7f8e\u56fe\u3002\u4ec5\u9650\u7528\u4f5c\u684c\u9762\u58c1\u7eb8\u3002"}}