{"images":[{"startdate":"20210423","fullstartdate":"202104231600","enddate":"20210424","url":"\/th?id=OHR.ChollaGarden_ZH-CN8015525891_1920x1080.jpg&rf=LaDigue_1920x1080.jpg&pid=hp","urlbase":"\/th?id=OHR.ChollaGarden_ZH-CN8015525891","copyright":"\u7ea6\u4e66\u4e9a\u6811\u56fd\u5bb6\u516c\u56ed\u4e2d\u7684\u4ed9\u4eba\u638c\u82b1\u56ed\uff0c\u52a0\u5229\u798f\u5c3c\u4e9a (\u00a9 Bryan Jolley\/Tandem Stills + Motion)","copyrightlink":"https:\/\/www.bing.com\/search?q=%E7%BA%A6%E4%B9%A6%E4%BA%9A%E6%A0%91%E5%9B%BD%E5%AE%B6%E5%85%AC%E5%9B%AD&form=hpcapt&mkt=zh-cn","title":"","quiz":"\/search?q=Bing+homepage+quiz&filters=WQOskey:%22HPQuiz_20210423_ChollaGarden%22&FORM=HPQUIZ","wp":true,"hsh":"08445e477def0cbdc544ab56e74778f7","drk":1,"top":1,"bot":1,"hs":[]}],"tooltips":{"loading":"\u6b63\u5728\u52a0\u8f7d...","previous":"\u4e0a\u4e00\u4e2a\u56fe\u50cf","next":"\u4e0b\u4e00\u4e2a\u56fe\u50cf","walle":"\u6b64\u56fe\u7247\u4e0d\u80fd\u4e0b\u8f7d\u7528\u4f5c\u58c1\u7eb8\u3002","walls":"\u4e0b\u8f7d\u4eca\u65e5\u7f8e\u56fe\u3002\u4ec5\u9650\u7528\u4f5c\u684c\u9762\u58c1\u7eb8\u3002"}}