{"images":[{"startdate":"20210917","fullstartdate":"202109171600","enddate":"20210918","url":"\/th?id=OHR.Firefox_ZH-CN0575885603_1920x1080.jpg&rf=LaDigue_1920x1080.jpg&pid=hp","urlbase":"\/th?id=OHR.Firefox_ZH-CN0575885603","copyright":"\u56db\u5ddd\u6210\u90fd\u718a\u732b\u57fa\u5730\u7684\u5c0f\u718a\u732b (\u00a9 Biosphoto\/Alamy)","copyrightlink":"https:\/\/www.bing.com\/search?q=%E5%B0%8F%E7%86%8A%E7%8C%AB&form=hpcapt&mkt=zh-cn","title":"","quiz":"\/search?q=Bing+homepage+quiz&filters=WQOskey:%22HPQuiz_20210917_Firefox%22&FORM=HPQUIZ","wp":true,"hsh":"85d9b95202a6e20a4035cfb7a86bae8c","drk":1,"top":1,"bot":1,"hs":[]}],"tooltips":{"loading":"\u6b63\u5728\u52a0\u8f7d...","previous":"\u4e0a\u4e00\u4e2a\u56fe\u50cf","next":"\u4e0b\u4e00\u4e2a\u56fe\u50cf","walle":"\u6b64\u56fe\u7247\u4e0d\u80fd\u4e0b\u8f7d\u7528\u4f5c\u58c1\u7eb8\u3002","walls":"\u4e0b\u8f7d\u4eca\u65e5\u7f8e\u56fe\u3002\u4ec5\u9650\u7528\u4f5c\u684c\u9762\u58c1\u7eb8\u3002"}}