{"images":[{"startdate":"20211125","fullstartdate":"202111251600","enddate":"20211126","url":"\/th?id=OHR.WinterWaxwing_ZH-CN9435499385_1920x1080.jpg&rf=LaDigue_1920x1080.jpg&pid=hp","urlbase":"\/th?id=OHR.WinterWaxwing_ZH-CN9435499385","copyright":"\u679d\u5934\u4e0a\u7684\u592a\u5e73\u9e1f\uff08\u5317\u7f8e\u4e9a\u79cd\uff09\uff0c\u52a0\u62ff\u5927 (\u00a9 Mircea Costina\/Alamy)","copyrightlink":"https:\/\/www.bing.com\/search?q=%E5%A4%AA%E5%B9%B3%E9%B8%9F%E5%8C%97%E7%BE%8E%E4%BA%9A%E7%A7%8D&form=hpcapt&mkt=zh-cn","title":"","quiz":"\/search?q=Bing+homepage+quiz&filters=WQOskey:%22HPQuiz_20211125_WinterWaxwing%22&FORM=HPQUIZ","wp":true,"hsh":"02aaf2a9250dfca9554592230ae9a105","drk":1,"top":1,"bot":1,"hs":[]}],"tooltips":{"loading":"\u6b63\u5728\u52a0\u8f7d...","previous":"\u4e0a\u4e00\u4e2a\u56fe\u50cf","next":"\u4e0b\u4e00\u4e2a\u56fe\u50cf","walle":"\u6b64\u56fe\u7247\u4e0d\u80fd\u4e0b\u8f7d\u7528\u4f5c\u58c1\u7eb8\u3002","walls":"\u4e0b\u8f7d\u4eca\u65e5\u7f8e\u56fe\u3002\u4ec5\u9650\u7528\u4f5c\u684c\u9762\u58c1\u7eb8\u3002"}}