{"images":[{"startdate":"20210901","fullstartdate":"202109011600","enddate":"20210902","url":"\/th?id=OHR.PortoFlavia_ZH-CN0573894597_1920x1080.jpg&rf=LaDigue_1920x1080.jpg&pid=hp","urlbase":"\/th?id=OHR.PortoFlavia_ZH-CN0573894597","copyright":"\u5f17\u62c9\u7ef4\u4e9a\u6e2f\uff0c\u610f\u5927\u5229\u6492\u4e01\u5c9b (\u00a9 Visualframing\/Adobe Stock)","copyrightlink":"https:\/\/www.bing.com\/search?q=%E6%92%92%E4%B8%81%E5%B2%9B&form=hpcapt&mkt=zh-cn","title":"","quiz":"\/search?q=Bing+homepage+quiz&filters=WQOskey:%22HPQuiz_20210901_PortoFlavia%22&FORM=HPQUIZ","wp":true,"hsh":"d878f90bd1a9b0f7258c039eee25379c","drk":1,"top":1,"bot":1,"hs":[]}],"tooltips":{"loading":"\u6b63\u5728\u52a0\u8f7d...","previous":"\u4e0a\u4e00\u4e2a\u56fe\u50cf","next":"\u4e0b\u4e00\u4e2a\u56fe\u50cf","walle":"\u6b64\u56fe\u7247\u4e0d\u80fd\u4e0b\u8f7d\u7528\u4f5c\u58c1\u7eb8\u3002","walls":"\u4e0b\u8f7d\u4eca\u65e5\u7f8e\u56fe\u3002\u4ec5\u9650\u7528\u4f5c\u684c\u9762\u58c1\u7eb8\u3002"}}