{"images":[{"startdate":"20220330","fullstartdate":"202203301600","enddate":"20220331","url":"\/th?id=OHR.AnniEiffel_ZH-CN8273124420_1920x1080.jpg&rf=LaDigue_1920x1080.jpg&pid=hp","urlbase":"\/th?id=OHR.AnniEiffel_ZH-CN8273124420","copyright":"\u57c3\u83f2\u5c14\u94c1\u5854\uff0c\u6cd5\u56fd\u5df4\u9ece (\u00a9 Susanne Kremer\/eStock Photo)","copyrightlink":"https:\/\/www.bing.com\/search?q=%E5%9F%83%E8%8F%B2%E5%B0%94%E9%93%81%E5%A1%94&form=hpcapt&mkt=zh-cn","title":"\u4e0e\u94c1\u5a18\u5b50\u4e00\u8d77\u5e86\u795d\u65b0\u7684\u4e00\u5e74","quiz":"\/search?q=Bing+homepage+quiz&filters=WQOskey:%22HPQuiz_20220330_AnniEiffel%22&FORM=HPQUIZ","wp":true,"hsh":"046033bf0574f13aa6fa79b16dc3ae92","drk":1,"top":1,"bot":1,"hs":[]}],"tooltips":{"loading":"\u6b63\u5728\u52a0\u8f7d...","previous":"\u4e0a\u4e00\u4e2a\u56fe\u50cf","next":"\u4e0b\u4e00\u4e2a\u56fe\u50cf","walle":"\u6b64\u56fe\u7247\u4e0d\u80fd\u4e0b\u8f7d\u7528\u4f5c\u58c1\u7eb8\u3002","walls":"\u4e0b\u8f7d\u4eca\u65e5\u7f8e\u56fe\u3002\u4ec5\u9650\u7528\u4f5c\u684c\u9762\u58c1\u7eb8\u3002"}}