{"images":[{"startdate":"20220505","fullstartdate":"202205051600","enddate":"20220506","url":"\/th?id=OHR.HertfordshireBluebells_ZH-CN1027832085_1920x1080.jpg&rf=LaDigue_1920x1080.jpg&pid=hp","urlbase":"\/th?id=OHR.HertfordshireBluebells_ZH-CN1027832085","copyright":"\u4e00\u6761\u873f\u8712\u7a7f\u8fc7\u5f00\u6ee1\u84dd\u94c3\u82b1\u68ee\u6797\u7684\u5c0f\u5f84\uff0c\u82f1\u683c\u5170\u8d6b\u7279\u798f\u5fb7\u90e1 (\u00a9 JayKay57\/Getty Images)","copyrightlink":"https:\/\/www.bing.com\/search?q=%E8%93%9D%E9%93%83%E8%8A%B1&form=hpcapt&mkt=zh-cn","title":"\u662f\u5426\u6709\u80c6\u91cf\u7a7f\u8fc7\u8fd9\u7247\u84dd\u94c3\u82b1\u4e1b\uff1f","quiz":"\/search?q=Bing+homepage+quiz&filters=WQOskey:%22HPQuiz_20220505_HertfordshireBluebells%22&FORM=HPQUIZ","wp":true,"hsh":"f6afbc1c00a6b39cd5090e180a67a4ac","drk":1,"top":1,"bot":1,"hs":[]}],"tooltips":{"loading":"\u6b63\u5728\u52a0\u8f7d...","previous":"\u4e0a\u4e00\u4e2a\u56fe\u50cf","next":"\u4e0b\u4e00\u4e2a\u56fe\u50cf","walle":"\u6b64\u56fe\u7247\u4e0d\u80fd\u4e0b\u8f7d\u7528\u4f5c\u58c1\u7eb8\u3002","walls":"\u4e0b\u8f7d\u4eca\u65e5\u7f8e\u56fe\u3002\u4ec5\u9650\u7528\u4f5c\u684c\u9762\u58c1\u7eb8\u3002"}}