{"images":[{"startdate":"20210206","fullstartdate":"202102061600","enddate":"20210207","url":"\/th?id=OHR.SuperbOwl_ZH-CN5028336455_1920x1080.jpg&rf=LaDigue_1920x1080.jpg&pid=hp","urlbase":"\/th?id=OHR.SuperbOwl_ZH-CN5028336455","copyright":"\u8499\u7279\u5229\u5c14\u7684\u4e4c\u6797\u9e2e\uff0c\u52a0\u62ff\u5927 (\u00a9 rollandgelly\/Getty Images)","copyrightlink":"https:\/\/www.bing.com\/search?q=%E4%B9%8C%E6%9E%97%E9%B8%AE&form=hpcapt&mkt=zh-cn","title":"","quiz":"\/search?q=Bing+homepage+quiz&filters=WQOskey:%22HPQuiz_20210206_SuperbOwl%22&FORM=HPQUIZ","wp":true,"hsh":"40327a6d3b0d1bbf3f3f68dd1528fe96","drk":1,"top":1,"bot":1,"hs":[]}],"tooltips":{"loading":"\u6b63\u5728\u52a0\u8f7d...","previous":"\u4e0a\u4e00\u4e2a\u56fe\u50cf","next":"\u4e0b\u4e00\u4e2a\u56fe\u50cf","walle":"\u6b64\u56fe\u7247\u4e0d\u80fd\u4e0b\u8f7d\u7528\u4f5c\u58c1\u7eb8\u3002","walls":"\u4e0b\u8f7d\u4eca\u65e5\u7f8e\u56fe\u3002\u4ec5\u9650\u7528\u4f5c\u684c\u9762\u58c1\u7eb8\u3002"}}