{"images":[{"startdate":"20210130","fullstartdate":"202101301600","enddate":"20210131","url":"\/th?id=OHR.MittenwalderHut_ZH-CN4406131876_1920x1080.jpg&rf=LaDigue_1920x1080.jpg&pid=hp","urlbase":"\/th?id=OHR.MittenwalderHut_ZH-CN4406131876","copyright":"\u5df4\u4f10\u5229\u4e9a\u963f\u5c14\u5351\u65af\u5c71\u8109\u4e2d\u7684\u7c73\u6ed5\u74e6\u5c14\u5fb7\u5c0f\u5c4b\uff0c\u5fb7\u56fd (\u00a9 Sebastian Fr\u00f6lich\/Offset by Shutterstock)","copyrightlink":"https:\/\/www.bing.com\/search?q=%E7%B1%B3%E6%BB%95%E7%93%A6%E5%B0%94%E5%BE%B7&form=hpcapt&mkt=zh-cn","title":"","quiz":"\/search?q=Bing+homepage+quiz&filters=WQOskey:%22HPQuiz_20210130_MittenwalderHut%22&FORM=HPQUIZ","wp":true,"hsh":"aba6034c6739211d9f563ffb89fe06dd","drk":1,"top":1,"bot":1,"hs":[]}],"tooltips":{"loading":"\u6b63\u5728\u52a0\u8f7d...","previous":"\u4e0a\u4e00\u4e2a\u56fe\u50cf","next":"\u4e0b\u4e00\u4e2a\u56fe\u50cf","walle":"\u6b64\u56fe\u7247\u4e0d\u80fd\u4e0b\u8f7d\u7528\u4f5c\u58c1\u7eb8\u3002","walls":"\u4e0b\u8f7d\u4eca\u65e5\u7f8e\u56fe\u3002\u4ec5\u9650\u7528\u4f5c\u684c\u9762\u58c1\u7eb8\u3002"}}