{"images":[{"startdate":"20211103","fullstartdate":"202111031600","enddate":"20211104","url":"\/th?id=OHR.FoleysBridge_ZH-CN4338959688_1920x1080.jpg&rf=LaDigue_1920x1080.jpg&pid=hp","urlbase":"\/th?id=OHR.FoleysBridge_ZH-CN4338959688","copyright":"\u6258\u5229\u83ab\u5c14\u68ee\u6797\u516c\u56ed\u7684\u5f17\u5229\u6865\uff0c\u82f1\u56fd\u5317\u7231\u5c14\u5170 (\u00a9 Adrian McGlynn\/Alamy)","copyrightlink":"https:\/\/www.bing.com\/search?q=%E6%89%98%E5%88%A9%E8%8E%AB%E5%B0%94%E6%A3%AE%E6%9E%97%E5%85%AC%E5%9B%AD&form=hpcapt&mkt=zh-cn","title":"","quiz":"\/search?q=Bing+homepage+quiz&filters=WQOskey:%22HPQuiz_20211103_FoleysBridge%22&FORM=HPQUIZ","wp":true,"hsh":"b2b2f9dd65c3789f990b1e9e5af2def7","drk":1,"top":1,"bot":1,"hs":[]}],"tooltips":{"loading":"\u6b63\u5728\u52a0\u8f7d...","previous":"\u4e0a\u4e00\u4e2a\u56fe\u50cf","next":"\u4e0b\u4e00\u4e2a\u56fe\u50cf","walle":"\u6b64\u56fe\u7247\u4e0d\u80fd\u4e0b\u8f7d\u7528\u4f5c\u58c1\u7eb8\u3002","walls":"\u4e0b\u8f7d\u4eca\u65e5\u7f8e\u56fe\u3002\u4ec5\u9650\u7528\u4f5c\u684c\u9762\u58c1\u7eb8\u3002"}}