{"images":[{"startdate":"20220403","fullstartdate":"202204031600","enddate":"20220404","url":"\/th?id=OHR.NorwayBoulder_ZH-CN8749661500_1920x1080.jpg&rf=LaDigue_1920x1080.jpg&pid=hp","urlbase":"\/th?id=OHR.NorwayBoulder_ZH-CN8749661500","copyright":"\u88c2\u7f1d\u4e2d\u7684\u8c22\u62c9\u683c\u4f2f\u987f\u77f3\uff0c\u632a\u5a01\u8c22\u683c\u62c9\u5c71 (\u00a9 Angel FAyE\/Getty Images)","copyrightlink":"https:\/\/www.bing.com\/search?q=%E8%B0%A2%E6%8B%89%E6%A0%BC%E4%BC%AF%E9%A1%BF%E7%9F%B3&form=hpcapt&mkt=zh-cn","title":"\u5728\u5ca9\u77f3\u4e4b\u95f4...","quiz":"\/search?q=Bing+homepage+quiz&filters=WQOskey:%22HPQuiz_20220403_NorwayBoulder%22&FORM=HPQUIZ","wp":true,"hsh":"dfbb84fbf09a5306f06075fc5dbf4f4d","drk":1,"top":1,"bot":1,"hs":[]}],"tooltips":{"loading":"\u6b63\u5728\u52a0\u8f7d...","previous":"\u4e0a\u4e00\u4e2a\u56fe\u50cf","next":"\u4e0b\u4e00\u4e2a\u56fe\u50cf","walle":"\u6b64\u56fe\u7247\u4e0d\u80fd\u4e0b\u8f7d\u7528\u4f5c\u58c1\u7eb8\u3002","walls":"\u4e0b\u8f7d\u4eca\u65e5\u7f8e\u56fe\u3002\u4ec5\u9650\u7528\u4f5c\u684c\u9762\u58c1\u7eb8\u3002"}}