{"images":[{"startdate":"20220324","fullstartdate":"202203241600","enddate":"20220325","url":"\/th?id=OHR.Rivendell_ZH-CN6669549862_1920x1080.jpg&rf=LaDigue_1920x1080.jpg&pid=hp","urlbase":"\/th?id=OHR.Rivendell_ZH-CN6669549862","copyright":"\u52b3\u7279\u5e03\u9f99\u5ae9\u5c71\u8c37\uff0c\u745e\u58eb\u963f\u5c14\u5351\u65af\u5c71 (\u00a9 Leonid Andronov\/Getty Images)","copyrightlink":"https:\/\/www.bing.com\/search?q=%E5%8A%B3%E7%89%B9%E5%B8%83%E9%BE%99%E5%AB%A9%E5%B1%B1%E8%B0%B7&form=hpcapt&mkt=zh-cn","title":"\u6258\u5c14\u91d1\u7b14\u4e0b\u745e\u6587\u6234\u5c14\u7684\u539f\u578b","quiz":"\/search?q=Bing+homepage+quiz&filters=WQOskey:%22HPQuiz_20220324_Rivendell%22&FORM=HPQUIZ","wp":true,"hsh":"5ddc3bbcc3df2d14f9ffa3e96d588017","drk":1,"top":1,"bot":1,"hs":[]}],"tooltips":{"loading":"\u6b63\u5728\u52a0\u8f7d...","previous":"\u4e0a\u4e00\u4e2a\u56fe\u50cf","next":"\u4e0b\u4e00\u4e2a\u56fe\u50cf","walle":"\u6b64\u56fe\u7247\u4e0d\u80fd\u4e0b\u8f7d\u7528\u4f5c\u58c1\u7eb8\u3002","walls":"\u4e0b\u8f7d\u4eca\u65e5\u7f8e\u56fe\u3002\u4ec5\u9650\u7528\u4f5c\u684c\u9762\u58c1\u7eb8\u3002"}}