{"images":[{"startdate":"20220118","fullstartdate":"202201181600","enddate":"20220119","url":"\/th?id=OHR.SaintElias_ZH-CN2861097596_1920x1080.jpg&rf=LaDigue_1920x1080.jpg&pid=hp","urlbase":"\/th?id=OHR.SaintElias_ZH-CN2861097596","copyright":"\u514b\u5362\u6069\u56fd\u5bb6\u516c\u56ed\u4fdd\u62a4\u533a\u7684\u5c71\u8109\u548c\u51b0\u5ddd\uff0c\u52a0\u62ff\u5927\u80b2\u7a7a\u5730\u533a (\u00a9 Design Pics Inc\/Alamy)","copyrightlink":"https:\/\/www.bing.com\/search?q=%E5%85%8B%E5%8D%A2%E6%81%A9%E5%9B%BD%E5%AE%B6%E5%85%AC%E5%9B%AD%E4%BF%9D%E6%8A%A4%E5%8C%BA&form=hpcapt&mkt=zh-cn","title":"","quiz":"\/search?q=Bing+homepage+quiz&filters=WQOskey:%22HPQuiz_20220118_SaintElias%22&FORM=HPQUIZ","wp":true,"hsh":"3cd3440eded42d5657f69c9b5fd14996","drk":1,"top":1,"bot":1,"hs":[]}],"tooltips":{"loading":"\u6b63\u5728\u52a0\u8f7d...","previous":"\u4e0a\u4e00\u4e2a\u56fe\u50cf","next":"\u4e0b\u4e00\u4e2a\u56fe\u50cf","walle":"\u6b64\u56fe\u7247\u4e0d\u80fd\u4e0b\u8f7d\u7528\u4f5c\u58c1\u7eb8\u3002","walls":"\u4e0b\u8f7d\u4eca\u65e5\u7f8e\u56fe\u3002\u4ec5\u9650\u7528\u4f5c\u684c\u9762\u58c1\u7eb8\u3002"}}