{"images":[{"startdate":"20210605","fullstartdate":"202106051600","enddate":"20210606","url":"\/th?id=OHR.ArromanchesLesBains_ZH-CN0631947158_1920x1080.jpg&rf=LaDigue_1920x1080.jpg&pid=hp","urlbase":"\/th?id=OHR.ArromanchesLesBains_ZH-CN0631947158","copyright":"\u963f\u7f57\u8292\u4ec0\u83b1\u73ed\u7684\u6851\u6811\u6e2f\uff0c\u6cd5\u56fd\u8bfa\u66fc\u5e95 (\u00a9 agefotostock\/Alamy)","copyrightlink":"https:\/\/www.bing.com\/search?q=Normandy&form=hpcapt&mkt=zh-cn","title":"","quiz":"\/search?q=Bing+homepage+quiz&filters=WQOskey:%22HPQuiz_20210605_ArromanchesLesBains%22&FORM=HPQUIZ","wp":true,"hsh":"9018a30e1b018a3b5c104b96b0f28da7","drk":1,"top":1,"bot":1,"hs":[]}],"tooltips":{"loading":"\u6b63\u5728\u52a0\u8f7d...","previous":"\u4e0a\u4e00\u4e2a\u56fe\u50cf","next":"\u4e0b\u4e00\u4e2a\u56fe\u50cf","walle":"\u6b64\u56fe\u7247\u4e0d\u80fd\u4e0b\u8f7d\u7528\u4f5c\u58c1\u7eb8\u3002","walls":"\u4e0b\u8f7d\u4eca\u65e5\u7f8e\u56fe\u3002\u4ec5\u9650\u7528\u4f5c\u684c\u9762\u58c1\u7eb8\u3002"}}