{"images":[{"startdate":"20210706","fullstartdate":"202107061600","enddate":"20210707","url":"\/th?id=OHR.LakeUrmia_ZH-CN4941337431_1920x1080.jpg&rf=LaDigue_1920x1080.jpg&pid=hp","urlbase":"\/th?id=OHR.LakeUrmia_ZH-CN4941337431","copyright":"\u4e4c\u9c81\u7c73\u8036\u6e56\u4e2d\u7684\u5ca9\u5c42\uff0c\u4f0a\u6717 (\u00a9 Ali\/Adobe Stock)","copyrightlink":"https:\/\/www.bing.com\/search?q=%E4%B9%8C%E9%B2%81%E7%B1%B3%E8%80%B6%E6%B9%96&form=hpcapt&mkt=zh-cn","title":"","quiz":"\/search?q=Bing+homepage+quiz&filters=WQOskey:%22HPQuiz_20210706_LakeUrmia%22&FORM=HPQUIZ","wp":true,"hsh":"f4bd5533785dbd9114618a0519ae0dbf","drk":1,"top":1,"bot":1,"hs":[]}],"tooltips":{"loading":"\u6b63\u5728\u52a0\u8f7d...","previous":"\u4e0a\u4e00\u4e2a\u56fe\u50cf","next":"\u4e0b\u4e00\u4e2a\u56fe\u50cf","walle":"\u6b64\u56fe\u7247\u4e0d\u80fd\u4e0b\u8f7d\u7528\u4f5c\u58c1\u7eb8\u3002","walls":"\u4e0b\u8f7d\u4eca\u65e5\u7f8e\u56fe\u3002\u4ec5\u9650\u7528\u4f5c\u684c\u9762\u58c1\u7eb8\u3002"}}