{"images":[{"startdate":"20210410","fullstartdate":"202104101600","enddate":"20210411","url":"\/th?id=OHR.YoshinoyamaSpring_ZH-CN5545606722_1920x1080.jpg&rf=LaDigue_1920x1080.jpg&pid=hp","urlbase":"\/th?id=OHR.YoshinoyamaSpring_ZH-CN5545606722","copyright":"\u5409\u91ce\u5c71\uff0c\u65e5\u672c\u5948\u826f (\u00a9 Sean Pavone\/iStock\/Getty Images Plus)","copyrightlink":"https:\/\/www.bing.com\/search?q=%E5%90%89%E9%87%8E%E5%B1%B1&form=hpcapt&mkt=zh-cn","title":"","quiz":"\/search?q=Bing+homepage+quiz&filters=WQOskey:%22HPQuiz_20210410_YoshinoyamaSpring%22&FORM=HPQUIZ","wp":true,"hsh":"413bca5a2c18d7dc69886c63c536c80f","drk":1,"top":1,"bot":1,"hs":[]}],"tooltips":{"loading":"\u6b63\u5728\u52a0\u8f7d...","previous":"\u4e0a\u4e00\u4e2a\u56fe\u50cf","next":"\u4e0b\u4e00\u4e2a\u56fe\u50cf","walle":"\u6b64\u56fe\u7247\u4e0d\u80fd\u4e0b\u8f7d\u7528\u4f5c\u58c1\u7eb8\u3002","walls":"\u4e0b\u8f7d\u4eca\u65e5\u7f8e\u56fe\u3002\u4ec5\u9650\u7528\u4f5c\u684c\u9762\u58c1\u7eb8\u3002"}}