{"images":[{"startdate":"20210730","fullstartdate":"202107301600","enddate":"20210731","url":"\/th?id=OHR.TanzaniaBeeEater_ZH-CN3246625733_1920x1080.jpg&rf=LaDigue_1920x1080.jpg&pid=hp","urlbase":"\/th?id=OHR.TanzaniaBeeEater_ZH-CN3246625733","copyright":"\u59c6\u79d1\u9a6c\u9f50\u56fd\u5bb6\u516c\u56ed\u7684\u5317\u90e8\u80ed\u8102\u7ea2\u98df\u8702\u9e1f\u548c\u6b27\u6d32\u98df\u8702\u9e1f\uff0c\u5766\u6851\u5c3c\u4e9a (\u00a9 webguzs\/Getty Images)","copyrightlink":"https:\/\/www.bing.com\/search?q=%E5%A7%86%E7%A7%91%E9%A9%AC%E9%BD%90%E5%9B%BD%E5%AE%B6%E5%85%AC%E5%9B%AD&form=hpcapt&mkt=zh-cn","title":"","quiz":"\/search?q=Bing+homepage+quiz&filters=WQOskey:%22HPQuiz_20210730_TanzaniaBeeEater%22&FORM=HPQUIZ","wp":true,"hsh":"e3121042b04d2faaf26c7bdb017d8f2f","drk":1,"top":1,"bot":1,"hs":[]}],"tooltips":{"loading":"\u6b63\u5728\u52a0\u8f7d...","previous":"\u4e0a\u4e00\u4e2a\u56fe\u50cf","next":"\u4e0b\u4e00\u4e2a\u56fe\u50cf","walle":"\u6b64\u56fe\u7247\u4e0d\u80fd\u4e0b\u8f7d\u7528\u4f5c\u58c1\u7eb8\u3002","walls":"\u4e0b\u8f7d\u4eca\u65e5\u7f8e\u56fe\u3002\u4ec5\u9650\u7528\u4f5c\u684c\u9762\u58c1\u7eb8\u3002"}}