{"images":[{"startdate":"20210725","fullstartdate":"202107251600","enddate":"20210726","url":"\/th?id=OHR.DancingTrees_ZH-CN2946844631_1920x1080.jpg&rf=LaDigue_1920x1080.jpg&pid=hp","urlbase":"\/th?id=OHR.DancingTrees_ZH-CN2946844631","copyright":"Walakiri\u6d77\u6ee9\u7684\u7ea2\u6811\u6797\uff0c\u5370\u5ea6\u5c3c\u897f\u4e9a\u677e\u5df4\u5c9b (\u00a9 Tengguo Wu\/Getty Images)","copyrightlink":"https:\/\/www.bing.com\/search?q=%E6%9D%BE%E5%B7%B4%E5%B2%9B&form=hpcapt&mkt=zh-cn","title":"","quiz":"\/search?q=Bing+homepage+quiz&filters=WQOskey:%22HPQuiz_20210725_DancingTrees%22&FORM=HPQUIZ","wp":true,"hsh":"0ef666bed3734e4c78666204e562f90e","drk":1,"top":1,"bot":1,"hs":[]}],"tooltips":{"loading":"\u6b63\u5728\u52a0\u8f7d...","previous":"\u4e0a\u4e00\u4e2a\u56fe\u50cf","next":"\u4e0b\u4e00\u4e2a\u56fe\u50cf","walle":"\u6b64\u56fe\u7247\u4e0d\u80fd\u4e0b\u8f7d\u7528\u4f5c\u58c1\u7eb8\u3002","walls":"\u4e0b\u8f7d\u4eca\u65e5\u7f8e\u56fe\u3002\u4ec5\u9650\u7528\u4f5c\u684c\u9762\u58c1\u7eb8\u3002"}}