{"images":[{"startdate":"20210324","fullstartdate":"202103241600","enddate":"20210325","url":"\/th?id=OHR.LakeWinnipeg_ZH-CN0984485385_1920x1080.jpg&rf=LaDigue_1920x1080.jpg&pid=hp","urlbase":"\/th?id=OHR.LakeWinnipeg_ZH-CN0984485385","copyright":"\u6e29\u5c3c\u4f2f\u6e56\u6cbf\u5cb8\u7684\u6625\u65e5\u51b0\u96ea\uff0c\u66fc\u5c3c\u6258\u5df4 (\u00a9 Mike Grandmaison\/Jaynes Gallery\/DanitaDelimont.com)","copyrightlink":"https:\/\/www.bing.com\/search?q=%E6%B8%A9%E5%B0%BC%E4%BC%AF%E6%B9%96&form=hpcapt&mkt=zh-cn","title":"","quiz":"\/search?q=Bing+homepage+quiz&filters=WQOskey:%22HPQuiz_20210324_LakeWinnipeg%22&FORM=HPQUIZ","wp":true,"hsh":"3ac5fccde0eecbb58cb563642ae4c797","drk":1,"top":1,"bot":1,"hs":[]}],"tooltips":{"loading":"\u6b63\u5728\u52a0\u8f7d...","previous":"\u4e0a\u4e00\u4e2a\u56fe\u50cf","next":"\u4e0b\u4e00\u4e2a\u56fe\u50cf","walle":"\u6b64\u56fe\u7247\u4e0d\u80fd\u4e0b\u8f7d\u7528\u4f5c\u58c1\u7eb8\u3002","walls":"\u4e0b\u8f7d\u4eca\u65e5\u7f8e\u56fe\u3002\u4ec5\u9650\u7528\u4f5c\u684c\u9762\u58c1\u7eb8\u3002"}}