{"images":[{"startdate":"20211215","fullstartdate":"202112151600","enddate":"20211216","url":"\/th?id=OHR.WernigerodeWeihnachtsmarkt_ZH-CN1081480865_1920x1080.jpg&rf=LaDigue_1920x1080.jpg&pid=hp","urlbase":"\/th?id=OHR.WernigerodeWeihnachtsmarkt_ZH-CN1081480865","copyright":"\u97e6\u5c3c\u683c\u7f57\u5fb7\u7684\u5723\u8bde\u5e02\u573a\uff0c\u5fb7\u56fd\u8428\u514b\u68ee-\u5b89\u54c8\u5c14\u7279\u5dde (\u00a9 Krzysztof Baranowski\/Moment\/Getty Images)","copyrightlink":"https:\/\/www.bing.com\/search?q=%E8%90%A8%E5%85%8B%E6%A3%AE-%E5%AE%89%E5%93%88%E5%B0%94%E7%89%B9%E5%B7%9E&form=hpcapt&mkt=zh-cn","title":"","quiz":"\/search?q=Bing+homepage+quiz&filters=WQOskey:%22HPQuiz_20211215_WernigerodeWeihnachtsmarkt%22&FORM=HPQUIZ","wp":true,"hsh":"ac96a7807fbd919353ef64a7501e58a5","drk":1,"top":1,"bot":1,"hs":[]}],"tooltips":{"loading":"\u6b63\u5728\u52a0\u8f7d...","previous":"\u4e0a\u4e00\u4e2a\u56fe\u50cf","next":"\u4e0b\u4e00\u4e2a\u56fe\u50cf","walle":"\u6b64\u56fe\u7247\u4e0d\u80fd\u4e0b\u8f7d\u7528\u4f5c\u58c1\u7eb8\u3002","walls":"\u4e0b\u8f7d\u4eca\u65e5\u7f8e\u56fe\u3002\u4ec5\u9650\u7528\u4f5c\u684c\u9762\u58c1\u7eb8\u3002"}}