{"images":[{"startdate":"20210321","fullstartdate":"202103211600","enddate":"20210322","url":"\/th?id=OHR.JouxFog_ZH-CN9947036409_1920x1080.jpg&rf=LaDigue_1920x1080.jpg&pid=hp","urlbase":"\/th?id=OHR.JouxFog_ZH-CN9947036409","copyright":"\u6c5d\u62c9\u5c71\u4e2d\u7684Chateau de Joux\u5821\uff0c\u6cd5\u56fd (\u00a9 Ivoha\/Alamy)","copyrightlink":"https:\/\/www.bing.com\/search?q=%E6%B1%9D%E6%8B%89%E5%B1%B1&form=hpcapt&mkt=zh-cn","title":"","quiz":"\/search?q=Bing+homepage+quiz&filters=WQOskey:%22HPQuiz_20210321_JouxFog%22&FORM=HPQUIZ","wp":true,"hsh":"c198241fc305118af64a6d2b9c3437e5","drk":1,"top":1,"bot":1,"hs":[]}],"tooltips":{"loading":"\u6b63\u5728\u52a0\u8f7d...","previous":"\u4e0a\u4e00\u4e2a\u56fe\u50cf","next":"\u4e0b\u4e00\u4e2a\u56fe\u50cf","walle":"\u6b64\u56fe\u7247\u4e0d\u80fd\u4e0b\u8f7d\u7528\u4f5c\u58c1\u7eb8\u3002","walls":"\u4e0b\u8f7d\u4eca\u65e5\u7f8e\u56fe\u3002\u4ec5\u9650\u7528\u4f5c\u684c\u9762\u58c1\u7eb8\u3002"}}