{"images":[{"startdate":"20220105","fullstartdate":"202201051600","enddate":"20220106","url":"\/th?id=OHR.LakeKochelsee_ZH-CN0004970986_1920x1080.jpg&rf=LaDigue_1920x1080.jpg&pid=hp","urlbase":"\/th?id=OHR.LakeKochelsee_ZH-CN0004970986","copyright":"\u51ac\u65e5\u91cc\u7684\u79d1\u8d6b\u5c14\u6e56\uff0c\u5fb7\u56fd\u5df4\u4f10\u5229\u4e9a\u5dde (\u00a9 Reinhard Schmid\/eStock Photo)","copyrightlink":"https:\/\/www.bing.com\/search?q=%E5%B7%B4%E4%BC%90%E5%88%A9%E4%BA%9A%E5%B7%9E&form=hpcapt&mkt=zh-cn","title":"","quiz":"\/search?q=Bing+homepage+quiz&filters=WQOskey:%22HPQuiz_20220105_LakeKochelsee%22&FORM=HPQUIZ","wp":true,"hsh":"ca77cdf77004291ce0804f224a4b0949","drk":1,"top":1,"bot":1,"hs":[]}],"tooltips":{"loading":"\u6b63\u5728\u52a0\u8f7d...","previous":"\u4e0a\u4e00\u4e2a\u56fe\u50cf","next":"\u4e0b\u4e00\u4e2a\u56fe\u50cf","walle":"\u6b64\u56fe\u7247\u4e0d\u80fd\u4e0b\u8f7d\u7528\u4f5c\u58c1\u7eb8\u3002","walls":"\u4e0b\u8f7d\u4eca\u65e5\u7f8e\u56fe\u3002\u4ec5\u9650\u7528\u4f5c\u684c\u9762\u58c1\u7eb8\u3002"}}