{"images":[{"startdate":"20210228","fullstartdate":"202102281600","enddate":"20210301","url":"\/th?id=OHR.BlueTitDaffs_ZH-CN3333224685_1920x1080.jpg&rf=LaDigue_1920x1080.jpg&pid=hp","urlbase":"\/th?id=OHR.BlueTitDaffs_ZH-CN3333224685","copyright":"\u5a01\u5c14\u58eb\u4e2d\u90e8\u6c34\u4ed9\u82b1\u4e2d\u7684\u84dd\u5c71\u96c0 (\u00a9 Philip Jones\/Alamy)","copyrightlink":"https:\/\/www.bing.com\/search?q=%E8%93%9D%E5%B1%B1%E9%9B%80&form=hpcapt&mkt=zh-cn","title":"","quiz":"\/search?q=Bing+homepage+quiz&filters=WQOskey:%22HPQuiz_20210228_BlueTitDaffs%22&FORM=HPQUIZ","wp":true,"hsh":"eaadc640b7dd21f66e80df08b1071945","drk":1,"top":1,"bot":1,"hs":[]}],"tooltips":{"loading":"\u6b63\u5728\u52a0\u8f7d...","previous":"\u4e0a\u4e00\u4e2a\u56fe\u50cf","next":"\u4e0b\u4e00\u4e2a\u56fe\u50cf","walle":"\u6b64\u56fe\u7247\u4e0d\u80fd\u4e0b\u8f7d\u7528\u4f5c\u58c1\u7eb8\u3002","walls":"\u4e0b\u8f7d\u4eca\u65e5\u7f8e\u56fe\u3002\u4ec5\u9650\u7528\u4f5c\u684c\u9762\u58c1\u7eb8\u3002"}}