{"images":[{"startdate":"20210412","fullstartdate":"202104121600","enddate":"20210413","url":"\/th?id=OHR.WatPhraSiSanphet_ZH-CN5830557189_1920x1080.jpg&rf=LaDigue_1920x1080.jpg&pid=hp","urlbase":"\/th?id=OHR.WatPhraSiSanphet_ZH-CN5830557189","copyright":"\u5927\u57ce\u5386\u53f2\u516c\u56ed\u4e2d\u7684\u5e15\u559c\u5584\u4f69\u5bfa\uff0c\u6cf0\u56fd\u5927\u57ce\u5e9c (\u00a9 travelstock44\/Alamy)","copyrightlink":"https:\/\/www.bing.com\/search?q=%E5%B8%95%E5%96%9C%E5%96%84%E4%BD%A9%E5%AF%BA&form=hpcapt&mkt=zh-cn","title":"","quiz":"\/search?q=Bing+homepage+quiz&filters=WQOskey:%22HPQuiz_20210412_WatPhraSiSanphet%22&FORM=HPQUIZ","wp":true,"hsh":"9784abdbb50de2999ea47f5b4a795583","drk":1,"top":1,"bot":1,"hs":[]}],"tooltips":{"loading":"\u6b63\u5728\u52a0\u8f7d...","previous":"\u4e0a\u4e00\u4e2a\u56fe\u50cf","next":"\u4e0b\u4e00\u4e2a\u56fe\u50cf","walle":"\u6b64\u56fe\u7247\u4e0d\u80fd\u4e0b\u8f7d\u7528\u4f5c\u58c1\u7eb8\u3002","walls":"\u4e0b\u8f7d\u4eca\u65e5\u7f8e\u56fe\u3002\u4ec5\u9650\u7528\u4f5c\u684c\u9762\u58c1\u7eb8\u3002"}}