{"images":[{"startdate":"20220130","fullstartdate":"202201301600","enddate":"20220131","url":"\/th?id=OHR.ChineseNewYearEve_ZH-CN1901922324_1920x1080.jpg&rf=LaDigue_1920x1080.jpg&pid=hp","urlbase":"\/th?id=OHR.ChineseNewYearEve_ZH-CN1901922324","copyright":"\u70df\u82b1\u7efd\u653e\u7684\u9664\u5915\u591c\uff0c\u4e2d\u56fd (\u00a9 MediaProduction\/E+\/Getty Images)","copyrightlink":"https:\/\/www.bing.com\/search?q=%E9%99%A4%E5%A4%95&form=hpcapt&mkt=zh-cn","title":"","quiz":"\/search?q=Bing+homepage+quiz&filters=WQOskey:%22HPQuiz_20220130_ChineseNewYearEve%22&FORM=HPQUIZ","wp":true,"hsh":"b944de7f8af1b24db23d4c9e6c3d83b4","drk":1,"top":1,"bot":1,"hs":[]}],"tooltips":{"loading":"\u6b63\u5728\u52a0\u8f7d...","previous":"\u4e0a\u4e00\u4e2a\u56fe\u50cf","next":"\u4e0b\u4e00\u4e2a\u56fe\u50cf","walle":"\u6b64\u56fe\u7247\u4e0d\u80fd\u4e0b\u8f7d\u7528\u4f5c\u58c1\u7eb8\u3002","walls":"\u4e0b\u8f7d\u4eca\u65e5\u7f8e\u56fe\u3002\u4ec5\u9650\u7528\u4f5c\u684c\u9762\u58c1\u7eb8\u3002"}}