{"images":[{"startdate":"20210429","fullstartdate":"202104291600","enddate":"20210430","url":"\/th?id=OHR.MontStMich_ZH-CN8844280566_1920x1080.jpg&rf=LaDigue_1920x1080.jpg&pid=hp","urlbase":"\/th?id=OHR.MontStMich_ZH-CN8844280566","copyright":"\u5904\u4e8e\u7f8e\u8f6e\u7f8e\u5942\u7684\u5149\u5f71\u4e2d\u7684\u5723\u7c73\u6b47\u5c14\u5c71 (\u00a9 Mathieu Rivrin\/Getty Images)","copyrightlink":"https:\/\/www.bing.com\/search?q=%E5%9C%A3%E7%B1%B3%E6%AD%87%E5%B0%94%E5%B1%B1&form=hpcapt&mkt=zh-cn","title":"","quiz":"\/search?q=Bing+homepage+quiz&filters=WQOskey:%22HPQuiz_20210429_MontStMich%22&FORM=HPQUIZ","wp":true,"hsh":"abe2608d0eda3f5cce9f0830a636a706","drk":1,"top":1,"bot":1,"hs":[]}],"tooltips":{"loading":"\u6b63\u5728\u52a0\u8f7d...","previous":"\u4e0a\u4e00\u4e2a\u56fe\u50cf","next":"\u4e0b\u4e00\u4e2a\u56fe\u50cf","walle":"\u6b64\u56fe\u7247\u4e0d\u80fd\u4e0b\u8f7d\u7528\u4f5c\u58c1\u7eb8\u3002","walls":"\u4e0b\u8f7d\u4eca\u65e5\u7f8e\u56fe\u3002\u4ec5\u9650\u7528\u4f5c\u684c\u9762\u58c1\u7eb8\u3002"}}