{"images":[{"startdate":"20220313","fullstartdate":"202203131600","enddate":"20220314","url":"\/th?id=OHR.LanyonQuoit_ZH-CN6278576563_1920x1080.jpg&rf=LaDigue_1920x1080.jpg&pid=hp","urlbase":"\/th?id=OHR.LanyonQuoit_ZH-CN6278576563","copyright":"\u5170\u6d0b\u5938\u7279\u5893\u5ba4\uff0c\u82f1\u56fd\u5eb7\u6c83\u5c14\u90e1 (\u00a9 Guy Edwardes\/Minden Pictures)","copyrightlink":"https:\/\/www.bing.com\/search?q=%E5%BA%B7%E6%B2%83%E5%B0%94%E9%83%A1&form=hpcapt&mkt=zh-cn","title":"\u5929\u7a7a\u4e2d\u7684\u5706\u5468\u7387......","quiz":"\/search?q=Bing+homepage+quiz&filters=WQOskey:%22HPQuiz_20220313_LanyonQuoit%22&FORM=HPQUIZ","wp":true,"hsh":"af7d50b88a9968e21517128d30f7f1d4","drk":1,"top":1,"bot":1,"hs":[]}],"tooltips":{"loading":"\u6b63\u5728\u52a0\u8f7d...","previous":"\u4e0a\u4e00\u4e2a\u56fe\u50cf","next":"\u4e0b\u4e00\u4e2a\u56fe\u50cf","walle":"\u6b64\u56fe\u7247\u4e0d\u80fd\u4e0b\u8f7d\u7528\u4f5c\u58c1\u7eb8\u3002","walls":"\u4e0b\u8f7d\u4eca\u65e5\u7f8e\u56fe\u3002\u4ec5\u9650\u7528\u4f5c\u684c\u9762\u58c1\u7eb8\u3002"}}