{"images":[{"startdate":"20210629","fullstartdate":"202106291600","enddate":"20210630","url":"\/th?id=OHR.LavenderBlooms_ZH-CN5541892943_1920x1080.jpg&rf=LaDigue_1920x1080.jpg&pid=hp","urlbase":"\/th?id=OHR.LavenderBlooms_ZH-CN5541892943","copyright":"\u85b0\u8863\u8349\u7530\uff0c\u82f1\u56fd\u725b\u6d25 (\u00a9 Peter Greenway\/EyeEm\/Getty Images)","copyrightlink":"https:\/\/www.bing.com\/search?q=%E8%96%B0%E8%A1%A3%E8%8D%89&form=hpcapt&mkt=zh-cn","title":"","quiz":"\/search?q=Bing+homepage+quiz&filters=WQOskey:%22HPQuiz_20210629_LavenderBlooms%22&FORM=HPQUIZ","wp":true,"hsh":"8610ceb1048cfd535ee220f9505d8200","drk":1,"top":1,"bot":1,"hs":[]}],"tooltips":{"loading":"\u6b63\u5728\u52a0\u8f7d...","previous":"\u4e0a\u4e00\u4e2a\u56fe\u50cf","next":"\u4e0b\u4e00\u4e2a\u56fe\u50cf","walle":"\u6b64\u56fe\u7247\u4e0d\u80fd\u4e0b\u8f7d\u7528\u4f5c\u58c1\u7eb8\u3002","walls":"\u4e0b\u8f7d\u4eca\u65e5\u7f8e\u56fe\u3002\u4ec5\u9650\u7528\u4f5c\u684c\u9762\u58c1\u7eb8\u3002"}}