{"images":[{"startdate":"20210120","fullstartdate":"202101201600","enddate":"20210121","url":"\/th?id=OHR.RSOakTree_ZH-CN6371993573_1920x1080.jpg&rf=LaDigue_1920x1080.jpg&pid=hp","urlbase":"\/th?id=OHR.RSOakTree_ZH-CN6371993573","copyright":"\u82cf\u683c\u5170\u9ad8\u5730\u4e0a\u7684\u6b27\u4e9a\u7ea2\u677e\u9f20\uff0c\u82cf\u683c\u5170 (\u00a9 Scotland: The Big Picture\/Minden Pictures)","copyrightlink":"https:\/\/www.bing.com\/search?q=%E6%AC%A7%E4%BA%9A%E7%BA%A2%E6%9D%BE%E9%BC%A0&form=hpcapt&mkt=zh-cn","title":"","quiz":"\/search?q=Bing+homepage+quiz&filters=WQOskey:%22HPQuiz_20210120_RSOakTree%22&FORM=HPQUIZ","wp":true,"hsh":"97e42b3339cde5323e9bb0c87c29a80f","drk":1,"top":1,"bot":1,"hs":[]}],"tooltips":{"loading":"\u6b63\u5728\u52a0\u8f7d...","previous":"\u4e0a\u4e00\u4e2a\u56fe\u50cf","next":"\u4e0b\u4e00\u4e2a\u56fe\u50cf","walle":"\u6b64\u56fe\u7247\u4e0d\u80fd\u4e0b\u8f7d\u7528\u4f5c\u58c1\u7eb8\u3002","walls":"\u4e0b\u8f7d\u4eca\u65e5\u7f8e\u56fe\u3002\u4ec5\u9650\u7528\u4f5c\u684c\u9762\u58c1\u7eb8\u3002"}}