{"images":[{"startdate":"20211116","fullstartdate":"202111161600","enddate":"20211117","url":"\/th?id=OHR.CorkscrewSwamp_ZH-CN2637396790_1920x1080.jpg&rf=LaDigue_1920x1080.jpg&pid=hp","urlbase":"\/th?id=OHR.CorkscrewSwamp_ZH-CN2637396790","copyright":"\u87ba\u65cb\u6cbc\u6cfd\u9e1f\u517d\u7981\u730e\u533a\u7684\u5c0f\u5f84,\u4f5b\u7f57\u91cc\u8fbe\u5dde (\u00a9 Bill Gozansky\/Alamy)","copyrightlink":"https:\/\/www.bing.com\/search?q=%E4%BD%9B%E7%BD%97%E9%87%8C%E8%BE%BE%E5%B7%9E&form=hpcapt&mkt=zh-cn","title":"","quiz":"\/search?q=Bing+homepage+quiz&filters=WQOskey:%22HPQuiz_20211116_CorkscrewSwamp%22&FORM=HPQUIZ","wp":true,"hsh":"a18384e174a739331dd8388bcb7f1131","drk":1,"top":1,"bot":1,"hs":[]}],"tooltips":{"loading":"\u6b63\u5728\u52a0\u8f7d...","previous":"\u4e0a\u4e00\u4e2a\u56fe\u50cf","next":"\u4e0b\u4e00\u4e2a\u56fe\u50cf","walle":"\u6b64\u56fe\u7247\u4e0d\u80fd\u4e0b\u8f7d\u7528\u4f5c\u58c1\u7eb8\u3002","walls":"\u4e0b\u8f7d\u4eca\u65e5\u7f8e\u56fe\u3002\u4ec5\u9650\u7528\u4f5c\u684c\u9762\u58c1\u7eb8\u3002"}}