{"images":[{"startdate":"20210414","fullstartdate":"202104141600","enddate":"20210415","url":"\/th?id=OHR.AlbertaTrunks_ZH-CN6124025876_1920x1080.jpg&rf=LaDigue_1920x1080.jpg&pid=hp","urlbase":"\/th?id=OHR.AlbertaTrunks_ZH-CN6124025876","copyright":"\u4e9a\u4f2f\u62c9\u7f55\u6e56\u4e2d\u7684\u6811\uff0c\u52a0\u62ff\u5927\u827e\u4f2f\u5854 (\u00a9 Coolbiere\/Getty Images)","copyrightlink":"https:\/\/www.bing.com\/search?q=%E4%BA%9A%E4%BC%AF%E6%8B%89%E7%BD%95%E6%B9%96&form=hpcapt&mkt=zh-cn","title":"","quiz":"\/search?q=Bing+homepage+quiz&filters=WQOskey:%22HPQuiz_20210414_AlbertaTrunks%22&FORM=HPQUIZ","wp":true,"hsh":"098bdb0d7d5b10cecfd7a14cd36b9ace","drk":1,"top":1,"bot":1,"hs":[]}],"tooltips":{"loading":"\u6b63\u5728\u52a0\u8f7d...","previous":"\u4e0a\u4e00\u4e2a\u56fe\u50cf","next":"\u4e0b\u4e00\u4e2a\u56fe\u50cf","walle":"\u6b64\u56fe\u7247\u4e0d\u80fd\u4e0b\u8f7d\u7528\u4f5c\u58c1\u7eb8\u3002","walls":"\u4e0b\u8f7d\u4eca\u65e5\u7f8e\u56fe\u3002\u4ec5\u9650\u7528\u4f5c\u684c\u9762\u58c1\u7eb8\u3002"}}