{"images":[{"startdate":"20210921","fullstartdate":"202109211600","enddate":"20210922","url":"\/th?id=OHR.BabyRhino_ZH-CN1456333192_1920x1080.jpg&rf=LaDigue_1920x1080.jpg&pid=hp","urlbase":"\/th?id=OHR.BabyRhino_ZH-CN1456333192","copyright":"\u767d\u7280\u725b\u5b9d\u5b9d\u548c\u5b83\u7684\u5988\u5988 (\u00a9 Martin Harvey\/Alamy)","copyrightlink":"https:\/\/www.bing.com\/search?q=%E7%99%BD%E7%8A%80&form=hpcapt&mkt=zh-cn","title":"","quiz":"\/search?q=Bing+homepage+quiz&filters=WQOskey:%22HPQuiz_20210921_BabyRhino%22&FORM=HPQUIZ","wp":true,"hsh":"1f5d14ae90050fe9b1f4f3c45aede85c","drk":1,"top":1,"bot":1,"hs":[]}],"tooltips":{"loading":"\u6b63\u5728\u52a0\u8f7d...","previous":"\u4e0a\u4e00\u4e2a\u56fe\u50cf","next":"\u4e0b\u4e00\u4e2a\u56fe\u50cf","walle":"\u6b64\u56fe\u7247\u4e0d\u80fd\u4e0b\u8f7d\u7528\u4f5c\u58c1\u7eb8\u3002","walls":"\u4e0b\u8f7d\u4eca\u65e5\u7f8e\u56fe\u3002\u4ec5\u9650\u7528\u4f5c\u684c\u9762\u58c1\u7eb8\u3002"}}