{"images":[{"startdate":"20210428","fullstartdate":"202104281600","enddate":"20210429","url":"\/th?id=OHR.Mockhorn_ZH-CN8692203286_1920x1080.jpg&rf=LaDigue_1920x1080.jpg&pid=hp","urlbase":"\/th?id=OHR.Mockhorn_ZH-CN8692203286","copyright":"\u9e1f\u77b0Mockhorn\u5c9b\u91ce\u751f\u52a8\u690d\u7269\u7ba1\u7406\u533a\u6cbc\u6cfd\u5730\u5185\u7684\u6f6e\u6c50\u901a\u9053\uff0c\u5f17\u5409\u5c3c\u4e9a (\u00a9 Shane Gross\/Minden Pictures)","copyrightlink":"https:\/\/www.bing.com\/search?q=%E6%BD%AE%E6%B1%90%E9%80%9A%E9%81%93&form=hpcapt&mkt=zh-cn","title":"","quiz":"\/search?q=Bing+homepage+quiz&filters=WQOskey:%22HPQuiz_20210428_Mockhorn%22&FORM=HPQUIZ","wp":true,"hsh":"7d78207846cdd9a05a02110617e53559","drk":1,"top":1,"bot":1,"hs":[]}],"tooltips":{"loading":"\u6b63\u5728\u52a0\u8f7d...","previous":"\u4e0a\u4e00\u4e2a\u56fe\u50cf","next":"\u4e0b\u4e00\u4e2a\u56fe\u50cf","walle":"\u6b64\u56fe\u7247\u4e0d\u80fd\u4e0b\u8f7d\u7528\u4f5c\u58c1\u7eb8\u3002","walls":"\u4e0b\u8f7d\u4eca\u65e5\u7f8e\u56fe\u3002\u4ec5\u9650\u7528\u4f5c\u684c\u9762\u58c1\u7eb8\u3002"}}