{"images":[{"startdate":"20210811","fullstartdate":"202108111600","enddate":"20210812","url":"\/th?id=OHR.OkavangoHerd_ZH-CN1931628892_1920x1080.jpg&rf=LaDigue_1920x1080.jpg&pid=hp","urlbase":"\/th?id=OHR.OkavangoHerd_ZH-CN1931628892","copyright":"\u5965\u5361\u4e07\u6208\u4e09\u89d2\u6d32\u4e0a\u7684\u975e\u6d32\u8349\u539f\u8c61\u7fa4\uff0c\u535a\u8328\u74e6\u7eb3 (\u00a9 Juan-Carlos Munoz\/Minden Pictures)","copyrightlink":"https:\/\/www.bing.com\/search?q=%E9%9D%9E%E6%B4%B2%E8%8D%89%E5%8E%9F%E8%B1%A1&form=hpcapt&mkt=zh-cn","title":"","quiz":"\/search?q=Bing+homepage+quiz&filters=WQOskey:%22HPQuiz_20210811_OkavangoHerd%22&FORM=HPQUIZ","wp":true,"hsh":"153c9a13048ec81874ba6111679c2d51","drk":1,"top":1,"bot":1,"hs":[]}],"tooltips":{"loading":"\u6b63\u5728\u52a0\u8f7d...","previous":"\u4e0a\u4e00\u4e2a\u56fe\u50cf","next":"\u4e0b\u4e00\u4e2a\u56fe\u50cf","walle":"\u6b64\u56fe\u7247\u4e0d\u80fd\u4e0b\u8f7d\u7528\u4f5c\u58c1\u7eb8\u3002","walls":"\u4e0b\u8f7d\u4eca\u65e5\u7f8e\u56fe\u3002\u4ec5\u9650\u7528\u4f5c\u684c\u9762\u58c1\u7eb8\u3002"}}