{"images":[{"startdate":"20220221","fullstartdate":"202202211600","enddate":"20220222","url":"\/th?id=OHR.BactrianCamels_ZH-CN1072425996_1920x1080.jpg&rf=LaDigue_1920x1080.jpg&pid=hp","urlbase":"\/th?id=OHR.BactrianCamels_ZH-CN1072425996","copyright":"\u4e24\u53ea\u53cc\u5cf0\u9a86\u9a7c (\u00a9 Nurlan Kulcha\/Alamy)","copyrightlink":"https:\/\/www.bing.com\/search?q=%E5%8F%8C%E5%B3%B0%E9%AA%86%E9%A9%BC&form=hpcapt&mkt=zh-cn","title":"\u4e24\u5929\u4e24\u4efd","quiz":"\/search?q=Bing+homepage+quiz&filters=WQOskey:%22HPQuiz_20220221_BactrianCamels%22&FORM=HPQUIZ","wp":true,"hsh":"97e89115e7935d37b6e4c3f8462257aa","drk":1,"top":1,"bot":1,"hs":[]}],"tooltips":{"loading":"\u6b63\u5728\u52a0\u8f7d...","previous":"\u4e0a\u4e00\u4e2a\u56fe\u50cf","next":"\u4e0b\u4e00\u4e2a\u56fe\u50cf","walle":"\u6b64\u56fe\u7247\u4e0d\u80fd\u4e0b\u8f7d\u7528\u4f5c\u58c1\u7eb8\u3002","walls":"\u4e0b\u8f7d\u4eca\u65e5\u7f8e\u56fe\u3002\u4ec5\u9650\u7528\u4f5c\u684c\u9762\u58c1\u7eb8\u3002"}}