{"images":[{"startdate":"20210530","fullstartdate":"202105301600","enddate":"20210531","url":"\/th?id=OHR.PoellatWasserfall_ZH-CN3028716235_1920x1080.jpg&rf=LaDigue_1920x1080.jpg&pid=hp","urlbase":"\/th?id=OHR.PoellatWasserfall_ZH-CN3028716235","copyright":"\u65b0\u5929\u9e45\u5821\u9644\u8fd1P\u00f6llat\u5ce1\u8c37\u7684\u7011\u5e03\uff0c\u5fb7\u56fd\u5df4\u4f10\u5229\u4e9a (\u00a9 Gary Whitton\/Alamy)","copyrightlink":"https:\/\/www.bing.com\/search?q=%E6%96%B0%E5%A4%A9%E9%B9%85%E5%A0%A1&form=hpcapt&mkt=zh-cn","title":"","quiz":"\/search?q=Bing+homepage+quiz&filters=WQOskey:%22HPQuiz_20210530_PoellatWasserfall%22&FORM=HPQUIZ","wp":true,"hsh":"02c51c4f1667e0ce984509111b39eef5","drk":1,"top":1,"bot":1,"hs":[]}],"tooltips":{"loading":"\u6b63\u5728\u52a0\u8f7d...","previous":"\u4e0a\u4e00\u4e2a\u56fe\u50cf","next":"\u4e0b\u4e00\u4e2a\u56fe\u50cf","walle":"\u6b64\u56fe\u7247\u4e0d\u80fd\u4e0b\u8f7d\u7528\u4f5c\u58c1\u7eb8\u3002","walls":"\u4e0b\u8f7d\u4eca\u65e5\u7f8e\u56fe\u3002\u4ec5\u9650\u7528\u4f5c\u684c\u9762\u58c1\u7eb8\u3002"}}