{"images":[{"startdate":"20210203","fullstartdate":"202102031600","enddate":"20210204","url":"\/th?id=OHR.VosgesBioReserve_ZH-CN4762694302_1920x1080.jpg&rf=LaDigue_1920x1080.jpg&pid=hp","urlbase":"\/th?id=OHR.VosgesBioReserve_ZH-CN4762694302","copyright":"\u5317\u5b5a\u65e5\u5730\u533a\u81ea\u7136\u516c\u56ed\uff0c\u6cd5\u56fd (\u00a9 Michel Rauch\/Minden Pictures)","copyrightlink":"https:\/\/www.bing.com\/search?q=%E5%8C%97%E5%AD%9A%E6%97%A5%E5%9C%B0%E5%8C%BA%E8%87%AA%E7%84%B6%E5%85%AC%E5%9B%AD&form=hpcapt&mkt=zh-cn","title":"","quiz":"\/search?q=Bing+homepage+quiz&filters=WQOskey:%22HPQuiz_20210203_VosgesBioReserve%22&FORM=HPQUIZ","wp":true,"hsh":"328908b2cd2a49c6868a7deba066ee5a","drk":1,"top":1,"bot":1,"hs":[]}],"tooltips":{"loading":"\u6b63\u5728\u52a0\u8f7d...","previous":"\u4e0a\u4e00\u4e2a\u56fe\u50cf","next":"\u4e0b\u4e00\u4e2a\u56fe\u50cf","walle":"\u6b64\u56fe\u7247\u4e0d\u80fd\u4e0b\u8f7d\u7528\u4f5c\u58c1\u7eb8\u3002","walls":"\u4e0b\u8f7d\u4eca\u65e5\u7f8e\u56fe\u3002\u4ec5\u9650\u7528\u4f5c\u684c\u9762\u58c1\u7eb8\u3002"}}