{"images":[{"startdate":"20211113","fullstartdate":"202111131600","enddate":"20211114","url":"\/th?id=OHR.FirstCliff_ZH-CN2308482395_1920x1080.jpg&rf=LaDigue_1920x1080.jpg&pid=hp","urlbase":"\/th?id=OHR.FirstCliff_ZH-CN2308482395","copyright":"\u7b2c\u4e00\u60ac\u5d16\u6b65\u9053\uff0c\u745e\u58eb\u683c\u6797\u5fb7\u74e6 (\u00a9 Hans-Georg Eiben\/eStock Photo)","copyrightlink":"https:\/\/www.bing.com\/search?q=%E7%91%9E%E5%A3%AB&form=hpcapt&mkt=zh-cn","title":"","quiz":"\/search?q=Bing+homepage+quiz&filters=WQOskey:%22HPQuiz_20211113_FirstCliff%22&FORM=HPQUIZ","wp":true,"hsh":"3822f36640d20edef86eee82caa3753f","drk":1,"top":1,"bot":1,"hs":[]}],"tooltips":{"loading":"\u6b63\u5728\u52a0\u8f7d...","previous":"\u4e0a\u4e00\u4e2a\u56fe\u50cf","next":"\u4e0b\u4e00\u4e2a\u56fe\u50cf","walle":"\u6b64\u56fe\u7247\u4e0d\u80fd\u4e0b\u8f7d\u7528\u4f5c\u58c1\u7eb8\u3002","walls":"\u4e0b\u8f7d\u4eca\u65e5\u7f8e\u56fe\u3002\u4ec5\u9650\u7528\u4f5c\u684c\u9762\u58c1\u7eb8\u3002"}}