{"images":[{"startdate":"20220114","fullstartdate":"202201141600","enddate":"20220115","url":"\/th?id=OHR.BigHole_ZH-CN2671071218_1920x1080.jpg&rf=LaDigue_1920x1080.jpg&pid=hp","urlbase":"\/th?id=OHR.BigHole_ZH-CN2671071218","copyright":"\u82cf\u963f\u6d77\u6c9f\uff0c\u8428\u6469\u4e9a\u4e4c\u6ce2\u5362\u5c9b\u5357\u6d77\u5cb8 (\u00a9 Chris McLennan\/Alamy)","copyrightlink":"https:\/\/www.bing.com\/search?q=%E8%8B%8F%E9%98%BF%E6%B5%B7%E6%B2%9F&form=hpcapt&mkt=zh-cn","title":"","quiz":"\/search?q=Bing+homepage+quiz&filters=WQOskey:%22HPQuiz_20220114_BigHole%22&FORM=HPQUIZ","wp":true,"hsh":"aa03730ece22c9a2f3caf7d2a138557b","drk":1,"top":1,"bot":1,"hs":[]}],"tooltips":{"loading":"\u6b63\u5728\u52a0\u8f7d...","previous":"\u4e0a\u4e00\u4e2a\u56fe\u50cf","next":"\u4e0b\u4e00\u4e2a\u56fe\u50cf","walle":"\u6b64\u56fe\u7247\u4e0d\u80fd\u4e0b\u8f7d\u7528\u4f5c\u58c1\u7eb8\u3002","walls":"\u4e0b\u8f7d\u4eca\u65e5\u7f8e\u56fe\u3002\u4ec5\u9650\u7528\u4f5c\u684c\u9762\u58c1\u7eb8\u3002"}}