{"images":[{"startdate":"20220310","fullstartdate":"202203101600","enddate":"20220311","url":"\/th?id=OHR.OcalaNF_ZH-CN1112502059_1920x1080.jpg&rf=LaDigue_1920x1080.jpg&pid=hp","urlbase":"\/th?id=OHR.OcalaNF_ZH-CN1112502059","copyright":"\u5965\u5361\u62c9\u56fd\u5bb6\u68ee\u6797\u4e2d\u7684\u675c\u677e\u6cc9\uff0c\u7f8e\u56fd\u4f5b\u7f57\u91cc\u8fbe\u5dde (\u00a9 Michael Warren\/Getty Images)","copyrightlink":"https:\/\/www.bing.com\/search?q=%E5%A5%A5%E5%8D%A1%E6%8B%89%E5%9B%BD%E5%AE%B6%E6%A3%AE%E6%9E%97&form=hpcapt&mkt=zh-cn","title":"\u5168\u5e74\u5747\u53ef\u5728\u6b64\u7545\u6e38","quiz":"\/search?q=Bing+homepage+quiz&filters=WQOskey:%22HPQuiz_20220310_OcalaNF%22&FORM=HPQUIZ","wp":true,"hsh":"eb99554a968042d3f186ac6f24873767","drk":1,"top":1,"bot":1,"hs":[]}],"tooltips":{"loading":"\u6b63\u5728\u52a0\u8f7d...","previous":"\u4e0a\u4e00\u4e2a\u56fe\u50cf","next":"\u4e0b\u4e00\u4e2a\u56fe\u50cf","walle":"\u6b64\u56fe\u7247\u4e0d\u80fd\u4e0b\u8f7d\u7528\u4f5c\u58c1\u7eb8\u3002","walls":"\u4e0b\u8f7d\u4eca\u65e5\u7f8e\u56fe\u3002\u4ec5\u9650\u7528\u4f5c\u684c\u9762\u58c1\u7eb8\u3002"}}