{"images":[{"startdate":"20201210","fullstartdate":"202012101600","enddate":"20201211","url":"/th?id=OHR.QueenoftheAndes_ZH-CN9019108680_1920x1080.jpg&rf=LaDigue_1920x1080.jpg&pid=hp","urlbase":"/th?id=OHR.QueenoftheAndes_ZH-CN9019108680","copyright":"以布兰卡山脉为背景的安地斯皇后（莴氏普亚凤梨），秘鲁 (© Cyril Ruoso/Minden Pictures)","copyrightlink":"https://www.bing.com/search?q=%E5%B8%83%E5%85%B0%E5%8D%A1%E5%B1%B1%E8%84%89&form=hpcapt&mkt=zh-cn","title":"","quiz":"/search?q=Bing+homepage+quiz&filters=WQOskey:%22HPQuiz_20201210_QueenoftheAndes%22&FORM=HPQUIZ","wp":true,"hsh":"f82f1fb22056e750166a578712b6a804","drk":1,"top":1,"bot":1,"hs":[]}],"tooltips":{"loading":"正在加载...","previous":"上一个图像","next":"下一个图像","walle":"此图片不能下载用作壁纸。","walls":"下载今日美图。仅限用作桌面壁纸。"}}