{"images":[{"startdate":"20220421","fullstartdate":"202204211600","enddate":"20220422","url":"\/th?id=OHR.EarthDay2022_ZH-CN5733809629_1920x1080.jpg&rf=LaDigue_1920x1080.jpg&pid=hp","urlbase":"\/th?id=OHR.EarthDay2022_ZH-CN5733809629","copyright":"\u5361\u9c81\u62c9\u56fd\u5bb6\u516c\u56ed\u91cc\u7684\u5c0f\u6e56\uff0c\u7231\u6c99\u5c3c\u4e9a (\u00a9 Sven Zacek\/Minden Pictures)","copyrightlink":"https:\/\/www.bing.com\/search?q=%E4%B8%96%E7%95%8C%E5%9C%B0%E7%90%83%E6%97%A5&form=hpcapt&mkt=zh-cn","title":"\u4e16\u754c\u4e4b\u773c","quiz":"\/search?q=Bing+homepage+quiz&filters=WQOskey:%22HPQuiz_20220421_EarthDay2022%22&FORM=HPQUIZ","wp":true,"hsh":"b06a36047ebfff8a0209d72a6faf6215","drk":1,"top":1,"bot":1,"hs":[]}],"tooltips":{"loading":"\u6b63\u5728\u52a0\u8f7d...","previous":"\u4e0a\u4e00\u4e2a\u56fe\u50cf","next":"\u4e0b\u4e00\u4e2a\u56fe\u50cf","walle":"\u6b64\u56fe\u7247\u4e0d\u80fd\u4e0b\u8f7d\u7528\u4f5c\u58c1\u7eb8\u3002","walls":"\u4e0b\u8f7d\u4eca\u65e5\u7f8e\u56fe\u3002\u4ec5\u9650\u7528\u4f5c\u684c\u9762\u58c1\u7eb8\u3002"}}