{"images":[{"startdate":"20220423","fullstartdate":"202204231600","enddate":"20220424","url":"\/th?id=OHR.YosemiteNightSky_ZH-CN5864740024_1920x1080.jpg&rf=LaDigue_1920x1080.jpg&pid=hp","urlbase":"\/th?id=OHR.YosemiteNightSky_ZH-CN5864740024","copyright":"\u534a\u7a79\u9876\u666f\u89c2\u70b9\u4e0a\u7a7a\u7684\u94f6\u6cb3\uff0c\u4f18\u80dc\u7f8e\u5730\u56fd\u5bb6\u516c\u56ed\uff0c\u52a0\u5229\u798f\u5c3c\u4e9a\u5dde (\u00a9 Cory Marshall\/Tandem Stills + Motion)","copyrightlink":"https:\/\/www.bing.com\/search?q=%E5%9B%BD%E9%99%85%E9%BB%91%E6%9A%97%E5%A4%A9%E7%A9%BA%E4%BF%9D%E6%8A%A4%E5%8C%BA&form=hpcapt&mkt=zh-cn","title":"\u4f60\u80fd\u628a\u706f\u5173\u6389\u5417?","quiz":"\/search?q=Bing+homepage+quiz&filters=WQOskey:%22HPQuiz_20220423_YosemiteNightSky%22&FORM=HPQUIZ","wp":true,"hsh":"0bd99762038c2c9d333b6f6c205aaa0c","drk":1,"top":1,"bot":1,"hs":[]}],"tooltips":{"loading":"\u6b63\u5728\u52a0\u8f7d...","previous":"\u4e0a\u4e00\u4e2a\u56fe\u50cf","next":"\u4e0b\u4e00\u4e2a\u56fe\u50cf","walle":"\u6b64\u56fe\u7247\u4e0d\u80fd\u4e0b\u8f7d\u7528\u4f5c\u58c1\u7eb8\u3002","walls":"\u4e0b\u8f7d\u4eca\u65e5\u7f8e\u56fe\u3002\u4ec5\u9650\u7528\u4f5c\u684c\u9762\u58c1\u7eb8\u3002"}}