{"images":[{"startdate":"20210918","fullstartdate":"202109181600","enddate":"20210919","url":"\/th?id=OHR.LandsEndSunset_ZH-CN0737794484_1920x1080.jpg&rf=LaDigue_1920x1080.jpg&pid=hp","urlbase":"\/th?id=OHR.LandsEndSunset_ZH-CN0737794484","copyright":"\u82f1\u56fd\u5eb7\u6c83\u5c14\u90e1\u5cb8\u8fb9\u7684\u65e5\u843d (\u00a9 Andrew Turner\/Getty Images)","copyrightlink":"https:\/\/www.bing.com\/search?q=%E5%BA%B7%E6%B2%83%E5%B0%94&form=hpcapt&mkt=zh-cn","title":"","quiz":"\/search?q=Bing+homepage+quiz&filters=WQOskey:%22HPQuiz_20210918_LandsEndSunset%22&FORM=HPQUIZ","wp":true,"hsh":"e6e9d0783e4fd4712377529022925542","drk":1,"top":1,"bot":1,"hs":[]}],"tooltips":{"loading":"\u6b63\u5728\u52a0\u8f7d...","previous":"\u4e0a\u4e00\u4e2a\u56fe\u50cf","next":"\u4e0b\u4e00\u4e2a\u56fe\u50cf","walle":"\u6b64\u56fe\u7247\u4e0d\u80fd\u4e0b\u8f7d\u7528\u4f5c\u58c1\u7eb8\u3002","walls":"\u4e0b\u8f7d\u4eca\u65e5\u7f8e\u56fe\u3002\u4ec5\u9650\u7528\u4f5c\u684c\u9762\u58c1\u7eb8\u3002"}}