{"images":[{"startdate":"20211221","fullstartdate":"202112211600","enddate":"20211222","url":"\/th?id=OHR.AnnecyFrance_ZH-CN5773797252_1920x1080.jpg&rf=LaDigue_1920x1080.jpg&pid=hp","urlbase":"\/th?id=OHR.AnnecyFrance_ZH-CN5773797252","copyright":"\u6295\u5c04\u5728\u5b89\u7eb3\u897f\u4e2d\u7687\u5c9b\u5899\u4e0a\u7684\u96ea\u666f\u5f71\u50cf\uff0c\u6cd5\u56fd\u4e0a\u8428\u74e6\u7701 (\u00a9 blickwinkel\/Alamy)","copyrightlink":"https:\/\/www.bing.com\/search?q=%E5%AE%89%E7%BA%B3%E8%A5%BF&form=hpcapt&mkt=zh-cn","title":"","quiz":"\/search?q=Bing+homepage+quiz&filters=WQOskey:%22HPQuiz_20211221_AnnecyFrance%22&FORM=HPQUIZ","wp":true,"hsh":"5446f9ae7b07e56c4a762af5e0159163","drk":1,"top":1,"bot":1,"hs":[]}],"tooltips":{"loading":"\u6b63\u5728\u52a0\u8f7d...","previous":"\u4e0a\u4e00\u4e2a\u56fe\u50cf","next":"\u4e0b\u4e00\u4e2a\u56fe\u50cf","walle":"\u6b64\u56fe\u7247\u4e0d\u80fd\u4e0b\u8f7d\u7528\u4f5c\u58c1\u7eb8\u3002","walls":"\u4e0b\u8f7d\u4eca\u65e5\u7f8e\u56fe\u3002\u4ec5\u9650\u7528\u4f5c\u684c\u9762\u58c1\u7eb8\u3002"}}