{"images":[{"startdate":"20210915","fullstartdate":"202109151600","enddate":"20210916","url":"\/th?id=OHR.HouseboatKerala_ZH-CN0318796630_1920x1080.jpg&rf=LaDigue_1920x1080.jpg&pid=hp","urlbase":"\/th?id=OHR.HouseboatKerala_ZH-CN0318796630","copyright":"\u963f\u62c9\u666e\u624e\u7684\u8239\u5c4b\uff0c\u5370\u5ea6\u5580\u62c9\u62c9\u90a6 (\u00a9 Martin Harvey\/The Image Bank\/Getty Images)","copyrightlink":"https:\/\/www.bing.com\/search?q=%E9%98%BF%E6%8B%89%E6%99%AE%E6%89%8E&form=hpcapt&mkt=zh-cn","title":"","quiz":"\/search?q=Bing+homepage+quiz&filters=WQOskey:%22HPQuiz_20210915_HouseboatKerala%22&FORM=HPQUIZ","wp":true,"hsh":"ca30f3709c32a65484321480e9449951","drk":1,"top":1,"bot":1,"hs":[]}],"tooltips":{"loading":"\u6b63\u5728\u52a0\u8f7d...","previous":"\u4e0a\u4e00\u4e2a\u56fe\u50cf","next":"\u4e0b\u4e00\u4e2a\u56fe\u50cf","walle":"\u6b64\u56fe\u7247\u4e0d\u80fd\u4e0b\u8f7d\u7528\u4f5c\u58c1\u7eb8\u3002","walls":"\u4e0b\u8f7d\u4eca\u65e5\u7f8e\u56fe\u3002\u4ec5\u9650\u7528\u4f5c\u684c\u9762\u58c1\u7eb8\u3002"}}