{"images":[{"startdate":"20210222","fullstartdate":"202102221600","enddate":"20210223","url":"\/th?id=OHR.DalmatianPelicans_ZH-CN9611080858_1920x1080.jpg&rf=LaDigue_1920x1080.jpg&pid=hp","urlbase":"\/th?id=OHR.DalmatianPelicans_ZH-CN9611080858","copyright":"\u51b0\u4e0a\u7684\u5377\u7fbd\u9e48\u9e55\uff0c\u5e0c\u814a\u51ef\u5c14\u57fa\u5c3c\u6e56 (\u00a9 Guy Edwardes\/Minden Pictures)","copyrightlink":"https:\/\/www.bing.com\/search?q=%E5%8D%B7%E7%BE%BD%E9%B9%88%E9%B9%95&form=hpcapt&mkt=zh-cn","title":"","quiz":"\/search?q=Bing+homepage+quiz&filters=WQOskey:%22HPQuiz_20210222_DalmatianPelicans%22&FORM=HPQUIZ","wp":true,"hsh":"61a48a047b6d897e651af992e8b16aef","drk":1,"top":1,"bot":1,"hs":[]}],"tooltips":{"loading":"\u6b63\u5728\u52a0\u8f7d...","previous":"\u4e0a\u4e00\u4e2a\u56fe\u50cf","next":"\u4e0b\u4e00\u4e2a\u56fe\u50cf","walle":"\u6b64\u56fe\u7247\u4e0d\u80fd\u4e0b\u8f7d\u7528\u4f5c\u58c1\u7eb8\u3002","walls":"\u4e0b\u8f7d\u4eca\u65e5\u7f8e\u56fe\u3002\u4ec5\u9650\u7528\u4f5c\u684c\u9762\u58c1\u7eb8\u3002"}}