{"images":[{"startdate":"20220211","fullstartdate":"202202111600","enddate":"20220212","url":"\/th?id=OHR.DarwinsArch_ZH-CN9740478501_1920x1080.jpg&rf=LaDigue_1920x1080.jpg&pid=hp","urlbase":"\/th?id=OHR.DarwinsArch_ZH-CN9740478501","copyright":"\u8fbe\u5c14\u6587\u5c9b\u7684\u8fbe\u5c14\u6587\u62f1\u95e8\uff0c\u5384\u74dc\u591a\u5c14\u52a0\u62c9\u5e15\u6208\u65af (\u00a9 miralex\/Getty Images)","copyrightlink":"https:\/\/www.bing.com\/search?q=%E8%BE%BE%E5%B0%94%E6%96%87%E6%8B%B1%E9%97%A8&form=hpcapt&mkt=zh-cn","title":"\u8457\u540d\u6d77\u62f1\u95e8\u7684\u672b\u65e5","quiz":"\/search?q=Bing+homepage+quiz&filters=WQOskey:%22HPQuiz_20220211_DarwinsArch%22&FORM=HPQUIZ","wp":true,"hsh":"28a653f619adea3e00d7e7769c38cc28","drk":1,"top":1,"bot":1,"hs":[]}],"tooltips":{"loading":"\u6b63\u5728\u52a0\u8f7d...","previous":"\u4e0a\u4e00\u4e2a\u56fe\u50cf","next":"\u4e0b\u4e00\u4e2a\u56fe\u50cf","walle":"\u6b64\u56fe\u7247\u4e0d\u80fd\u4e0b\u8f7d\u7528\u4f5c\u58c1\u7eb8\u3002","walls":"\u4e0b\u8f7d\u4eca\u65e5\u7f8e\u56fe\u3002\u4ec5\u9650\u7528\u4f5c\u684c\u9762\u58c1\u7eb8\u3002"}}