{"images":[{"startdate":"20210508","fullstartdate":"202105081600","enddate":"20210509","url":"\/th?id=OHR.OtterMom_ZH-CN8463720387_1920x1080.jpg&rf=LaDigue_1920x1080.jpg&pid=hp","urlbase":"\/th?id=OHR.OtterMom_ZH-CN8463720387","copyright":"\u6d77\u736d\u5988\u5988\u548c\u65b0\u751f\u7684\u5e7c\u5d3d\uff0c\u52a0\u5229\u798f\u5c3c\u4e9a\u5dde\u8499\u7279\u96f7\u6e7e (\u00a9 Suzi Eszterhas\/Minden Pictures)","copyrightlink":"https:\/\/www.bing.com\/search?q=%E6%B5%B7%E7%8D%AD&form=hpcapt&mkt=zh-cn","title":"","quiz":"\/search?q=Bing+homepage+quiz&filters=WQOskey:%22HPQuiz_20210508_OtterMom%22&FORM=HPQUIZ","wp":true,"hsh":"a86ca894659886f874106b3ef2c6f45e","drk":1,"top":1,"bot":1,"hs":[]}],"tooltips":{"loading":"\u6b63\u5728\u52a0\u8f7d...","previous":"\u4e0a\u4e00\u4e2a\u56fe\u50cf","next":"\u4e0b\u4e00\u4e2a\u56fe\u50cf","walle":"\u6b64\u56fe\u7247\u4e0d\u80fd\u4e0b\u8f7d\u7528\u4f5c\u58c1\u7eb8\u3002","walls":"\u4e0b\u8f7d\u4eca\u65e5\u7f8e\u56fe\u3002\u4ec5\u9650\u7528\u4f5c\u684c\u9762\u58c1\u7eb8\u3002"}}