{"images":[{"startdate":"20210307","fullstartdate":"202103071600","enddate":"20210308","url":"\/th?id=OHR.LoganClouds_ZH-CN3900647104_1920x1080.jpg&rf=LaDigue_1920x1080.jpg&pid=hp","urlbase":"\/th?id=OHR.LoganClouds_ZH-CN3900647104","copyright":"\u9e1f\u77b0\u9ad8\u8038\u5165\u4e91\u7684\u6d1b\u6839\u5c71\uff0c\u52a0\u62ff\u5927\u514b\u9c81\u74e6\u5c3c\u56fd\u5bb6\u516c\u56ed (\u00a9 plainpicture\/Design Pics\/Robert Postma)","copyrightlink":"https:\/\/www.bing.com\/search?q=%E6%B4%9B%E6%A0%B9%E5%B1%B1&form=hpcapt&mkt=zh-cn","title":"","quiz":"\/search?q=Bing+homepage+quiz&filters=WQOskey:%22HPQuiz_20210307_LoganClouds%22&FORM=HPQUIZ","wp":true,"hsh":"009439b871b027664ca451b5ac1cc7a4","drk":1,"top":1,"bot":1,"hs":[]}],"tooltips":{"loading":"\u6b63\u5728\u52a0\u8f7d...","previous":"\u4e0a\u4e00\u4e2a\u56fe\u50cf","next":"\u4e0b\u4e00\u4e2a\u56fe\u50cf","walle":"\u6b64\u56fe\u7247\u4e0d\u80fd\u4e0b\u8f7d\u7528\u4f5c\u58c1\u7eb8\u3002","walls":"\u4e0b\u8f7d\u4eca\u65e5\u7f8e\u56fe\u3002\u4ec5\u9650\u7528\u4f5c\u684c\u9762\u58c1\u7eb8\u3002"}}