{"images":[{"startdate":"20220206","fullstartdate":"202202061600","enddate":"20220207","url":"\/th?id=OHR.WinterludeIce_ZH-CN7868524911_1920x1080.jpg&rf=LaDigue_1920x1080.jpg&pid=hp","urlbase":"\/th?id=OHR.WinterludeIce_ZH-CN7868524911","copyright":"\u51b0\u96ea\u8282\u4e0a\u7684\u51b0\u96d5\u827a\u672f\u4f5c\u54c1\uff0c\u52a0\u62ff\u5927\u6e25\u592a\u534e (\u00a9 S. Garcia Cournoyer\/Alamy)","copyrightlink":"https:\/\/www.bing.com\/search?q=%E5%86%B0%E9%9B%95%E8%89%BA%E6%9C%AF&form=hpcapt&mkt=zh-cn","title":"\u51ac\u5929\u7684\u4e00\u5207\u90fd\u503c\u5f97\u5e86\u795d","quiz":"\/search?q=Bing+homepage+quiz&filters=WQOskey:%22HPQuiz_20220206_WinterludeIce%22&FORM=HPQUIZ","wp":true,"hsh":"fe50a19f56a19d976f74e51cd8bebc1b","drk":1,"top":1,"bot":1,"hs":[]}],"tooltips":{"loading":"\u6b63\u5728\u52a0\u8f7d...","previous":"\u4e0a\u4e00\u4e2a\u56fe\u50cf","next":"\u4e0b\u4e00\u4e2a\u56fe\u50cf","walle":"\u6b64\u56fe\u7247\u4e0d\u80fd\u4e0b\u8f7d\u7528\u4f5c\u58c1\u7eb8\u3002","walls":"\u4e0b\u8f7d\u4eca\u65e5\u7f8e\u56fe\u3002\u4ec5\u9650\u7528\u4f5c\u684c\u9762\u58c1\u7eb8\u3002"}}