{"images":[{"startdate":"20211011","fullstartdate":"202110111600","enddate":"20211012","url":"\/th?id=OHR.StMalo_ZH-CN3452597997_1920x1080.jpg&rf=LaDigue_1920x1080.jpg&pid=hp","urlbase":"\/th?id=OHR.StMalo_ZH-CN3452597997","copyright":"\u5e03\u5217\u5854\u5c3c\u5927\u533a\u7684\u57ce\u5e02\u5723\u9a6c\u6d1b\uff0c\u6cd5\u56fd (\u00a9 Mathieu Rivrin\/Moment\/Getty Images)","copyrightlink":"https:\/\/www.bing.com\/search?q=%E5%9C%A3%E9%A9%AC%E6%B4%9B&form=hpcapt&mkt=zh-cn","title":"","quiz":"\/search?q=Bing+homepage+quiz&filters=WQOskey:%22HPQuiz_20211011_StMalo%22&FORM=HPQUIZ","wp":true,"hsh":"f155f26de8079b5a01e8116f292e23b8","drk":1,"top":1,"bot":1,"hs":[]}],"tooltips":{"loading":"\u6b63\u5728\u52a0\u8f7d...","previous":"\u4e0a\u4e00\u4e2a\u56fe\u50cf","next":"\u4e0b\u4e00\u4e2a\u56fe\u50cf","walle":"\u6b64\u56fe\u7247\u4e0d\u80fd\u4e0b\u8f7d\u7528\u4f5c\u58c1\u7eb8\u3002","walls":"\u4e0b\u8f7d\u4eca\u65e5\u7f8e\u56fe\u3002\u4ec5\u9650\u7528\u4f5c\u684c\u9762\u58c1\u7eb8\u3002"}}