{"images":[{"startdate":"20211004","fullstartdate":"202110041600","enddate":"20211005","url":"\/th?id=OHR.FallPEI_ZH-CN2044233645_1920x1080.jpg&rf=LaDigue_1920x1080.jpg&pid=hp","urlbase":"\/th?id=OHR.FallPEI_ZH-CN2044233645","copyright":"\u7231\u5fb7\u534e\u738b\u5b50\u5c9b\u7684\u68ee\u6797\u548c\u6811\u51a0\uff0c\u52a0\u62ff\u5927 (\u00a9 OliverChilds\/Getty Images)","copyrightlink":"https:\/\/www.bing.com\/search?q=%E7%88%B1%E5%BE%B7%E5%8D%8E%E7%8E%8B%E5%AD%90%E5%B2%9B&form=hpcapt&mkt=zh-cn","title":"","quiz":"\/search?q=Bing+homepage+quiz&filters=WQOskey:%22HPQuiz_20211004_FallPEI%22&FORM=HPQUIZ","wp":false,"hsh":"8aace65957bf38cf95706559c8780d07","drk":1,"top":1,"bot":1,"hs":[]}],"tooltips":{"loading":"\u6b63\u5728\u52a0\u8f7d...","previous":"\u4e0a\u4e00\u4e2a\u56fe\u50cf","next":"\u4e0b\u4e00\u4e2a\u56fe\u50cf","walle":"\u6b64\u56fe\u7247\u4e0d\u80fd\u4e0b\u8f7d\u7528\u4f5c\u58c1\u7eb8\u3002","walls":"\u4e0b\u8f7d\u4eca\u65e5\u7f8e\u56fe\u3002\u4ec5\u9650\u7528\u4f5c\u684c\u9762\u58c1\u7eb8\u3002"}}