{"images":[{"startdate":"20210116","fullstartdate":"202101161600","enddate":"20210117","url":"\/th?id=OHR.PailonDelDiablo_ZH-CN9146230830_1920x1080.jpg&rf=LaDigue_1920x1080.jpg&pid=hp","urlbase":"\/th?id=OHR.PailonDelDiablo_ZH-CN9146230830","copyright":"\u5df4\u5c3c\u5965\u65af\u9644\u8fd1\u7684\u963f\u683c\u6768\u7011\u5e03\uff0c\u5384\u74dc\u591a\u5c14 (\u00a9 Laura BC\/Getty Images)","copyrightlink":"https:\/\/www.bing.com\/search?q=%E9%98%BF%E6%A0%BC%E6%9D%A8%E7%80%91%E5%B8%83&form=hpcapt&mkt=zh-cn","title":"","quiz":"\/search?q=Bing+homepage+quiz&filters=WQOskey:%22HPQuiz_20210116_PailonDelDiablo%22&FORM=HPQUIZ","wp":true,"hsh":"10359ed7d18ec819f42f252017eb7674","drk":1,"top":1,"bot":1,"hs":[]}],"tooltips":{"loading":"\u6b63\u5728\u52a0\u8f7d...","previous":"\u4e0a\u4e00\u4e2a\u56fe\u50cf","next":"\u4e0b\u4e00\u4e2a\u56fe\u50cf","walle":"\u6b64\u56fe\u7247\u4e0d\u80fd\u4e0b\u8f7d\u7528\u4f5c\u58c1\u7eb8\u3002","walls":"\u4e0b\u8f7d\u4eca\u65e5\u7f8e\u56fe\u3002\u4ec5\u9650\u7528\u4f5c\u684c\u9762\u58c1\u7eb8\u3002"}}