{"images":[{"startdate":"20220322","fullstartdate":"202203221600","enddate":"20220323","url":"\/th?id=OHR.GCThunderstorm_ZH-CN7535350453_1920x1080.jpg&rf=LaDigue_1920x1080.jpg&pid=hp","urlbase":"\/th?id=OHR.GCThunderstorm_ZH-CN7535350453","copyright":"\u96f7\u66b4\u4e0b\u7684\u5927\u5ce1\u8c37\u56fd\u5bb6\u516c\u56ed\uff0c\u4e9a\u5229\u6851\u90a3\u5dde (\u00a9 spkeelin\/Getty Images)","copyrightlink":"https:\/\/www.bing.com\/search?q=%E5%A4%A7%E5%B3%A1%E8%B0%B7%E5%9B%BD%E5%AE%B6%E5%85%AC%E5%9B%AD&form=hpcapt&mkt=zh-cn","title":"\u5929\u6c14\u9884\u62a5\u7684\u91cd\u8981\u6027","quiz":"\/search?q=Bing+homepage+quiz&filters=WQOskey:%22HPQuiz_20220322_GCThunderstorm%22&FORM=HPQUIZ","wp":true,"hsh":"a7039dc15a5c4a4e32b43cf23224fd1b","drk":1,"top":1,"bot":1,"hs":[]}],"tooltips":{"loading":"\u6b63\u5728\u52a0\u8f7d...","previous":"\u4e0a\u4e00\u4e2a\u56fe\u50cf","next":"\u4e0b\u4e00\u4e2a\u56fe\u50cf","walle":"\u6b64\u56fe\u7247\u4e0d\u80fd\u4e0b\u8f7d\u7528\u4f5c\u58c1\u7eb8\u3002","walls":"\u4e0b\u8f7d\u4eca\u65e5\u7f8e\u56fe\u3002\u4ec5\u9650\u7528\u4f5c\u684c\u9762\u58c1\u7eb8\u3002"}}