{"images":[{"startdate":"20220413","fullstartdate":"202204131600","enddate":"20220414","url":"\/th?id=OHR.AZBend_ZH-CN9943469006_1920x1080.jpg&rf=LaDigue_1920x1080.jpg&pid=hp","urlbase":"\/th?id=OHR.AZBend_ZH-CN9943469006","copyright":"\u79d1\u7f57\u62c9\u591a\u6cb3\u4e0a\u7684\u9a6c\u8e44\u6e7e\uff0c\u7f8e\u56fd\u4e9a\u5229\u6851\u90a3\u5dde (\u00a9 Michael Dunn\/Getty Images)","copyrightlink":"https:\/\/www.bing.com\/search?q=%E9%A9%AC%E8%B9%84%E6%B9%BE&form=hpcapt&mkt=zh-cn","title":"\u6253\u5361\u9a6c\u8e44\u6e7e\u4f1a\u5e26\u6765\u597d\u8fd0\u5417\uff1f","quiz":"\/search?q=Bing+homepage+quiz&filters=WQOskey:%22HPQuiz_20220413_AZBend%22&FORM=HPQUIZ","wp":true,"hsh":"b5165e12fc544f9288041a08713d6cba","drk":1,"top":1,"bot":1,"hs":[]}],"tooltips":{"loading":"\u6b63\u5728\u52a0\u8f7d...","previous":"\u4e0a\u4e00\u4e2a\u56fe\u50cf","next":"\u4e0b\u4e00\u4e2a\u56fe\u50cf","walle":"\u6b64\u56fe\u7247\u4e0d\u80fd\u4e0b\u8f7d\u7528\u4f5c\u58c1\u7eb8\u3002","walls":"\u4e0b\u8f7d\u4eca\u65e5\u7f8e\u56fe\u3002\u4ec5\u9650\u7528\u4f5c\u684c\u9762\u58c1\u7eb8\u3002"}}