{"images":[{"startdate":"20210625","fullstartdate":"202106251600","enddate":"20210626","url":"\/th?id=OHR.Kamikouchi_ZH-CN5677161294_1920x1080.jpg&rf=LaDigue_1920x1080.jpg&pid=hp","urlbase":"\/th?id=OHR.Kamikouchi_ZH-CN5677161294","copyright":"Kamik\u014dchi, Nagano Prefecture, Japan (\u00a9 sadao\/Shutterstock)","copyrightlink":"https:\/\/www.bing.com\/search?q=%E4%B8%8A%E9%AB%98%E5%9C%B0&form=hpcapt&mkt=zh-cn","title":"","quiz":"\/search?q=Bing+homepage+quiz&filters=WQOskey:%22HPQuiz_20210625_Kamikouchi%22&FORM=HPQUIZ","wp":true,"hsh":"b37877c131d57a63f5fcb6d68c2136b6","drk":1,"top":1,"bot":1,"hs":[]}],"tooltips":{"loading":"\u6b63\u5728\u52a0\u8f7d...","previous":"\u4e0a\u4e00\u4e2a\u56fe\u50cf","next":"\u4e0b\u4e00\u4e2a\u56fe\u50cf","walle":"\u6b64\u56fe\u7247\u4e0d\u80fd\u4e0b\u8f7d\u7528\u4f5c\u58c1\u7eb8\u3002","walls":"\u4e0b\u8f7d\u4eca\u65e5\u7f8e\u56fe\u3002\u4ec5\u9650\u7528\u4f5c\u684c\u9762\u58c1\u7eb8\u3002"}}