{"images":[{"startdate":"20210724","fullstartdate":"202107241600","enddate":"20210725","url":"\/th?id=OHR.CityPalaceUdaipur_ZH-CN2773121437_1920x1080.jpg&rf=LaDigue_1920x1080.jpg&pid=hp","urlbase":"\/th?id=OHR.CityPalaceUdaipur_ZH-CN2773121437","copyright":"\u76ae\u4e18\u62c9\u6e56\u7554\u7684\u4e4c\u4ee3\u5e03\u5c14\u57ce\u5e02\u5bab\u6bbf\uff0c\u5370\u5ea6 (\u00a9 Chaiyun Damkaew\/Getty Images)","copyrightlink":"https:\/\/www.bing.com\/search?q=%E7%9A%AE%E4%B8%98%E6%8B%89%E6%B9%96%E7%95%94&form=hpcapt&mkt=zh-cn","title":"","quiz":"\/search?q=Bing+homepage+quiz&filters=WQOskey:%22HPQuiz_20210724_CityPalaceUdaipur%22&FORM=HPQUIZ","wp":true,"hsh":"5270387ef0e1cfe0e1b2f154cffdfe6e","drk":1,"top":1,"bot":1,"hs":[]}],"tooltips":{"loading":"\u6b63\u5728\u52a0\u8f7d...","previous":"\u4e0a\u4e00\u4e2a\u56fe\u50cf","next":"\u4e0b\u4e00\u4e2a\u56fe\u50cf","walle":"\u6b64\u56fe\u7247\u4e0d\u80fd\u4e0b\u8f7d\u7528\u4f5c\u58c1\u7eb8\u3002","walls":"\u4e0b\u8f7d\u4eca\u65e5\u7f8e\u56fe\u3002\u4ec5\u9650\u7528\u4f5c\u684c\u9762\u58c1\u7eb8\u3002"}}