{"images":[{"startdate":"20220302","fullstartdate":"202203021600","enddate":"20220303","url":"\/th?id=OHR.RhinocerosUnicornis_ZH-CN6380546992_1920x1080.jpg&rf=LaDigue_1920x1080.jpg&pid=hp","urlbase":"\/th?id=OHR.RhinocerosUnicornis_ZH-CN6380546992","copyright":"\u52a0\u6d4e\u5170\u52a0\u56fd\u5bb6\u516c\u56ed\u91cc\u7684\u4e24\u5934\u5370\u5ea6\u7280\uff0c\u5370\u5ea6\u963f\u8428\u59c6\u90a6 (\u00a9 Robert Harding World Imagery\/Shutterstock)","copyrightlink":"https:\/\/www.bing.com\/search?q=%E5%8D%B0%E5%BA%A6%E7%8A%80%E7%89%9B&form=hpcapt&mkt=zh-cn","title":"\u5e86\u795d\u4e16\u754c\u91ce\u751f\u52a8\u7269\u65e5","quiz":"\/search?q=Bing+homepage+quiz&filters=WQOskey:%22HPQuiz_20220302_RhinocerosUnicornis%22&FORM=HPQUIZ","wp":true,"hsh":"8a99df7039cfe7293d019fd370f6b363","drk":1,"top":1,"bot":1,"hs":[]}],"tooltips":{"loading":"\u6b63\u5728\u52a0\u8f7d...","previous":"\u4e0a\u4e00\u4e2a\u56fe\u50cf","next":"\u4e0b\u4e00\u4e2a\u56fe\u50cf","walle":"\u6b64\u56fe\u7247\u4e0d\u80fd\u4e0b\u8f7d\u7528\u4f5c\u58c1\u7eb8\u3002","walls":"\u4e0b\u8f7d\u4eca\u65e5\u7f8e\u56fe\u3002\u4ec5\u9650\u7528\u4f5c\u684c\u9762\u58c1\u7eb8\u3002"}}