{"images":[{"startdate":"20210328","fullstartdate":"202103281600","enddate":"20210329","url":"\/th?id=OHR.Reynisfjara_ZH-CN2125000937_1920x1080.jpg&rf=LaDigue_1920x1080.jpg&pid=hp","urlbase":"\/th?id=OHR.Reynisfjara_ZH-CN2125000937","copyright":"\u9ed1\u6c99\u6ee9\u4e0aReynisdrangar\u7684\u7384\u6b66\u5ca9\uff0c\u51b0\u5c9b (\u00a9 Cavan Images\/Getty Images)","copyrightlink":"https:\/\/www.bing.com\/search?q=%E9%BB%91%E6%B2%99%E6%BB%A9&form=hpcapt&mkt=zh-cn","title":"","quiz":"\/search?q=Bing+homepage+quiz&filters=WQOskey:%22HPQuiz_20210328_Reynisfjara%22&FORM=HPQUIZ","wp":true,"hsh":"d63713952f1a26bfc347b8b82a434004","drk":1,"top":1,"bot":1,"hs":[]}],"tooltips":{"loading":"\u6b63\u5728\u52a0\u8f7d...","previous":"\u4e0a\u4e00\u4e2a\u56fe\u50cf","next":"\u4e0b\u4e00\u4e2a\u56fe\u50cf","walle":"\u6b64\u56fe\u7247\u4e0d\u80fd\u4e0b\u8f7d\u7528\u4f5c\u58c1\u7eb8\u3002","walls":"\u4e0b\u8f7d\u4eca\u65e5\u7f8e\u56fe\u3002\u4ec5\u9650\u7528\u4f5c\u684c\u9762\u58c1\u7eb8\u3002"}}