{"images":[{"startdate":"20211003","fullstartdate":"202110031600","enddate":"20211004","url":"\/th?id=OHR.Andromeda_ZH-CN1967953496_1920x1080.jpg&rf=LaDigue_1920x1080.jpg&pid=hp","urlbase":"\/th?id=OHR.Andromeda_ZH-CN1967953496","copyright":"\u7eda\u70c2\u7684\u4ed9\u5973\u5ea7\u661f\u7cfb (\u00a9 NASA\/JPL-Caltech)","copyrightlink":"https:\/\/www.bing.com\/search?q=%E4%BB%99%E5%A5%B3%E5%BA%A7%E6%98%9F%E7%B3%BB&form=hpcapt&mkt=zh-cn","title":"","quiz":"\/search?q=Bing+homepage+quiz&filters=WQOskey:%22HPQuiz_20211003_Andromeda%22&FORM=HPQUIZ","wp":true,"hsh":"46840c86f8b29bb4027e7e9c41eae024","drk":1,"top":1,"bot":1,"hs":[]}],"tooltips":{"loading":"\u6b63\u5728\u52a0\u8f7d...","previous":"\u4e0a\u4e00\u4e2a\u56fe\u50cf","next":"\u4e0b\u4e00\u4e2a\u56fe\u50cf","walle":"\u6b64\u56fe\u7247\u4e0d\u80fd\u4e0b\u8f7d\u7528\u4f5c\u58c1\u7eb8\u3002","walls":"\u4e0b\u8f7d\u4eca\u65e5\u7f8e\u56fe\u3002\u4ec5\u9650\u7528\u4f5c\u684c\u9762\u58c1\u7eb8\u3002"}}