{"images":[{"startdate":"20220128","fullstartdate":"202201281600","enddate":"20220129","url":"\/th?id=OHR.BrainCoral_ZH-CN8354100992_1920x1080.jpg&rf=LaDigue_1920x1080.jpg&pid=hp","urlbase":"\/th?id=OHR.BrainCoral_ZH-CN8354100992","copyright":"\u52a0\u52d2\u6bd4\u6d77\u7684\u7247\u8111\u7eb9\u73ca\u745a\uff0c\u5f00\u66fc\u7fa4\u5c9b (\u00a9 Alex Mustard\/Minden Pictures)","copyrightlink":"https:\/\/www.bing.com\/search?q=%E7%89%87%E8%84%91%E7%BA%B9%E7%8F%8A%E7%91%9A&form=hpcapt&mkt=zh-cn","title":"","quiz":"\/search?q=Bing+homepage+quiz&filters=WQOskey:%22HPQuiz_20220128_BrainCoral%22&FORM=HPQUIZ","wp":true,"hsh":"6badfe4ddc9e704004d63beb0c76097a","drk":1,"top":1,"bot":1,"hs":[]}],"tooltips":{"loading":"\u6b63\u5728\u52a0\u8f7d...","previous":"\u4e0a\u4e00\u4e2a\u56fe\u50cf","next":"\u4e0b\u4e00\u4e2a\u56fe\u50cf","walle":"\u6b64\u56fe\u7247\u4e0d\u80fd\u4e0b\u8f7d\u7528\u4f5c\u58c1\u7eb8\u3002","walls":"\u4e0b\u8f7d\u4eca\u65e5\u7f8e\u56fe\u3002\u4ec5\u9650\u7528\u4f5c\u684c\u9762\u58c1\u7eb8\u3002"}}