{"images":[{"startdate":"20201211","fullstartdate":"202012111600","enddate":"20201212","url":"/th?id=OHR.BractCloseup_ZH-CN9096611979_1920x1080.jpg&rf=LaDigue_1920x1080.jpg&pid=hp","urlbase":"/th?id=OHR.BractCloseup_ZH-CN9096611979","copyright":"一品红叶子特写 (© Charles Floyd/Alamy)","copyrightlink":"https://www.bing.com/search?q=%E4%B8%80%E5%93%81%E7%BA%A2%E5%8F%B6%E5%AD%90&form=hpcapt&mkt=zh-cn","title":"","quiz":"/search?q=Bing+homepage+quiz&filters=WQOskey:%22HPQuiz_20201211_BractCloseup%22&FORM=HPQUIZ","wp":true,"hsh":"da9e9a1fb03068b94ffeb874fe334fee","drk":1,"top":1,"bot":1,"hs":[]}],"tooltips":{"loading":"正在加载...","previous":"上一个图像","next":"下一个图像","walle":"此图片不能下载用作壁纸。","walls":"下载今日美图。仅限用作桌面壁纸。"}}