{"images":[{"startdate":"20201214","fullstartdate":"202012141600","enddate":"20201215","url":"/th?id=OHR.ElbeBastei_ZH-CN9708654240_1920x1080.jpg&rf=LaDigue_1920x1080.jpg&pid=hp","urlbase":"/th?id=OHR.ElbeBastei_ZH-CN9708654240","copyright":"易北河上的巴斯泰桥，德国撒克逊瑞士国家公园 (© Reinhard Schmid/eStock Photo)","copyrightlink":"https://www.bing.com/search?q=%E5%B7%B4%E6%96%AF%E6%B3%B0%E6%A1%A5&form=hpcapt&mkt=zh-cn","title":"","quiz":"/search?q=Bing+homepage+quiz&filters=WQOskey:%22HPQuiz_20201214_ElbeBastei%22&FORM=HPQUIZ","wp":true,"hsh":"38a3f7597635416b65b0da33ad5670d6","drk":1,"top":1,"bot":1,"hs":[]}],"tooltips":{"loading":"正在加载...","previous":"上一个图像","next":"下一个图像","walle":"此图片不能下载用作壁纸。","walls":"下载今日美图。仅限用作桌面壁纸。"}}