{"images":[{"startdate":"20210413","fullstartdate":"202104131600","enddate":"20210414","url":"\/th?id=OHR.CarrizoPlain_ZH-CN5933565493_1920x1080.jpg&rf=LaDigue_1920x1080.jpg&pid=hp","urlbase":"\/th?id=OHR.CarrizoPlain_ZH-CN5933565493","copyright":"\u5361\u91cc\u4f50\u5e73\u539f\u56fd\u5bb6\u7eaa\u5ff5\u533a\u7684\u91ce\u82b1\uff0c\u52a0\u5229\u798f\u5c3c\u4e9a (\u00a9 Dennis Frates\/Alamy)","copyrightlink":"https:\/\/www.bing.com\/search?q=%E5%8A%A0%E5%88%A9%E7%A6%8F%E5%B0%BC%E4%BA%9A&form=hpcapt&mkt=zh-cn","title":"","quiz":"\/search?q=Bing+homepage+quiz&filters=WQOskey:%22HPQuiz_20210413_CarrizoPlain%22&FORM=HPQUIZ","wp":true,"hsh":"55322b3b9619434ffa658c6cf8b2233e","drk":1,"top":1,"bot":1,"hs":[]}],"tooltips":{"loading":"\u6b63\u5728\u52a0\u8f7d...","previous":"\u4e0a\u4e00\u4e2a\u56fe\u50cf","next":"\u4e0b\u4e00\u4e2a\u56fe\u50cf","walle":"\u6b64\u56fe\u7247\u4e0d\u80fd\u4e0b\u8f7d\u7528\u4f5c\u58c1\u7eb8\u3002","walls":"\u4e0b\u8f7d\u4eca\u65e5\u7f8e\u56fe\u3002\u4ec5\u9650\u7528\u4f5c\u684c\u9762\u58c1\u7eb8\u3002"}}