{"images":[{"startdate":"20210215","fullstartdate":"202102151600","enddate":"20210216","url":"\/th?id=OHR.PurpleFlowers_ZH-CN7975901617_1920x1080.jpg&rf=LaDigue_1920x1080.jpg&pid=hp","urlbase":"\/th?id=OHR.PurpleFlowers_ZH-CN7975901617","copyright":"\u5c4b\u524d\u7684\u9c9c\u82b1\u548c\u94c1\u827a\u56f4\u680f\uff0c\u8def\u6613\u65af\u5b89\u90a3\u5dde\u65b0\u5965\u5c14\u826f (\u00a9 Lauren Mitchell\/Offset by Shutterstock)","copyrightlink":"https:\/\/www.bing.com\/search?q=%E9%93%81%E8%89%BA%E5%9B%B4%E6%A0%8F&form=hpcapt&mkt=zh-cn","title":"","quiz":"\/search?q=Bing+homepage+quiz&filters=WQOskey:%22HPQuiz_20210215_PurpleFlowers%22&FORM=HPQUIZ","wp":true,"hsh":"a77d468cd42ac3e5ec9f03ffc202e9b4","drk":1,"top":1,"bot":1,"hs":[]}],"tooltips":{"loading":"\u6b63\u5728\u52a0\u8f7d...","previous":"\u4e0a\u4e00\u4e2a\u56fe\u50cf","next":"\u4e0b\u4e00\u4e2a\u56fe\u50cf","walle":"\u6b64\u56fe\u7247\u4e0d\u80fd\u4e0b\u8f7d\u7528\u4f5c\u58c1\u7eb8\u3002","walls":"\u4e0b\u8f7d\u4eca\u65e5\u7f8e\u56fe\u3002\u4ec5\u9650\u7528\u4f5c\u684c\u9762\u58c1\u7eb8\u3002"}}