{"images":[{"startdate":"20211030","fullstartdate":"202110301600","enddate":"20211031","url":"\/th?id=OHR.YorkMinster_ZH-CN3129176050_1920x1080.jpg&rf=LaDigue_1920x1080.jpg&pid=hp","urlbase":"\/th?id=OHR.YorkMinster_ZH-CN3129176050","copyright":"\u7ea6\u514b\u5927\u6559\u5802\u5899\u4e0a\u7684\u602a\u8bde\u96d5\u5851\uff0c\u82f1\u683c\u5170\u5317\u7ea6\u514b\u90e1 (\u00a9 John Potter\/Alamy)","copyrightlink":"https:\/\/www.bing.com\/search?q=%E7%BA%A6%E5%85%8B%E5%A4%A7%E6%95%99%E5%A0%82&form=hpcapt&mkt=zh-cn","title":"","quiz":"\/search?q=Bing+homepage+quiz&filters=WQOskey:%22HPQuiz_20211030_YorkMinster%22&FORM=HPQUIZ","wp":true,"hsh":"e0a38f154f5c47fe4ace4f46f9848db4","drk":1,"top":1,"bot":1,"hs":[]}],"tooltips":{"loading":"\u6b63\u5728\u52a0\u8f7d...","previous":"\u4e0a\u4e00\u4e2a\u56fe\u50cf","next":"\u4e0b\u4e00\u4e2a\u56fe\u50cf","walle":"\u6b64\u56fe\u7247\u4e0d\u80fd\u4e0b\u8f7d\u7528\u4f5c\u58c1\u7eb8\u3002","walls":"\u4e0b\u8f7d\u4eca\u65e5\u7f8e\u56fe\u3002\u4ec5\u9650\u7528\u4f5c\u684c\u9762\u58c1\u7eb8\u3002"}}