{"images":[{"startdate":"20210301","fullstartdate":"202103011600","enddate":"20210302","url":"\/th?id=OHR.VolcanoLlaima_ZH-CN3436127573_1920x1080.jpg&rf=LaDigue_1920x1080.jpg&pid=hp","urlbase":"\/th?id=OHR.VolcanoLlaima_ZH-CN3436127573","copyright":"\u4e9a\u4f0a\u9a6c\u706b\u5c71\u4e0e\u524d\u666f\u4e2d\u7684\u667a\u5229\u5357\u6d0b\u6749\uff0c\u667a\u5229\u5b54\u5409\u5229\u5965\u56fd\u5bb6\u516c\u56ed (\u00a9 Fotograf\u00edas Jorge Le\u00f3n Cabello\/Getty Images)","copyrightlink":"https:\/\/www.bing.com\/search?q=%E4%BA%9A%E4%BC%8A%E9%A9%AC%E7%81%AB%E5%B1%B1&form=hpcapt&mkt=zh-cn","title":"","quiz":"\/search?q=Bing+homepage+quiz&filters=WQOskey:%22HPQuiz_20210301_VolcanoLlaima%22&FORM=HPQUIZ","wp":true,"hsh":"95e9d738c3cef21188fb4fadba095037","drk":1,"top":1,"bot":1,"hs":[]}],"tooltips":{"loading":"\u6b63\u5728\u52a0\u8f7d...","previous":"\u4e0a\u4e00\u4e2a\u56fe\u50cf","next":"\u4e0b\u4e00\u4e2a\u56fe\u50cf","walle":"\u6b64\u56fe\u7247\u4e0d\u80fd\u4e0b\u8f7d\u7528\u4f5c\u58c1\u7eb8\u3002","walls":"\u4e0b\u8f7d\u4eca\u65e5\u7f8e\u56fe\u3002\u4ec5\u9650\u7528\u4f5c\u684c\u9762\u58c1\u7eb8\u3002"}}