{"images":[{"startdate":"20211209","fullstartdate":"202112091600","enddate":"20211210","url":"\/th?id=OHR.FoxDovrefjell_ZH-CN9554491452_1920x1080.jpg&rf=LaDigue_1920x1080.jpg&pid=hp","urlbase":"\/th?id=OHR.FoxDovrefjell_ZH-CN9554491452","copyright":"\u5317\u6781\u72d0\uff0c\u632a\u5a01\u591a\u5f17\u52d2\u5c71-\u677e\u8fbe\u5c14\u56fd\u5bb6 (\u00a9 Andy Trowbridge\/Minden Pictures)","copyrightlink":"https:\/\/www.bing.com\/search?q=%E5%8C%97%E6%9E%81%E7%8B%90&form=hpcapt&mkt=zh-cn","title":"","quiz":"\/search?q=Bing+homepage+quiz&filters=WQOskey:%22HPQuiz_20211209_FoxDovrefjell%22&FORM=HPQUIZ","wp":true,"hsh":"b315bc231c8933e674e8f22648ad4142","drk":1,"top":1,"bot":1,"hs":[]}],"tooltips":{"loading":"\u6b63\u5728\u52a0\u8f7d...","previous":"\u4e0a\u4e00\u4e2a\u56fe\u50cf","next":"\u4e0b\u4e00\u4e2a\u56fe\u50cf","walle":"\u6b64\u56fe\u7247\u4e0d\u80fd\u4e0b\u8f7d\u7528\u4f5c\u58c1\u7eb8\u3002","walls":"\u4e0b\u8f7d\u4eca\u65e5\u7f8e\u56fe\u3002\u4ec5\u9650\u7528\u4f5c\u684c\u9762\u58c1\u7eb8\u3002"}}