{"images":[{"startdate":"20220109","fullstartdate":"202201091600","enddate":"20220110","url":"\/th?id=OHR.SkiTouring_ZH-CN0237169285_1920x1080.jpg&rf=LaDigue_1920x1080.jpg&pid=hp","urlbase":"\/th?id=OHR.SkiTouring_ZH-CN0237169285","copyright":"\u5728\u9ad8\u5730\u9676\u6069\u5c71\u8109\u7684\u6ed1\u96ea\u65c5\u884c\uff0c\u5965\u5730\u5229\u5df4\u5fb7\u52a0\u65af\u5766 (\u00a9 RooM the Agency\/Alamy)","copyrightlink":"https:\/\/www.bing.com\/search?q=%E5%A5%A5%E5%9C%B0%E5%88%A9%E5%B7%B4%E5%BE%B7%E5%8A%A0%E6%96%AF%E5%9D%A6&form=hpcapt&mkt=zh-cn","title":"","quiz":"\/search?q=Bing+homepage+quiz&filters=WQOskey:%22HPQuiz_20220109_SkiTouring%22&FORM=HPQUIZ","wp":true,"hsh":"fb5301e01127d59df0c96ec96ce586e0","drk":1,"top":1,"bot":1,"hs":[]}],"tooltips":{"loading":"\u6b63\u5728\u52a0\u8f7d...","previous":"\u4e0a\u4e00\u4e2a\u56fe\u50cf","next":"\u4e0b\u4e00\u4e2a\u56fe\u50cf","walle":"\u6b64\u56fe\u7247\u4e0d\u80fd\u4e0b\u8f7d\u7528\u4f5c\u58c1\u7eb8\u3002","walls":"\u4e0b\u8f7d\u4eca\u65e5\u7f8e\u56fe\u3002\u4ec5\u9650\u7528\u4f5c\u684c\u9762\u58c1\u7eb8\u3002"}}