{"images":[{"startdate":"20211123","fullstartdate":"202111231600","enddate":"20211124","url":"\/th?id=OHR.ChocoHillBohol_ZH-CN9297094265_1920x1080.jpg&rf=LaDigue_1920x1080.jpg&pid=hp","urlbase":"\/th?id=OHR.ChocoHillBohol_ZH-CN9297094265","copyright":"\u72ec\u7279\u7684\u5de7\u514b\u529b\u5c71\uff0c\u83f2\u5f8b\u5bbe\u8584\u8377\u5c9b (\u00a9 Danita Delimont\/Offset by Shutterstock)","copyrightlink":"https:\/\/www.bing.com\/search?q=%E8%96%84%E8%8D%B7%E5%B2%9B&form=hpcapt&mkt=zh-cn","title":"","quiz":"\/search?q=Bing+homepage+quiz&filters=WQOskey:%22HPQuiz_20211123_ChocoHillBohol%22&FORM=HPQUIZ","wp":true,"hsh":"a2372d1ccf2473abc18a090a67b910de","drk":1,"top":1,"bot":1,"hs":[]}],"tooltips":{"loading":"\u6b63\u5728\u52a0\u8f7d...","previous":"\u4e0a\u4e00\u4e2a\u56fe\u50cf","next":"\u4e0b\u4e00\u4e2a\u56fe\u50cf","walle":"\u6b64\u56fe\u7247\u4e0d\u80fd\u4e0b\u8f7d\u7528\u4f5c\u58c1\u7eb8\u3002","walls":"\u4e0b\u8f7d\u4eca\u65e5\u7f8e\u56fe\u3002\u4ec5\u9650\u7528\u4f5c\u684c\u9762\u58c1\u7eb8\u3002"}}