{"images":[{"startdate":"20220131","fullstartdate":"202201311600","enddate":"20220201","url":"\/th?id=OHR.ChineseNewYear_ZH-CN5844255626_1920x1080.jpg&rf=LaDigue_1920x1080.jpg&pid=hp","urlbase":"\/th?id=OHR.ChineseNewYear_ZH-CN5844255626","copyright":"\u5bd3\u610f\u5e78\u798f\u548c\u56e2\u5706\u7684\u6625\u8282\u706f\u7b3c\uff0c\u4e2d\u56fd (\u00a9 d3sign\/Moment\/Getty Images)","copyrightlink":"https:\/\/www.bing.com\/search?q=%E6%98%A5%E8%8A%82&form=hpcapt&mkt=zh-cn","title":"\u65b0\u6625\u5feb\u4e50","quiz":"\/search?q=Bing+homepage+quiz&filters=WQOskey:%22HPQuiz_20220131_ChineseNewYear%22&FORM=HPQUIZ","wp":true,"hsh":"3ee0dde3632e1cd6150a1b6476db5424","drk":1,"top":1,"bot":1,"hs":[]}],"tooltips":{"loading":"\u6b63\u5728\u52a0\u8f7d...","previous":"\u4e0a\u4e00\u4e2a\u56fe\u50cf","next":"\u4e0b\u4e00\u4e2a\u56fe\u50cf","walle":"\u6b64\u56fe\u7247\u4e0d\u80fd\u4e0b\u8f7d\u7528\u4f5c\u58c1\u7eb8\u3002","walls":"\u4e0b\u8f7d\u4eca\u65e5\u7f8e\u56fe\u3002\u4ec5\u9650\u7528\u4f5c\u684c\u9762\u58c1\u7eb8\u3002"}}