{"images":[{"startdate":"20220214","fullstartdate":"202202141600","enddate":"20220215","url":"\/th?id=OHR.Latern2022_ZH-CN0112710917_1920x1080.jpg&rf=LaDigue_1920x1080.jpg&pid=hp","urlbase":"\/th?id=OHR.Latern2022_ZH-CN0112710917","copyright":"\u6210\u90fd\u8857\u5934\u7684\u7ea2\u706f\u7b3c\uff0c\u4e2d\u56fd\u56db\u5ddd\u7701\uff08\u00a9 kiszon pascal\/Moment\/Getty Images\uff09","copyrightlink":"https:\/\/www.bing.com\/search?q=%E5%85%83%E5%AE%B5%E8%8A%82&form=hpcapt&mkt=zh-cn","title":"\u70b9\u4eae\u4e00\u76cf\u82b1\u706f","quiz":"\/search?q=Bing+homepage+quiz&filters=WQOskey:%22HPQuiz_20220214_Latern2022%22&FORM=HPQUIZ","wp":true,"hsh":"4120a479d19ef4d7d4eaa0ac8d70fd88","drk":1,"top":1,"bot":1,"hs":[]}],"tooltips":{"loading":"\u6b63\u5728\u52a0\u8f7d...","previous":"\u4e0a\u4e00\u4e2a\u56fe\u50cf","next":"\u4e0b\u4e00\u4e2a\u56fe\u50cf","walle":"\u6b64\u56fe\u7247\u4e0d\u80fd\u4e0b\u8f7d\u7528\u4f5c\u58c1\u7eb8\u3002","walls":"\u4e0b\u8f7d\u4eca\u65e5\u7f8e\u56fe\u3002\u4ec5\u9650\u7528\u4f5c\u684c\u9762\u58c1\u7eb8\u3002"}}