{"images":[{"startdate":"20211114","fullstartdate":"202111141600","enddate":"20211115","url":"\/th?id=OHR.FloridaManatee_ZH-CN2405291075_1920x1080.jpg&rf=LaDigue_1920x1080.jpg&pid=hp","urlbase":"\/th?id=OHR.FloridaManatee_ZH-CN2405291075","copyright":"\u61a8\u6001\u53ef\u63ac\u7684\u6d77\u725b, \u7f8e\u56fd\u4f5b\u7f57\u91cc\u8fbe\u5dde (\u00a9 Paul E Tessier\/Cavan Images\/Offset by Shutterstock)","copyrightlink":"https:\/\/www.bing.com\/search?q=%E6%B5%B7%E7%89%9B&form=hpcapt&mkt=zh-cn","title":"","quiz":"\/search?q=Bing+homepage+quiz&filters=WQOskey:%22HPQuiz_20211114_FloridaManatee%22&FORM=HPQUIZ","wp":true,"hsh":"d950cd875ddfe0dfcaac10e1f45478e5","drk":1,"top":1,"bot":1,"hs":[]}],"tooltips":{"loading":"\u6b63\u5728\u52a0\u8f7d...","previous":"\u4e0a\u4e00\u4e2a\u56fe\u50cf","next":"\u4e0b\u4e00\u4e2a\u56fe\u50cf","walle":"\u6b64\u56fe\u7247\u4e0d\u80fd\u4e0b\u8f7d\u7528\u4f5c\u58c1\u7eb8\u3002","walls":"\u4e0b\u8f7d\u4eca\u65e5\u7f8e\u56fe\u3002\u4ec5\u9650\u7528\u4f5c\u684c\u9762\u58c1\u7eb8\u3002"}}