{"images":[{"startdate":"20210317","fullstartdate":"202103171600","enddate":"20210318","url":"\/th?id=OHR.MtEtna_ZH-CN9127683040_1920x1080.jpg&rf=LaDigue_1920x1080.jpg&pid=hp","urlbase":"\/th?id=OHR.MtEtna_ZH-CN9127683040","copyright":"2013\u5e74\u6b63\u5728\u55b7\u53d1\u7684\u57c3\u7279\u7eb3\u706b\u5c71\uff0c\u610f\u5927\u5229\u897f\u897f\u91cc\u5c9b (\u00a9 Wead\/Alamy Live News)","copyrightlink":"https:\/\/www.bing.com\/search?q=%E5%9F%83%E7%89%B9%E7%BA%B3%E7%81%AB%E5%B1%B1&form=hpcapt&mkt=zh-cn","title":"","quiz":"\/search?q=Bing+homepage+quiz&filters=WQOskey:%22HPQuiz_20210317_MtEtna%22&FORM=HPQUIZ","wp":true,"hsh":"6f684ad5f9f2bb017f83d406da057b08","drk":1,"top":1,"bot":1,"hs":[]}],"tooltips":{"loading":"\u6b63\u5728\u52a0\u8f7d...","previous":"\u4e0a\u4e00\u4e2a\u56fe\u50cf","next":"\u4e0b\u4e00\u4e2a\u56fe\u50cf","walle":"\u6b64\u56fe\u7247\u4e0d\u80fd\u4e0b\u8f7d\u7528\u4f5c\u58c1\u7eb8\u3002","walls":"\u4e0b\u8f7d\u4eca\u65e5\u7f8e\u56fe\u3002\u4ec5\u9650\u7528\u4f5c\u684c\u9762\u58c1\u7eb8\u3002"}}