{"images":[{"startdate":"20210318","fullstartdate":"202103181600","enddate":"20210319","url":"\/th?id=OHR.MagneticIsland_ZH-CN9302186671_1920x1080.jpg&rf=LaDigue_1920x1080.jpg&pid=hp","urlbase":"\/th?id=OHR.MagneticIsland_ZH-CN9302186671","copyright":"\u822a\u62cd\u751f\u957f\u7740\u6811\u6728\u7684\u9047\u96be\u8239\u201c\u963f\u5fb7\u83b1\u5fb7\u5e02\u201d\u6b8b\u9ab8\uff0c\u6fb3\u5927\u5229\u4e9a\u78c1\u5c9b (\u00a9 Amazing Aerial Agency\/Offset by Shutterstock)","copyrightlink":"https:\/\/www.bing.com\/search?q=%E7%A3%81%E5%B2%9B&form=hpcapt&mkt=zh-cn","title":"","quiz":"\/search?q=Bing+homepage+quiz&filters=WQOskey:%22HPQuiz_20210318_MagneticIsland%22&FORM=HPQUIZ","wp":true,"hsh":"e2f6cfdf51dc13f08d266ed7a40420e2","drk":1,"top":1,"bot":1,"hs":[]}],"tooltips":{"loading":"\u6b63\u5728\u52a0\u8f7d...","previous":"\u4e0a\u4e00\u4e2a\u56fe\u50cf","next":"\u4e0b\u4e00\u4e2a\u56fe\u50cf","walle":"\u6b64\u56fe\u7247\u4e0d\u80fd\u4e0b\u8f7d\u7528\u4f5c\u58c1\u7eb8\u3002","walls":"\u4e0b\u8f7d\u4eca\u65e5\u7f8e\u56fe\u3002\u4ec5\u9650\u7528\u4f5c\u684c\u9762\u58c1\u7eb8\u3002"}}