{"images":[{"startdate":"20210420","fullstartdate":"202104201600","enddate":"20210421","url":"\/th?id=OHR.SaoJorgeMadeira_ZH-CN7428897971_1920x1080.jpg&rf=LaDigue_1920x1080.jpg&pid=hp","urlbase":"\/th?id=OHR.SaoJorgeMadeira_ZH-CN7428897971","copyright":"\u9a6c\u5fb7\u62c9\u5c9b\u7684\u5317\u6d77\u5cb8\uff0c\u8461\u8404\u7259 (\u00a9 Hemis\/Alamy)","copyrightlink":"https:\/\/www.bing.com\/search?q=%E9%A9%AC%E5%BE%B7%E6%8B%89%E5%B2%9B&form=hpcapt&mkt=zh-cn","title":"","quiz":"\/search?q=Bing+homepage+quiz&filters=WQOskey:%22HPQuiz_20210420_SaoJorgeMadeira%22&FORM=HPQUIZ","wp":true,"hsh":"94704795351922cc297ba9cf46cdb0cf","drk":1,"top":1,"bot":1,"hs":[]}],"tooltips":{"loading":"\u6b63\u5728\u52a0\u8f7d...","previous":"\u4e0a\u4e00\u4e2a\u56fe\u50cf","next":"\u4e0b\u4e00\u4e2a\u56fe\u50cf","walle":"\u6b64\u56fe\u7247\u4e0d\u80fd\u4e0b\u8f7d\u7528\u4f5c\u58c1\u7eb8\u3002","walls":"\u4e0b\u8f7d\u4eca\u65e5\u7f8e\u56fe\u3002\u4ec5\u9650\u7528\u4f5c\u684c\u9762\u58c1\u7eb8\u3002"}}