{"images":[{"startdate":"20220103","fullstartdate":"202201031600","enddate":"20220104","url":"\/th?id=OHR.BorregoBadlands_ZH-CN9913349081_1920x1080.jpg&rf=LaDigue_1920x1080.jpg&pid=hp","urlbase":"\/th?id=OHR.BorregoBadlands_ZH-CN9913349081","copyright":"\u5b89\u6c99\u6ce2\u5229\u54e5\u6c99\u6f20\u5dde\u7acb\u516c\u56ed\uff0c\u7f8e\u56fd\u52a0\u5229\u798f\u5c3c\u4e9a\u5dde (\u00a9 Tom Hogan\/plainpicture)","copyrightlink":"https:\/\/www.bing.com\/search?q=%E5%AE%89%E6%B2%99%E6%B3%A2%E5%88%A9%E5%93%A5%E6%B2%99%E6%BC%A0%E5%B7%9E%E7%AB%8B%E5%85%AC%E5%9B%AD&form=hpcapt&mkt=zh-cn","title":"","quiz":"\/search?q=Bing+homepage+quiz&filters=WQOskey:%22HPQuiz_20220103_BorregoBadlands%22&FORM=HPQUIZ","wp":true,"hsh":"8f3d20c74960b199b364f0bb744a9f69","drk":1,"top":1,"bot":1,"hs":[]}],"tooltips":{"loading":"\u6b63\u5728\u52a0\u8f7d...","previous":"\u4e0a\u4e00\u4e2a\u56fe\u50cf","next":"\u4e0b\u4e00\u4e2a\u56fe\u50cf","walle":"\u6b64\u56fe\u7247\u4e0d\u80fd\u4e0b\u8f7d\u7528\u4f5c\u58c1\u7eb8\u3002","walls":"\u4e0b\u8f7d\u4eca\u65e5\u7f8e\u56fe\u3002\u4ec5\u9650\u7528\u4f5c\u684c\u9762\u58c1\u7eb8\u3002"}}