{"images":[{"startdate":"20220316","fullstartdate":"202203161600","enddate":"20220317","url":"\/th?id=OHR.Shamrocks_ZH-CN6712957522_1920x1080.jpg&rf=LaDigue_1920x1080.jpg&pid=hp","urlbase":"\/th?id=OHR.Shamrocks_ZH-CN6712957522","copyright":"\u751f\u673a\u76ce\u7136\u7684\u9162\u6d46\u8349\u548c\u7ea2\u6749\u6811\uff0c\u7f8e\u56fd\u5927\u8349\u539f\u6eaa\u7ea2\u6749\u5dde\u7acb\u516c\u56ed (\u00a9 Jack Dykinga\/Minden Pictures)","copyrightlink":"https:\/\/www.bing.com\/search?q=%E5%A4%A7%E8%8D%89%E5%8E%9F%E6%BA%AA%E7%BA%A2%E6%9D%89%E5%B7%9E%E7%AB%8B%E5%85%AC%E5%9B%AD&form=hpcapt&mkt=zh-cn","title":"\u6709\u56db\u53f6\u8349\u5417\uff1f","quiz":"\/search?q=Bing+homepage+quiz&filters=WQOskey:%22HPQuiz_20220316_Shamrocks%22&FORM=HPQUIZ","wp":true,"hsh":"816bbcc9a2d37e550aa471d1992f3289","drk":1,"top":1,"bot":1,"hs":[]}],"tooltips":{"loading":"\u6b63\u5728\u52a0\u8f7d...","previous":"\u4e0a\u4e00\u4e2a\u56fe\u50cf","next":"\u4e0b\u4e00\u4e2a\u56fe\u50cf","walle":"\u6b64\u56fe\u7247\u4e0d\u80fd\u4e0b\u8f7d\u7528\u4f5c\u58c1\u7eb8\u3002","walls":"\u4e0b\u8f7d\u4eca\u65e5\u7f8e\u56fe\u3002\u4ec5\u9650\u7528\u4f5c\u684c\u9762\u58c1\u7eb8\u3002"}}