{"images":[{"startdate":"20211028","fullstartdate":"202110281600","enddate":"20211029","url":"\/th?id=OHR.UnkindnessRavens_ZH-CN2840574948_1920x1080.jpg&rf=LaDigue_1920x1080.jpg&pid=hp","urlbase":"\/th?id=OHR.UnkindnessRavens_ZH-CN2840574948","copyright":"\u51b7\u6f20\u7684\u6e21\u9e26\u4eec\uff0c\u7f8e\u56fd\u963f\u62c9\u65af\u52a0\u5dde (\u00a9 Brian Browitt Photo\/Adobe Stock)","copyrightlink":"https:\/\/www.bing.com\/search?q=%E9%98%BF%E6%8B%89%E6%96%AF%E5%8A%A0%E5%B7%9E&form=hpcapt&mkt=zh-cn","title":"","quiz":"\/search?q=Bing+homepage+quiz&filters=WQOskey:%22HPQuiz_20211028_UnkindnessRavens%22&FORM=HPQUIZ","wp":true,"hsh":"6da3e31d487b3b57ce4e24ba75e33b26","drk":1,"top":1,"bot":1,"hs":[]}],"tooltips":{"loading":"\u6b63\u5728\u52a0\u8f7d...","previous":"\u4e0a\u4e00\u4e2a\u56fe\u50cf","next":"\u4e0b\u4e00\u4e2a\u56fe\u50cf","walle":"\u6b64\u56fe\u7247\u4e0d\u80fd\u4e0b\u8f7d\u7528\u4f5c\u58c1\u7eb8\u3002","walls":"\u4e0b\u8f7d\u4eca\u65e5\u7f8e\u56fe\u3002\u4ec5\u9650\u7528\u4f5c\u684c\u9762\u58c1\u7eb8\u3002"}}