{"images":[{"startdate":"20210815","fullstartdate":"202108151600","enddate":"20210816","url":"\/th?id=OHR.PortAventura_ZH-CN0298709661_1920x1080.jpg&rf=LaDigue_1920x1080.jpg&pid=hp","urlbase":"\/th?id=OHR.PortAventura_ZH-CN0298709661","copyright":"\u843d\u65e5\u65f6\u5206\u7684\u9999\u5df4\u62c9\u8fc7\u5c71\u8f66\u526a\u5f71\uff0c\u897f\u73ed\u7259\u5854\u62c9\u6208\u7eb3\u8428\u6d1b (\u00a9 Joaquim F. P.\/Getty Images)","copyrightlink":"https:\/\/www.bing.com\/search?q=%E9%A6%99%E5%B7%B4%E6%8B%89%E8%BF%87%E5%B1%B1%E8%BD%A6&form=hpcapt&mkt=zh-cn","title":"","quiz":"\/search?q=Bing+homepage+quiz&filters=WQOskey:%22HPQuiz_20210815_PortAventura%22&FORM=HPQUIZ","wp":true,"hsh":"5e771db9bf031d8197948162f98cb185","drk":1,"top":1,"bot":1,"hs":[]}],"tooltips":{"loading":"\u6b63\u5728\u52a0\u8f7d...","previous":"\u4e0a\u4e00\u4e2a\u56fe\u50cf","next":"\u4e0b\u4e00\u4e2a\u56fe\u50cf","walle":"\u6b64\u56fe\u7247\u4e0d\u80fd\u4e0b\u8f7d\u7528\u4f5c\u58c1\u7eb8\u3002","walls":"\u4e0b\u8f7d\u4eca\u65e5\u7f8e\u56fe\u3002\u4ec5\u9650\u7528\u4f5c\u684c\u9762\u58c1\u7eb8\u3002"}}