{"images":[{"startdate":"20210814","fullstartdate":"202108141600","enddate":"20210815","url":"\/th?id=OHR.StrandbadTiefenbrunnen_ZH-CN0240023450_1920x1080.jpg&rf=LaDigue_1920x1080.jpg&pid=hp","urlbase":"\/th?id=OHR.StrandbadTiefenbrunnen_ZH-CN0240023450","copyright":"\u82cf\u9ece\u4e16\u6e56\u5cb8\u8fb9\u7684\u5ba4\u5916\u6e38\u6cf3\u6c60\uff0c\u745e\u58eb (\u00a9 Amazing Aerial Agency\/Offset by Shutterstock)","copyrightlink":"https:\/\/www.bing.com\/search?q=%E8%8B%8F%E9%BB%8E%E4%B8%96%E6%B9%96&form=hpcapt&mkt=zh-cn","title":"","quiz":"\/search?q=Bing+homepage+quiz&filters=WQOskey:%22HPQuiz_20210814_StrandbadTiefenbrunnen%22&FORM=HPQUIZ","wp":true,"hsh":"ab7b5f77afa9c826da6c2acc5616ad0e","drk":1,"top":1,"bot":1,"hs":[]}],"tooltips":{"loading":"\u6b63\u5728\u52a0\u8f7d...","previous":"\u4e0a\u4e00\u4e2a\u56fe\u50cf","next":"\u4e0b\u4e00\u4e2a\u56fe\u50cf","walle":"\u6b64\u56fe\u7247\u4e0d\u80fd\u4e0b\u8f7d\u7528\u4f5c\u58c1\u7eb8\u3002","walls":"\u4e0b\u8f7d\u4eca\u65e5\u7f8e\u56fe\u3002\u4ec5\u9650\u7528\u4f5c\u684c\u9762\u58c1\u7eb8\u3002"}}