{"images":[{"startdate":"20201227","fullstartdate":"202012271600","enddate":"20201228","url":"\/th?id=OHR.CanadaLynx_ZH-CN8645816958_1920x1080.jpg&rf=LaDigue_1920x1080.jpg&pid=hp","urlbase":"\/th?id=OHR.CanadaLynx_ZH-CN8645816958","copyright":"\u52a0\u62ff\u5927\u731e\u7301\uff0c\u8499\u5927\u62ff\u5dde (\u00a9 Alan and Sandy Carey\/Minden Pictures)","copyrightlink":"https:\/\/www.bing.com\/search?q=%E5%8A%A0%E6%8B%BF%E5%A4%A7%E7%8C%9E%E7%8C%81&form=hpcapt&mkt=zh-cn","title":"","quiz":"\/search?q=Bing+homepage+quiz&filters=WQOskey:%22HPQuiz_20201227_CanadaLynx%22&FORM=HPQUIZ","wp":true,"hsh":"9213805c3f0f6bbebd73215c10cc3396","drk":1,"top":1,"bot":1,"hs":[]}],"tooltips":{"loading":"\u6b63\u5728\u52a0\u8f7d...","previous":"\u4e0a\u4e00\u4e2a\u56fe\u50cf","next":"\u4e0b\u4e00\u4e2a\u56fe\u50cf","walle":"\u6b64\u56fe\u7247\u4e0d\u80fd\u4e0b\u8f7d\u7528\u4f5c\u58c1\u7eb8\u3002","walls":"\u4e0b\u8f7d\u4eca\u65e5\u7f8e\u56fe\u3002\u4ec5\u9650\u7528\u4f5c\u684c\u9762\u58c1\u7eb8\u3002"}}