{"images":[{"startdate":"20201230","fullstartdate":"202012301600","enddate":"20201231","url":"\/th?id=OHR.ZaragozaSpain_ZH-CN8995859415_1920x1080.jpg&rf=LaDigue_1920x1080.jpg&pid=hp","urlbase":"\/th?id=OHR.ZaragozaSpain_ZH-CN8995859415","copyright":"\u8de8\u5e74\u5e86\u5178\u4e2d\u71c3\u653e\u7684\u70df\u82b1\uff0c\u897f\u73ed\u7259\u8428\u62c9\u6208\u8428 (\u00a9 Martina Badini\/Shutterstock)","copyrightlink":"https:\/\/www.bing.com\/search?q=%E8%90%A8%E6%8B%89%E6%88%88%E8%90%A8&form=hpcapt&mkt=zh-cn","title":"","quiz":"\/search?q=Bing+homepage+quiz&filters=WQOskey:%22HPQuiz_20201230_ZaragozaSpain%22&FORM=HPQUIZ","wp":true,"hsh":"eb60195369397ef5bc0bfb9da4266599","drk":1,"top":1,"bot":1,"hs":[]}],"tooltips":{"loading":"\u6b63\u5728\u52a0\u8f7d...","previous":"\u4e0a\u4e00\u4e2a\u56fe\u50cf","next":"\u4e0b\u4e00\u4e2a\u56fe\u50cf","walle":"\u6b64\u56fe\u7247\u4e0d\u80fd\u4e0b\u8f7d\u7528\u4f5c\u58c1\u7eb8\u3002","walls":"\u4e0b\u8f7d\u4eca\u65e5\u7f8e\u56fe\u3002\u4ec5\u9650\u7528\u4f5c\u684c\u9762\u58c1\u7eb8\u3002"}}