{"images":[{"startdate":"20210607","fullstartdate":"202106071600","enddate":"20210608","url":"\/th?id=OHR.CortezJacks_ZH-CN1619906832_1920x1080.jpg&rf=LaDigue_1920x1080.jpg&pid=hp","urlbase":"\/th?id=OHR.CortezJacks_ZH-CN1619906832","copyright":"\u52a0\u5229\u798f\u5c3c\u4e9a\u6e7e\u4e2d\u6570\u5343\u6761\u6770\u514b\u9c7c\u6210\u7fa4\u6e38\u52a8\uff0c\u58a8\u897f\u54e5\u666e\u5c14\u83ab\u89d2\u56fd\u5bb6\u516c\u56ed (\u00a9 Christian Vizl\/Tandem Stills + Motion)","copyrightlink":"https:\/\/www.bing.com\/search?q=%E6%9D%B0%E5%85%8B%E9%B1%BC&form=hpcapt&mkt=zh-cn","title":"","quiz":"\/search?q=Bing+homepage+quiz&filters=WQOskey:%22HPQuiz_20210607_CortezJacks%22&FORM=HPQUIZ","wp":true,"hsh":"df23ae3b359e7cf2306cb1c2a3ab3101","drk":1,"top":1,"bot":1,"hs":[]}],"tooltips":{"loading":"\u6b63\u5728\u52a0\u8f7d...","previous":"\u4e0a\u4e00\u4e2a\u56fe\u50cf","next":"\u4e0b\u4e00\u4e2a\u56fe\u50cf","walle":"\u6b64\u56fe\u7247\u4e0d\u80fd\u4e0b\u8f7d\u7528\u4f5c\u58c1\u7eb8\u3002","walls":"\u4e0b\u8f7d\u4eca\u65e5\u7f8e\u56fe\u3002\u4ec5\u9650\u7528\u4f5c\u684c\u9762\u58c1\u7eb8\u3002"}}