{"images":[{"startdate":"20201215","fullstartdate":"202012151600","enddate":"20201216","url":"\/th?id=OHR.MunnarMist_ZH-CN8816703625_1920x1080.jpg&rf=LaDigue_1920x1080.jpg&pid=hp","urlbase":"\/th?id=OHR.MunnarMist_ZH-CN8816703625","copyright":"\u96fe\u6c14\u73af\u7ed5\u7684\u68ee\u6797\uff0c\u5580\u62c9\u62c9\u90a6\u6155\u90a3\u5c14\u5e02\uff0c\u5370\u5ea6 (\u00a9 Ahammed Riswan\/EyeEm\/Getty Images)","copyrightlink":"https:\/\/www.bing.com\/search?q=%E5%96%80%E6%8B%89%E6%8B%89%E9%82%A6%E6%85%95%E9%82%A3%E5%B0%94%E5%B8%82&FORM=HPCAPT&mkt=zh-cn","title":"","quiz":"\/search?q=Bing+homepage+quiz&filters=WQOskey:%22HPQuiz_20201215_MunnarMist%22&FORM=HPQUIZ","wp":true,"hsh":"3665f65cc49fed4e82f04091f2734f8a","drk":1,"top":1,"bot":1,"hs":[]}],"tooltips":{"loading":"\u6b63\u5728\u52a0\u8f7d...","previous":"\u4e0a\u4e00\u4e2a\u56fe\u50cf","next":"\u4e0b\u4e00\u4e2a\u56fe\u50cf","walle":"\u6b64\u56fe\u7247\u4e0d\u80fd\u4e0b\u8f7d\u7528\u4f5c\u58c1\u7eb8\u3002","walls":"\u4e0b\u8f7d\u4eca\u65e5\u7f8e\u56fe\u3002\u4ec5\u9650\u7528\u4f5c\u684c\u9762\u58c1\u7eb8\u3002"}}