{"images":[{"startdate":"20220506","fullstartdate":"202205061600","enddate":"20220507","url":"\/th?id=OHR.SwedishAntenna_ZH-CN9163420082_1920x1080.jpg&rf=LaDigue_1920x1080.jpg&pid=hp","urlbase":"\/th?id=OHR.SwedishAntenna_ZH-CN9163420082","copyright":"\u62c9\u897f\u62c9ESO\u5929\u6587\u53f0\u4e0a\u7684\u5929\u6587\u671b\u8fdc\u955c\u8bbe\u5907\uff0c\u667a\u5229 (\u00a9 Alberto Ghizzi Panizza\/Getty Images)","copyrightlink":"https:\/\/www.bing.com\/search?q=%E6%8B%89%E8%A5%BF%E6%8B%89%E5%A4%A9%E6%96%87%E5%8F%B0&form=hpcapt&mkt=zh-cn","title":"\u4ef0\u671b\u591c\u7a7a","quiz":"\/search?q=Bing+homepage+quiz&filters=WQOskey:%22HPQuiz_20220506_SwedishAntenna%22&FORM=HPQUIZ","wp":true,"hsh":"e2d489f8aa77a0f2711b7246da89336d","drk":1,"top":1,"bot":1,"hs":[]}],"tooltips":{"loading":"\u6b63\u5728\u52a0\u8f7d...","previous":"\u4e0a\u4e00\u4e2a\u56fe\u50cf","next":"\u4e0b\u4e00\u4e2a\u56fe\u50cf","walle":"\u6b64\u56fe\u7247\u4e0d\u80fd\u4e0b\u8f7d\u7528\u4f5c\u58c1\u7eb8\u3002","walls":"\u4e0b\u8f7d\u4eca\u65e5\u7f8e\u56fe\u3002\u4ec5\u9650\u7528\u4f5c\u684c\u9762\u58c1\u7eb8\u3002"}}