{"images":[{"startdate":"20211025","fullstartdate":"202110251600","enddate":"20211026","url":"\/th?id=OHR.RedFoxBlackForest_ZH-CN2253259942_1920x1080.jpg&rf=LaDigue_1920x1080.jpg&pid=hp","urlbase":"\/th?id=OHR.RedFoxBlackForest_ZH-CN2253259942","copyright":"\u9ed1\u6797\u5c71\u4e2d\u7684\u8d64\u72d0\uff0c\u5fb7\u56fd (\u00a9 Klaus Echle\/Minden Pictures)","copyrightlink":"https:\/\/www.bing.com\/search?q=%E8%B5%A4%E7%8B%90&form=hpcapt&mkt=zh-cn","title":"","quiz":"\/search?q=Bing+homepage+quiz&filters=WQOskey:%22HPQuiz_20211025_RedFoxBlackForest%22&FORM=HPQUIZ","wp":true,"hsh":"9ab0d3bd5be9a4856d205d111b9aae1e","drk":1,"top":1,"bot":1,"hs":[]}],"tooltips":{"loading":"\u6b63\u5728\u52a0\u8f7d...","previous":"\u4e0a\u4e00\u4e2a\u56fe\u50cf","next":"\u4e0b\u4e00\u4e2a\u56fe\u50cf","walle":"\u6b64\u56fe\u7247\u4e0d\u80fd\u4e0b\u8f7d\u7528\u4f5c\u58c1\u7eb8\u3002","walls":"\u4e0b\u8f7d\u4eca\u65e5\u7f8e\u56fe\u3002\u4ec5\u9650\u7528\u4f5c\u684c\u9762\u58c1\u7eb8\u3002"}}