{"images":[{"startdate":"20211029","fullstartdate":"202110291600","enddate":"20211030","url":"\/th?id=OHR.MistyForest_ZH-CN3024731044_1920x1080.jpg&rf=LaDigue_1920x1080.jpg&pid=hp","urlbase":"\/th?id=OHR.MistyForest_ZH-CN3024731044","copyright":"\u8584\u96fe\u7b3c\u7f69\u7684\u677e\u6811\u6797\uff0c\u8d8a\u5357 (\u00a9 Thanh Thuy\/Moment\/Getty Images)","copyrightlink":"https:\/\/www.bing.com\/search?q=%E6%9D%BE%E6%A0%91&form=hpcapt&mkt=zh-cn","title":"","quiz":"\/search?q=Bing+homepage+quiz&filters=WQOskey:%22HPQuiz_20211029_MistyForest%22&FORM=HPQUIZ","wp":true,"hsh":"48e8d04dec01b85465376e71c77f18b6","drk":1,"top":1,"bot":1,"hs":[]}],"tooltips":{"loading":"\u6b63\u5728\u52a0\u8f7d...","previous":"\u4e0a\u4e00\u4e2a\u56fe\u50cf","next":"\u4e0b\u4e00\u4e2a\u56fe\u50cf","walle":"\u6b64\u56fe\u7247\u4e0d\u80fd\u4e0b\u8f7d\u7528\u4f5c\u58c1\u7eb8\u3002","walls":"\u4e0b\u8f7d\u4eca\u65e5\u7f8e\u56fe\u3002\u4ec5\u9650\u7528\u4f5c\u684c\u9762\u58c1\u7eb8\u3002"}}