{"images":[{"startdate":"20210205","fullstartdate":"202102051600","enddate":"20210206","url":"\/th?id=OHR.MountSefton_ZH-CN4956097627_1920x1080.jpg&rf=LaDigue_1920x1080.jpg&pid=hp","urlbase":"\/th?id=OHR.MountSefton_ZH-CN4956097627","copyright":"\u5965\u62c9\u57fa\u5e93\u514b\u5c71\u56fd\u5bb6\u516c\u56ed\u4e2d\u7684\u585e\u592b\u987f\u5c71\uff0c\u65b0\u897f\u5170\u5357\u5c9b (\u00a9 AWL Images\/Danita Delimont)","copyrightlink":"https:\/\/www.bing.com\/search?q=%E5%A1%9E%E5%A4%AB%E9%A1%BF%E5%B1%B1&form=hpcapt&mkt=zh-cn","title":"","quiz":"\/search?q=Bing+homepage+quiz&filters=WQOskey:%22HPQuiz_20210205_MountSefton%22&FORM=HPQUIZ","wp":true,"hsh":"e7c19e86ae78a8d8aba6c2cfcfd5ae20","drk":1,"top":1,"bot":1,"hs":[]}],"tooltips":{"loading":"\u6b63\u5728\u52a0\u8f7d...","previous":"\u4e0a\u4e00\u4e2a\u56fe\u50cf","next":"\u4e0b\u4e00\u4e2a\u56fe\u50cf","walle":"\u6b64\u56fe\u7247\u4e0d\u80fd\u4e0b\u8f7d\u7528\u4f5c\u58c1\u7eb8\u3002","walls":"\u4e0b\u8f7d\u4eca\u65e5\u7f8e\u56fe\u3002\u4ec5\u9650\u7528\u4f5c\u684c\u9762\u58c1\u7eb8\u3002"}}