{"images":[{"startdate":"20220129","fullstartdate":"202201291600","enddate":"20220130","url":"\/th?id=OHR.WinterHalo_ZH-CN0666553211_1920x1080.jpg&rf=LaDigue_1920x1080.jpg&pid=hp","urlbase":"\/th?id=OHR.WinterHalo_ZH-CN0666553211","copyright":"\u5384\u5c14\u58eb\u5c71\u8109\u4e0a\u7684\u5149\u6655\uff0c\u5fb7\u56fd\u8428\u514b\u68ee\u5dde (\u00a9 Martin Ruegner\/Getty Images)","copyrightlink":"https:\/\/www.bing.com\/search?q=%E8%90%A8%E5%85%8B%E6%A3%AE%E8%87%AA%E7%94%B1%E5%B7%9E&form=hpcapt&mkt=zh-cn","title":"","quiz":"\/search?q=Bing+homepage+quiz&filters=WQOskey:%22HPQuiz_20220129_WinterHalo%22&FORM=HPQUIZ","wp":true,"hsh":"73547ba437fd7f38c94ae48fb060d2cd","drk":1,"top":1,"bot":1,"hs":[]}],"tooltips":{"loading":"\u6b63\u5728\u52a0\u8f7d...","previous":"\u4e0a\u4e00\u4e2a\u56fe\u50cf","next":"\u4e0b\u4e00\u4e2a\u56fe\u50cf","walle":"\u6b64\u56fe\u7247\u4e0d\u80fd\u4e0b\u8f7d\u7528\u4f5c\u58c1\u7eb8\u3002","walls":"\u4e0b\u8f7d\u4eca\u65e5\u7f8e\u56fe\u3002\u4ec5\u9650\u7528\u4f5c\u684c\u9762\u58c1\u7eb8\u3002"}}