{"images":[{"startdate":"20210223","fullstartdate":"202102231600","enddate":"20210224","url":"\/th?id=OHR.LeMorneBrabant_ZH-CN9699020288_1920x1080.jpg&rf=LaDigue_1920x1080.jpg&pid=hp","urlbase":"\/th?id=OHR.LeMorneBrabant_ZH-CN9699020288","copyright":"\u83ab\u7eb3\u5e03\u62c9\u73ed\u7279\u5c71\uff0c\u6bdb\u91cc\u6c42\u65af (\u00a9 Hemis\/Alamy)","copyrightlink":"https:\/\/www.bing.com\/search?q=%E8%8E%AB%E7%BA%B3%E5%B8%83%E6%8B%89%E7%8F%AD%E7%89%B9%E5%B1%B1&form=hpcapt&mkt=zh-cn","title":"","quiz":"\/search?q=Bing+homepage+quiz&filters=WQOskey:%22HPQuiz_20210223_LeMorneBrabant%22&FORM=HPQUIZ","wp":true,"hsh":"91652233f0ded9860a64a1e6b1dd58f6","drk":1,"top":1,"bot":1,"hs":[]}],"tooltips":{"loading":"\u6b63\u5728\u52a0\u8f7d...","previous":"\u4e0a\u4e00\u4e2a\u56fe\u50cf","next":"\u4e0b\u4e00\u4e2a\u56fe\u50cf","walle":"\u6b64\u56fe\u7247\u4e0d\u80fd\u4e0b\u8f7d\u7528\u4f5c\u58c1\u7eb8\u3002","walls":"\u4e0b\u8f7d\u4eca\u65e5\u7f8e\u56fe\u3002\u4ec5\u9650\u7528\u4f5c\u684c\u9762\u58c1\u7eb8\u3002"}}