{"images":[{"startdate":"20220125","fullstartdate":"202201251600","enddate":"20220126","url":"\/th?id=OHR.MehrangarhCourtyard_ZH-CN3216739355_1920x1080.jpg&rf=LaDigue_1920x1080.jpg&pid=hp","urlbase":"\/th?id=OHR.MehrangarhCourtyard_ZH-CN3216739355","copyright":"\u6885\u5170\u52a0\u5c14\u5821\uff0c\u5370\u5ea6\u7126\u7279\u5e03\u5c14 (\u00a9 Jayakumar\/Shutterstock)","copyrightlink":"https:\/\/www.bing.com\/search?q=%E6%A2%85%E5%85%B0%E5%8A%A0%E5%B0%94%E5%A0%A1&form=hpcapt&mkt=zh-cn","title":"","quiz":"\/search?q=Bing+homepage+quiz&filters=WQOskey:%22HPQuiz_20220125_MehrangarhCourtyard%22&FORM=HPQUIZ","wp":true,"hsh":"7a3a8deb1cf086aa016c6aad09c98566","drk":1,"top":1,"bot":1,"hs":[]}],"tooltips":{"loading":"\u6b63\u5728\u52a0\u8f7d...","previous":"\u4e0a\u4e00\u4e2a\u56fe\u50cf","next":"\u4e0b\u4e00\u4e2a\u56fe\u50cf","walle":"\u6b64\u56fe\u7247\u4e0d\u80fd\u4e0b\u8f7d\u7528\u4f5c\u58c1\u7eb8\u3002","walls":"\u4e0b\u8f7d\u4eca\u65e5\u7f8e\u56fe\u3002\u4ec5\u9650\u7528\u4f5c\u684c\u9762\u58c1\u7eb8\u3002"}}