{"images":[{"startdate":"20210426","fullstartdate":"202104261600","enddate":"20210427","url":"\/th?id=OHR.PrairieCrocus_ZH-CN8496150014_1920x1080.jpg&rf=LaDigue_1920x1080.jpg&pid=hp","urlbase":"\/th?id=OHR.PrairieCrocus_ZH-CN8496150014","copyright":"Sandilands\u7701\u7ea7\u68ee\u6797\u4e2d\u88ab\u767d\u971c\u8986\u76d6\u7684\u756a\u7ea2\u82b1\uff0c\u52a0\u62ff\u5927\u66fc\u5c3c\u6258\u5df4 (\u00a9 Jaynes Gallery\/Danita Delimont)","copyrightlink":"https:\/\/www.bing.com\/search?q=%E7%95%AA%E7%BA%A2%E8%8A%B1&form=hpcapt&mkt=zh-cn","title":"","quiz":"\/search?q=Bing+homepage+quiz&filters=WQOskey:%22HPQuiz_20210426_PrairieCrocus%22&FORM=HPQUIZ","wp":true,"hsh":"bb7ab6a74938fbe2959e0f48c940eef3","drk":1,"top":1,"bot":1,"hs":[]}],"tooltips":{"loading":"\u6b63\u5728\u52a0\u8f7d...","previous":"\u4e0a\u4e00\u4e2a\u56fe\u50cf","next":"\u4e0b\u4e00\u4e2a\u56fe\u50cf","walle":"\u6b64\u56fe\u7247\u4e0d\u80fd\u4e0b\u8f7d\u7528\u4f5c\u58c1\u7eb8\u3002","walls":"\u4e0b\u8f7d\u4eca\u65e5\u7f8e\u56fe\u3002\u4ec5\u9650\u7528\u4f5c\u684c\u9762\u58c1\u7eb8\u3002"}}