{"images":[{"startdate":"20210430","fullstartdate":"202104301600","enddate":"20210501","url":"\/th?id=OHR.GGTeaGarden_ZH-CN8933043250_1920x1080.jpg&rf=LaDigue_1920x1080.jpg&pid=hp","urlbase":"\/th?id=OHR.GGTeaGarden_ZH-CN8933043250","copyright":"\u91d1\u95e8\u516c\u56ed\u4e2d\u65e5\u672c\u8336\u56ed\u91cc\u76db\u5f00\u7684\u6a31\u82b1\uff0c\u52a0\u5dde\u65e7\u91d1\u5c71  (\u00a9 luisascanio\/iStock\/Getty Images)","copyrightlink":"https:\/\/www.bing.com\/search?q=%E9%87%91%E9%97%A8%E5%85%AC%E5%9B%AD&form=hpcapt&mkt=zh-cn","title":"","quiz":"\/search?q=Bing+homepage+quiz&filters=WQOskey:%22HPQuiz_20210430_GGTeaGarden%22&FORM=HPQUIZ","wp":true,"hsh":"cebdd5d0b7a8869c8628d4a57f8801c8","drk":1,"top":1,"bot":1,"hs":[]}],"tooltips":{"loading":"\u6b63\u5728\u52a0\u8f7d...","previous":"\u4e0a\u4e00\u4e2a\u56fe\u50cf","next":"\u4e0b\u4e00\u4e2a\u56fe\u50cf","walle":"\u6b64\u56fe\u7247\u4e0d\u80fd\u4e0b\u8f7d\u7528\u4f5c\u58c1\u7eb8\u3002","walls":"\u4e0b\u8f7d\u4eca\u65e5\u7f8e\u56fe\u3002\u4ec5\u9650\u7528\u4f5c\u684c\u9762\u58c1\u7eb8\u3002"}}