{"images":[{"startdate":"20211007","fullstartdate":"202110071600","enddate":"20211008","url":"\/th?id=OHR.FriendlyOctopus_ZH-CN2519447724_1920x1080.jpg&rf=LaDigue_1920x1080.jpg&pid=hp","urlbase":"\/th?id=OHR.FriendlyOctopus_ZH-CN2519447724","copyright":"\u6d77\u8349\u4e2d\u7684\u7ae0\u9c7c\uff0c\u6cd5\u56fd\u5229\u7fc1\u6e7e (\u00a9 BIOSPHOTO\/Alamy)","copyrightlink":"https:\/\/www.bing.com\/search?q=%E7%AB%A0%E9%B1%BC&form=hpcapt&mkt=zh-cn","title":"","quiz":"\/search?q=Bing+homepage+quiz&filters=WQOskey:%22HPQuiz_20211007_FriendlyOctopus%22&FORM=HPQUIZ","wp":true,"hsh":"2e4cdcc79efcd8dd814ce96c12f19125","drk":1,"top":1,"bot":1,"hs":[]}],"tooltips":{"loading":"\u6b63\u5728\u52a0\u8f7d...","previous":"\u4e0a\u4e00\u4e2a\u56fe\u50cf","next":"\u4e0b\u4e00\u4e2a\u56fe\u50cf","walle":"\u6b64\u56fe\u7247\u4e0d\u80fd\u4e0b\u8f7d\u7528\u4f5c\u58c1\u7eb8\u3002","walls":"\u4e0b\u8f7d\u4eca\u65e5\u7f8e\u56fe\u3002\u4ec5\u9650\u7528\u4f5c\u684c\u9762\u58c1\u7eb8\u3002"}}