{"images":[{"startdate":"20201219","fullstartdate":"202012191600","enddate":"20201220","url":"\/th?id=OHR.BabyGoat_ZH-CN7863798344_1920x1080.jpg&rf=LaDigue_1920x1080.jpg&pid=hp","urlbase":"\/th?id=OHR.BabyGoat_ZH-CN7863798344","copyright":"\u8499\u5927\u62ff\u5dde\u897f\u90e8\u7684\u5c0f\u96ea\u7f8a (\u00a9 Donald M. Jones\/Minden Pictures)","copyrightlink":"https:\/\/www.bing.com\/search?q=%E5%B0%8F%E9%9B%AA%E7%BE%8A&form=hpcapt&mkt=zh-cn","title":"","quiz":"\/search?q=Bing+homepage+quiz&filters=WQOskey:%22HPQuiz_20201219_BabyGoat%22&FORM=HPQUIZ","wp":true,"hsh":"c85b9f29a6dbdd03b996b1be2d03e148","drk":1,"top":1,"bot":1,"hs":[]}],"tooltips":{"loading":"\u6b63\u5728\u52a0\u8f7d...","previous":"\u4e0a\u4e00\u4e2a\u56fe\u50cf","next":"\u4e0b\u4e00\u4e2a\u56fe\u50cf","walle":"\u6b64\u56fe\u7247\u4e0d\u80fd\u4e0b\u8f7d\u7528\u4f5c\u58c1\u7eb8\u3002","walls":"\u4e0b\u8f7d\u4eca\u65e5\u7f8e\u56fe\u3002\u4ec5\u9650\u7528\u4f5c\u684c\u9762\u58c1\u7eb8\u3002"}}