{"images":[{"startdate":"20210928","fullstartdate":"202109281600","enddate":"20210929","url":"\/th?id=OHR.WoodBison_ZH-CN0663388789_1920x1080.jpg&rf=LaDigue_1920x1080.jpg&pid=hp","urlbase":"\/th?id=OHR.WoodBison_ZH-CN0663388789","copyright":"\u52a0\u62ff\u5927\u897f\u5317\u90e8\u7684\u4e00\u5934\u7f8e\u6d32\u91ce\u725b (\u00a9 Don Johnston\/agefotostock)","copyrightlink":"https:\/\/www.bing.com\/search?q=%E7%BE%8E%E6%B4%B2%E9%87%8E%E7%89%9B&form=hpcapt&mkt=zh-cn","title":"","quiz":"\/search?q=Bing+homepage+quiz&filters=WQOskey:%22HPQuiz_20210928_WoodBison%22&FORM=HPQUIZ","wp":true,"hsh":"3172951965e2b77f06389270ab1b9554","drk":1,"top":1,"bot":1,"hs":[]}],"tooltips":{"loading":"\u6b63\u5728\u52a0\u8f7d...","previous":"\u4e0a\u4e00\u4e2a\u56fe\u50cf","next":"\u4e0b\u4e00\u4e2a\u56fe\u50cf","walle":"\u6b64\u56fe\u7247\u4e0d\u80fd\u4e0b\u8f7d\u7528\u4f5c\u58c1\u7eb8\u3002","walls":"\u4e0b\u8f7d\u4eca\u65e5\u7f8e\u56fe\u3002\u4ec5\u9650\u7528\u4f5c\u684c\u9762\u58c1\u7eb8\u3002"}}