{"images":[{"startdate":"20210112","fullstartdate":"202101121600","enddate":"20210113","url":"\/th?id=OHR.BolivianSummer_ZH-CN0179997340_1920x1080.jpg&rf=LaDigue_1920x1080.jpg&pid=hp","urlbase":"\/th?id=OHR.BolivianSummer_ZH-CN0179997340","copyright":"\u7231\u5fb7\u963f\u90fd\u00b7\u963f\u74e6\u7f57\u00b7\u5b89\u7b2c\u65af\u56fd\u5bb6\u4fdd\u62a4\u533a\u5185\u7684\u706b\u70c8\u9e1f\uff0c\u73bb\u5229\u7ef4\u4e9a (\u00a9 Art Wolfe\/Danita Delimont)","copyrightlink":"https:\/\/www.bing.com\/search?q=%E7%81%AB%E7%83%88%E9%B8%9F&form=hpcapt&mkt=zh-cn","title":"","quiz":"\/search?q=Bing+homepage+quiz&filters=WQOskey:%22HPQuiz_20210112_BolivianSummer%22&FORM=HPQUIZ","wp":true,"hsh":"4b332c28e19777d114bd0f144ce42015","drk":1,"top":1,"bot":1,"hs":[]}],"tooltips":{"loading":"\u6b63\u5728\u52a0\u8f7d...","previous":"\u4e0a\u4e00\u4e2a\u56fe\u50cf","next":"\u4e0b\u4e00\u4e2a\u56fe\u50cf","walle":"\u6b64\u56fe\u7247\u4e0d\u80fd\u4e0b\u8f7d\u7528\u4f5c\u58c1\u7eb8\u3002","walls":"\u4e0b\u8f7d\u4eca\u65e5\u7f8e\u56fe\u3002\u4ec5\u9650\u7528\u4f5c\u684c\u9762\u58c1\u7eb8\u3002"}}