{"images":[{"startdate":"20220305","fullstartdate":"202203051600","enddate":"20220306","url":"\/th?id=OHR.GreatCormorants_ZH-CN6811149253_1920x1080.jpg&rf=LaDigue_1920x1080.jpg&pid=hp","urlbase":"\/th?id=OHR.GreatCormorants_ZH-CN6811149253","copyright":"\u5728\u66b4\u98ce\u96ea\u4e2d\u7545\u6e38\u7684\u9e2c\u9e5a\uff0c\u5fb7\u56fd\u9ed1\u68ee\u5dde (\u00a9 Wilfried Martin\/Getty Images)","copyrightlink":"https:\/\/www.bing.com\/search?q=%E9%B8%AC%E9%B9%9A&form=hpcapt&mkt=zh-cn","title":"\u9e2c\u9e5a\u7684\u884c\u519b","quiz":"\/search?q=Bing+homepage+quiz&filters=WQOskey:%22HPQuiz_20220305_GreatCormorants%22&FORM=HPQUIZ","wp":true,"hsh":"97be84f4503139001369650bcc2abdc5","drk":1,"top":1,"bot":1,"hs":[]}],"tooltips":{"loading":"\u6b63\u5728\u52a0\u8f7d...","previous":"\u4e0a\u4e00\u4e2a\u56fe\u50cf","next":"\u4e0b\u4e00\u4e2a\u56fe\u50cf","walle":"\u6b64\u56fe\u7247\u4e0d\u80fd\u4e0b\u8f7d\u7528\u4f5c\u58c1\u7eb8\u3002","walls":"\u4e0b\u8f7d\u4eca\u65e5\u7f8e\u56fe\u3002\u4ec5\u9650\u7528\u4f5c\u684c\u9762\u58c1\u7eb8\u3002"}}