{"images":[{"startdate":"20210804","fullstartdate":"202108041600","enddate":"20210805","url":"\/th?id=OHR.DorsetPinnacles_ZH-CN2764578102_1920x1080.jpg&rf=LaDigue_1920x1080.jpg&pid=hp","urlbase":"\/th?id=OHR.DorsetPinnacles_ZH-CN2764578102","copyright":"\u6ce2\u767d\u514b\u5c9b\u7684\u5c0f\u5c16\u5854\u5ca9\u77f3\uff0c\u82f1\u683c\u5170\u591a\u585e\u7279 (\u00a9 James Osmond\/Alamy)","copyrightlink":"https:\/\/www.bing.com\/search?q=%E5%A4%9A%E5%A1%9E%E7%89%B9&form=hpcapt&mkt=zh-cn","title":"","quiz":"\/search?q=Bing+homepage+quiz&filters=WQOskey:%22HPQuiz_20210804_DorsetPinnacles%22&FORM=HPQUIZ","wp":true,"hsh":"11c37bf7de851c60567adcfa40cfef4d","drk":1,"top":1,"bot":1,"hs":[]}],"tooltips":{"loading":"\u6b63\u5728\u52a0\u8f7d...","previous":"\u4e0a\u4e00\u4e2a\u56fe\u50cf","next":"\u4e0b\u4e00\u4e2a\u56fe\u50cf","walle":"\u6b64\u56fe\u7247\u4e0d\u80fd\u4e0b\u8f7d\u7528\u4f5c\u58c1\u7eb8\u3002","walls":"\u4e0b\u8f7d\u4eca\u65e5\u7f8e\u56fe\u3002\u4ec5\u9650\u7528\u4f5c\u684c\u9762\u58c1\u7eb8\u3002"}}