{"images":[{"startdate":"20211016","fullstartdate":"202110161600","enddate":"20211017","url":"\/th?id=OHR.Whakarewarewa_ZH-CN4957778498_1920x1080.jpg&rf=LaDigue_1920x1080.jpg&pid=hp","urlbase":"\/th?id=OHR.Whakarewarewa_ZH-CN4957778498","copyright":"\u534e\u5361\u96f7\u74e6\u96f7\u74e6\u68ee\u6797\u7684\u7ea2\u6728\u7eaa\u5ff5\u6811\u6797\uff0c\u65b0\u897f\u5170\u5317\u5c9b (\u00a9 Michael Breitung\/Huber\/eStock Photo)","copyrightlink":"https:\/\/www.bing.com\/search?q=%E5%8D%8E%E5%8D%A1%E9%9B%B7%E7%93%A6%E9%9B%B7%E7%93%A6&form=hpcapt&mkt=zh-cn","title":"","quiz":"\/search?q=Bing+homepage+quiz&filters=WQOskey:%22HPQuiz_20211016_Whakarewarewa%22&FORM=HPQUIZ","wp":true,"hsh":"fe429bf30178a4a9e451a9773c9c9ffe","drk":1,"top":1,"bot":1,"hs":[]}],"tooltips":{"loading":"\u6b63\u5728\u52a0\u8f7d...","previous":"\u4e0a\u4e00\u4e2a\u56fe\u50cf","next":"\u4e0b\u4e00\u4e2a\u56fe\u50cf","walle":"\u6b64\u56fe\u7247\u4e0d\u80fd\u4e0b\u8f7d\u7528\u4f5c\u58c1\u7eb8\u3002","walls":"\u4e0b\u8f7d\u4eca\u65e5\u7f8e\u56fe\u3002\u4ec5\u9650\u7528\u4f5c\u684c\u9762\u58c1\u7eb8\u3002"}}