{"images":[{"startdate":"20210929","fullstartdate":"202109291600","enddate":"20210930","url":"\/th?id=OHR.ContainerShip_ZH-CN0850122021_1920x1080.jpg&rf=LaDigue_1920x1080.jpg&pid=hp","urlbase":"\/th?id=OHR.ContainerShip_ZH-CN0850122021","copyright":"\u52a0\u5229\u798f\u5c3c\u4e9a\u5dde\u7684\u4e00\u8258\u96c6\u88c5\u7bb1\u8239\uff0c\u7f8e\u56fd (\u00a9 Cameron Venti\/Getty Images)","copyrightlink":"https:\/\/www.bing.com\/search?q=%E9%9B%86%E8%A3%85%E7%AE%B1%E8%88%B9&form=hpcapt&mkt=zh-cn","title":"","quiz":"\/search?q=Bing+homepage+quiz&filters=WQOskey:%22HPQuiz_20210929_ContainerShip%22&FORM=HPQUIZ","wp":true,"hsh":"e0baa932963a8090de25762d6d1376ed","drk":1,"top":1,"bot":1,"hs":[]}],"tooltips":{"loading":"\u6b63\u5728\u52a0\u8f7d...","previous":"\u4e0a\u4e00\u4e2a\u56fe\u50cf","next":"\u4e0b\u4e00\u4e2a\u56fe\u50cf","walle":"\u6b64\u56fe\u7247\u4e0d\u80fd\u4e0b\u8f7d\u7528\u4f5c\u58c1\u7eb8\u3002","walls":"\u4e0b\u8f7d\u4eca\u65e5\u7f8e\u56fe\u3002\u4ec5\u9650\u7528\u4f5c\u684c\u9762\u58c1\u7eb8\u3002"}}