{"images":[{"startdate":"20210310","fullstartdate":"202103101600","enddate":"20210311","url":"\/th?id=OHR.CapePerpetua_ZH-CN4150223705_1920x1080.jpg&rf=LaDigue_1920x1080.jpg&pid=hp","urlbase":"\/th?id=OHR.CapePerpetua_ZH-CN4150223705","copyright":"\u4fc4\u52d2\u5188\u6d77\u5cb8\u4f69\u84d3\u89d2\u7684\u96f7\u795e\u4e4b\u4e95 (\u00a9 Cavan Images\/Offset by Shutterstock)","copyrightlink":"https:\/\/www.bing.com\/search?q=%E4%BF%84%E5%8B%92%E5%86%88%E6%B5%B7%E5%B2%B8&form=hpcapt&mkt=zh-cn","title":"","quiz":"\/search?q=Bing+homepage+quiz&filters=WQOskey:%22HPQuiz_20210310_CapePerpetua%22&FORM=HPQUIZ","wp":true,"hsh":"3aba334281b6d39f9f6d536ab3a1c614","drk":1,"top":1,"bot":1,"hs":[]}],"tooltips":{"loading":"\u6b63\u5728\u52a0\u8f7d...","previous":"\u4e0a\u4e00\u4e2a\u56fe\u50cf","next":"\u4e0b\u4e00\u4e2a\u56fe\u50cf","walle":"\u6b64\u56fe\u7247\u4e0d\u80fd\u4e0b\u8f7d\u7528\u4f5c\u58c1\u7eb8\u3002","walls":"\u4e0b\u8f7d\u4eca\u65e5\u7f8e\u56fe\u3002\u4ec5\u9650\u7528\u4f5c\u684c\u9762\u58c1\u7eb8\u3002"}}