{"images":[{"startdate":"20211217","fullstartdate":"202112171600","enddate":"20211218","url":"\/th?id=OHR.WinterRoofs_ZH-CN5091303265_1920x1080.jpg&rf=LaDigue_1920x1080.jpg&pid=hp","urlbase":"\/th?id=OHR.WinterRoofs_ZH-CN5091303265","copyright":"\u963f\u5c14\u8428\u65af\u7684\u8461\u8404\u9152\u6751\uff0c\u6cd5\u56fd\u4e0a\u83b1\u8335\u7701 (\u00a9 Walter Bibikow\/eStock Photo)","copyrightlink":"https:\/\/www.bing.com\/search?q=%E9%98%BF%E5%B0%94%E8%90%A8%E6%96%AF%E7%9A%84%E8%91%A1%E8%90%84%E9%85%92%E6%9D%91&form=hpcapt&mkt=zh-cn","title":"","quiz":"\/search?q=Bing+homepage+quiz&filters=WQOskey:%22HPQuiz_20211217_WinterRoofs%22&FORM=HPQUIZ","wp":true,"hsh":"9055eae30aae0db130c3eaa8685e4a27","drk":1,"top":1,"bot":1,"hs":[]}],"tooltips":{"loading":"\u6b63\u5728\u52a0\u8f7d...","previous":"\u4e0a\u4e00\u4e2a\u56fe\u50cf","next":"\u4e0b\u4e00\u4e2a\u56fe\u50cf","walle":"\u6b64\u56fe\u7247\u4e0d\u80fd\u4e0b\u8f7d\u7528\u4f5c\u58c1\u7eb8\u3002","walls":"\u4e0b\u8f7d\u4eca\u65e5\u7f8e\u56fe\u3002\u4ec5\u9650\u7528\u4f5c\u684c\u9762\u58c1\u7eb8\u3002"}}