{"images":[{"startdate":"20210715","fullstartdate":"202107151600","enddate":"20210716","url":"\/th?id=OHR.MontChoisy_ZH-CN5381112230_1920x1080.jpg&rf=LaDigue_1920x1080.jpg&pid=hp","urlbase":"\/th?id=OHR.MontChoisy_ZH-CN5381112230","copyright":"\u8499\u8212\u74e6\u897f\u6d77\u6ee9\uff0c\u6bdb\u91cc\u6c42\u65af (\u00a9 Robert Harding World Imagery\/Offset by Shutterstock)","copyrightlink":"https:\/\/www.bing.com\/search?q=%E6%AF%9B%E9%87%8C%E6%B1%82%E6%96%AF&form=hpcapt&mkt=zh-cn","title":"","quiz":"\/search?q=Bing+homepage+quiz&filters=WQOskey:%22HPQuiz_20210715_MontChoisy%22&FORM=HPQUIZ","wp":true,"hsh":"b5dc59c40530bafc99e6b3133fa9f1af","drk":1,"top":1,"bot":1,"hs":[]}],"tooltips":{"loading":"\u6b63\u5728\u52a0\u8f7d...","previous":"\u4e0a\u4e00\u4e2a\u56fe\u50cf","next":"\u4e0b\u4e00\u4e2a\u56fe\u50cf","walle":"\u6b64\u56fe\u7247\u4e0d\u80fd\u4e0b\u8f7d\u7528\u4f5c\u58c1\u7eb8\u3002","walls":"\u4e0b\u8f7d\u4eca\u65e5\u7f8e\u56fe\u3002\u4ec5\u9650\u7528\u4f5c\u684c\u9762\u58c1\u7eb8\u3002"}}