{"images":[{"startdate":"20210611","fullstartdate":"202106111600","enddate":"20210612","url":"\/th?id=OHR.BBNPGrande_ZH-CN4071551965_1920x1080.jpg&rf=LaDigue_1920x1080.jpg&pid=hp","urlbase":"\/th?id=OHR.BBNPGrande_ZH-CN4071551965","copyright":"\u5927\u5f2f\u56fd\u5bb6\u516c\u56ed\u4e2d\u91cc\u5965\u683c\u5170\u5fb7\u6cb3\u7684\u666f\u8272\uff0c\u5fb7\u514b\u8428\u65af\u5dde (\u00a9 Ian Shive\/Tandem Stills + Motion)","copyrightlink":"https:\/\/www.bing.com\/search?q=%E6%A0%BC%E5%85%B0%E5%BE%B7%E6%B2%B3&form=hpcapt&mkt=zh-cn","title":"","quiz":"\/search?q=Bing+homepage+quiz&filters=WQOskey:%22HPQuiz_20210611_BBNPGrande%22&FORM=HPQUIZ","wp":true,"hsh":"5763036769148e191592dbbd8b6c8400","drk":1,"top":1,"bot":1,"hs":[]}],"tooltips":{"loading":"\u6b63\u5728\u52a0\u8f7d...","previous":"\u4e0a\u4e00\u4e2a\u56fe\u50cf","next":"\u4e0b\u4e00\u4e2a\u56fe\u50cf","walle":"\u6b64\u56fe\u7247\u4e0d\u80fd\u4e0b\u8f7d\u7528\u4f5c\u58c1\u7eb8\u3002","walls":"\u4e0b\u8f7d\u4eca\u65e5\u7f8e\u56fe\u3002\u4ec5\u9650\u7528\u4f5c\u684c\u9762\u58c1\u7eb8\u3002"}}