{"images":[{"startdate":"20201217","fullstartdate":"202012171600","enddate":"20201218","url":"\/th?id=OHR.TreCime_ZH-CN7609469681_1920x1080.jpg&rf=LaDigue_1920x1080.jpg&pid=hp","urlbase":"\/th?id=OHR.TreCime_ZH-CN7609469681","copyright":"\u4ece\u73af\u7ed5\u5c71\u5cf0\u7684\u5c0f\u5f84\u6700\u9ad8\u70b9\u770b\u5230\u7684\u62c9\u74e6\u83b1\u591a\u4e09\u5cf0\u5c71\uff0c\u610f\u5927\u5229 (\u00a9 AWL Images\/Danita Delimont)","copyrightlink":"https:\/\/www.bing.com\/search?q=%E6%8B%89%E7%93%A6%E8%8E%B1%E5%A4%9A%E4%B8%89%E5%B3%B0%E5%B1%B1&form=hpcapt&mkt=zh-cn","title":"","quiz":"\/search?q=Bing+homepage+quiz&filters=WQOskey:%22HPQuiz_20201217_TreCime%22&FORM=HPQUIZ","wp":true,"hsh":"6eb44f06c90c0ea7eaf67d3103459460","drk":1,"top":1,"bot":1,"hs":[]}],"tooltips":{"loading":"\u6b63\u5728\u52a0\u8f7d...","previous":"\u4e0a\u4e00\u4e2a\u56fe\u50cf","next":"\u4e0b\u4e00\u4e2a\u56fe\u50cf","walle":"\u6b64\u56fe\u7247\u4e0d\u80fd\u4e0b\u8f7d\u7528\u4f5c\u58c1\u7eb8\u3002","walls":"\u4e0b\u8f7d\u4eca\u65e5\u7f8e\u56fe\u3002\u4ec5\u9650\u7528\u4f5c\u684c\u9762\u58c1\u7eb8\u3002"}}