{"images":[{"startdate":"20211022","fullstartdate":"202110221600","enddate":"20211023","url":"\/th?id=OHR.ScopsOwl_ZH-CN1547209464_1920x1080.jpg&rf=LaDigue_1920x1080.jpg&pid=hp","urlbase":"\/th?id=OHR.ScopsOwl_ZH-CN1547209464","copyright":"\u6ce2\u897f\u7c73\u4e9a\u745e\u58eb\u56fd\u5bb6\u516c\u56ed\u91cc\u7684\u7ea2\u89d2\u9e2e\uff0c\u6377\u514b\u5171\u548c\u56fd (\u00a9 Milan Zygmunt\/Alamy)","copyrightlink":"https:\/\/www.bing.com\/search?q=%E7%BA%A2%E8%A7%92%E9%B8%AE&form=hpcapt&mkt=zh-cn","title":"","quiz":"\/search?q=Bing+homepage+quiz&filters=WQOskey:%22HPQuiz_20211022_ScopsOwl%22&FORM=HPQUIZ","wp":true,"hsh":"c4114b656cac60f80894009bf163d6c6","drk":1,"top":1,"bot":1,"hs":[]}],"tooltips":{"loading":"\u6b63\u5728\u52a0\u8f7d...","previous":"\u4e0a\u4e00\u4e2a\u56fe\u50cf","next":"\u4e0b\u4e00\u4e2a\u56fe\u50cf","walle":"\u6b64\u56fe\u7247\u4e0d\u80fd\u4e0b\u8f7d\u7528\u4f5c\u58c1\u7eb8\u3002","walls":"\u4e0b\u8f7d\u4eca\u65e5\u7f8e\u56fe\u3002\u4ec5\u9650\u7528\u4f5c\u684c\u9762\u58c1\u7eb8\u3002"}}