{"images":[{"startdate":"20201218","fullstartdate":"202012181600","enddate":"20201219","url":"\/th?id=OHR.Siguniangshan_ZH-CN7772066391_1920x1080.jpg&rf=LaDigue_1920x1080.jpg&pid=hp","urlbase":"\/th?id=OHR.Siguniangshan_ZH-CN7772066391","copyright":"\u6e05\u6668\u7ed3\u4e86\u971c\u7684\u6811\u6797\uff0c\u4e2d\u56fd\u56db\u59d1\u5a18\u5c71 (\u00a9 Robert Harding World Imagery\/Offset by Shutterstock)","copyrightlink":"https:\/\/www.bing.com\/search?q=%E5%9B%9B%E5%A7%91%E5%A8%98%E5%B1%B1&form=hpcapt&mkt=zh-cn","title":"","quiz":"\/search?q=Bing+homepage+quiz&filters=WQOskey:%22HPQuiz_20201218_Siguniangshan%22&FORM=HPQUIZ","wp":true,"hsh":"31790d6d76d63b94b60ce4a0ce172f83","drk":1,"top":1,"bot":1,"hs":[]}],"tooltips":{"loading":"\u6b63\u5728\u52a0\u8f7d...","previous":"\u4e0a\u4e00\u4e2a\u56fe\u50cf","next":"\u4e0b\u4e00\u4e2a\u56fe\u50cf","walle":"\u6b64\u56fe\u7247\u4e0d\u80fd\u4e0b\u8f7d\u7528\u4f5c\u58c1\u7eb8\u3002","walls":"\u4e0b\u8f7d\u4eca\u65e5\u7f8e\u56fe\u3002\u4ec5\u9650\u7528\u4f5c\u684c\u9762\u58c1\u7eb8\u3002"}}