{"images":[{"startdate":"20210515","fullstartdate":"202105151600","enddate":"20210516","url":"\/th?id=OHR.Guatape_ZH-CN9344556154_1920x1080.jpg&rf=LaDigue_1920x1080.jpg&pid=hp","urlbase":"\/th?id=OHR.Guatape_ZH-CN9344556154","copyright":"\u9e1f\u77b0\u74dc\u5854\u4f69\u5de8\u5ca9\uff0c\u54e5\u4f26\u6bd4\u4e9a\u74dc\u5854\u4f69 (\u00a9 Amazing Aerial Agency\/Offset by Shutterstock)","copyrightlink":"https:\/\/www.bing.com\/search?q=%E7%93%9C%E5%A1%94%E4%BD%A9%E5%B7%A8%E5%B2%A9&form=hpcapt&mkt=zh-cn","title":"","quiz":"\/search?q=Bing+homepage+quiz&filters=WQOskey:%22HPQuiz_20210515_Guatape%22&FORM=HPQUIZ","wp":true,"hsh":"97199fcfe82c354aaa8c630a1f7ec280","drk":1,"top":1,"bot":1,"hs":[]}],"tooltips":{"loading":"\u6b63\u5728\u52a0\u8f7d...","previous":"\u4e0a\u4e00\u4e2a\u56fe\u50cf","next":"\u4e0b\u4e00\u4e2a\u56fe\u50cf","walle":"\u6b64\u56fe\u7247\u4e0d\u80fd\u4e0b\u8f7d\u7528\u4f5c\u58c1\u7eb8\u3002","walls":"\u4e0b\u8f7d\u4eca\u65e5\u7f8e\u56fe\u3002\u4ec5\u9650\u7528\u4f5c\u684c\u9762\u58c1\u7eb8\u3002"}}