{"images":[{"startdate":"20210509","fullstartdate":"202105091600","enddate":"20210510","url":"\/th?id=OHR.TulpenMiesbach_ZH-CN8593652929_1920x1080.jpg&rf=LaDigue_1920x1080.jpg&pid=hp","urlbase":"\/th?id=OHR.TulpenMiesbach_ZH-CN8593652929","copyright":"\u7c73\u65af\u5df4\u8d6b\u7684\u90c1\u91d1\u9999\u7530\uff0c\u5fb7\u56fd\u5df4\u4f10\u5229\u4e9a\u5dde (\u00a9 R\u00fcdiger Hess\/geo-select FotoArt)","copyrightlink":"https:\/\/www.bing.com\/search?q=%E9%83%81%E9%87%91%E9%A6%99&form=hpcapt&mkt=zh-cn","title":"","quiz":"\/search?q=Bing+homepage+quiz&filters=WQOskey:%22HPQuiz_20210509_TulpenMiesbach%22&FORM=HPQUIZ","wp":true,"hsh":"f6dcca1a0c4af911aa69a3dda148f3b9","drk":1,"top":1,"bot":1,"hs":[]}],"tooltips":{"loading":"\u6b63\u5728\u52a0\u8f7d...","previous":"\u4e0a\u4e00\u4e2a\u56fe\u50cf","next":"\u4e0b\u4e00\u4e2a\u56fe\u50cf","walle":"\u6b64\u56fe\u7247\u4e0d\u80fd\u4e0b\u8f7d\u7528\u4f5c\u58c1\u7eb8\u3002","walls":"\u4e0b\u8f7d\u4eca\u65e5\u7f8e\u56fe\u3002\u4ec5\u9650\u7528\u4f5c\u684c\u9762\u58c1\u7eb8\u3002"}}