{"images":[{"startdate":"20210311","fullstartdate":"202103111600","enddate":"20210312","url":"\/th?id=OHR.EibseeSpring_ZH-CN8314763420_1920x1080.jpg&rf=LaDigue_1920x1080.jpg&pid=hp","urlbase":"\/th?id=OHR.EibseeSpring_ZH-CN8314763420","copyright":"\u5012\u6620\u5728\u827e\u5e03\u6e56\u4e0a\u7684\u695a\u683c\u5cf0\uff0c\u5fb7\u56fd\u5df4\u4f10\u5229\u4e9a (\u00a9 Martin Siepmann\/Westend61\/Offset by Shutterstock)","copyrightlink":"https:\/\/www.bing.com\/search?q=%E6%A5%9A%E6%A0%BC%E5%B3%B0&form=hpcapt&mkt=zh-cn","title":"","quiz":"\/search?q=Bing+homepage+quiz&filters=WQOskey:%22HPQuiz_20210311_EibseeSpring%22&FORM=HPQUIZ","wp":true,"hsh":"a3e6a85f3222001c634b18686df8d977","drk":1,"top":1,"bot":1,"hs":[]}],"tooltips":{"loading":"\u6b63\u5728\u52a0\u8f7d...","previous":"\u4e0a\u4e00\u4e2a\u56fe\u50cf","next":"\u4e0b\u4e00\u4e2a\u56fe\u50cf","walle":"\u6b64\u56fe\u7247\u4e0d\u80fd\u4e0b\u8f7d\u7528\u4f5c\u58c1\u7eb8\u3002","walls":"\u4e0b\u8f7d\u4eca\u65e5\u7f8e\u56fe\u3002\u4ec5\u9650\u7528\u4f5c\u684c\u9762\u58c1\u7eb8\u3002"}}