{"images":[{"startdate":"20210615","fullstartdate":"202106151600","enddate":"20210616","url":"\/th?id=OHR.GBRTurtle_ZH-CN6069093254_1920x1080.jpg&rf=LaDigue_1920x1080.jpg&pid=hp","urlbase":"\/th?id=OHR.GBRTurtle_ZH-CN6069093254","copyright":"\u6b63\u5728\u6f5c\u6c34\u7684\u7eff\u8835\u9f9f\uff0c\u6fb3\u5927\u5229\u4e9a\u5927\u5821\u7901 (\u00a9 imageBROKER\/Alamy)","copyrightlink":"https:\/\/www.bing.com\/search?q=%E7%BB%BF%E8%A0%B5%E9%BE%9F&form=hpcapt&mkt=zh-cn","title":"","quiz":"\/search?q=Bing+homepage+quiz&filters=WQOskey:%22HPQuiz_20210615_GBRTurtle%22&FORM=HPQUIZ","wp":true,"hsh":"0e13411277ca6e7c6959b98501c067b4","drk":1,"top":1,"bot":1,"hs":[]}],"tooltips":{"loading":"\u6b63\u5728\u52a0\u8f7d...","previous":"\u4e0a\u4e00\u4e2a\u56fe\u50cf","next":"\u4e0b\u4e00\u4e2a\u56fe\u50cf","walle":"\u6b64\u56fe\u7247\u4e0d\u80fd\u4e0b\u8f7d\u7528\u4f5c\u58c1\u7eb8\u3002","walls":"\u4e0b\u8f7d\u4eca\u65e5\u7f8e\u56fe\u3002\u4ec5\u9650\u7528\u4f5c\u684c\u9762\u58c1\u7eb8\u3002"}}