{"images":[{"startdate":"20210108","fullstartdate":"202101081600","enddate":"20210109","url":"\/th?id=OHR.SpanishSeaSlug_ZH-CN9583688017_1920x1080.jpg&rf=LaDigue_1920x1080.jpg&pid=hp","urlbase":"\/th?id=OHR.SpanishSeaSlug_ZH-CN9583688017","copyright":"\u5723\u5361\u5854\u5229\u5a1c\u5c9b\u9644\u8fd1\u6d77\u85fb\u4e0a\u7684\u897f\u73ed\u7259\u62ab\u80a9\u6d77\u86de\u8753\uff0c\u52a0\u5229\u798f\u5c3c\u4e9a\u6d77\u5ce1\u7fa4\u5c9b (\u00a9 WaterFrame\/Alamy)","copyrightlink":"https:\/\/www.bing.com\/search?q=%E8%A5%BF%E7%8F%AD%E7%89%99%E6%8A%AB%E8%82%A9%E6%B5%B7%E8%9B%9E%E8%9D%93&form=hpcapt&mkt=zh-cn","title":"","quiz":"\/search?q=Bing+homepage+quiz&filters=WQOskey:%22HPQuiz_20210108_SpanishSeaSlug%22&FORM=HPQUIZ","wp":true,"hsh":"86f144c4e3629665246de1ec298238f9","drk":1,"top":1,"bot":1,"hs":[]}],"tooltips":{"loading":"\u6b63\u5728\u52a0\u8f7d...","previous":"\u4e0a\u4e00\u4e2a\u56fe\u50cf","next":"\u4e0b\u4e00\u4e2a\u56fe\u50cf","walle":"\u6b64\u56fe\u7247\u4e0d\u80fd\u4e0b\u8f7d\u7528\u4f5c\u58c1\u7eb8\u3002","walls":"\u4e0b\u8f7d\u4eca\u65e5\u7f8e\u56fe\u3002\u4ec5\u9650\u7528\u4f5c\u684c\u9762\u58c1\u7eb8\u3002"}}