{"images":[{"startdate":"20210407","fullstartdate":"202104071600","enddate":"20210408","url":"\/th?id=OHR.TetraoTetrix_ZH-CN3813461274_1920x1080.jpg&rf=LaDigue_1920x1080.jpg&pid=hp","urlbase":"\/th?id=OHR.TetraoTetrix_ZH-CN3813461274","copyright":"\u6b63\u5728\u6253\u9e23\u6c42\u5076\u7684\u96c4\u6027\u9ed1\u7434\u9e21\uff0c\u82ac\u5170\u5e93\u8428\u83ab (\u00a9 Oliver Smart\/Alamy)","copyrightlink":"https:\/\/www.bing.com\/search?q=%E9%BB%91%E7%90%B4%E9%B8%A1&form=hpcapt&mkt=zh-cn","title":"","quiz":"\/search?q=Bing+homepage+quiz&filters=WQOskey:%22HPQuiz_20210407_TetraoTetrix%22&FORM=HPQUIZ","wp":true,"hsh":"944a48054976632ca1c264a2d7de93c6","drk":1,"top":1,"bot":1,"hs":[]}],"tooltips":{"loading":"\u6b63\u5728\u52a0\u8f7d...","previous":"\u4e0a\u4e00\u4e2a\u56fe\u50cf","next":"\u4e0b\u4e00\u4e2a\u56fe\u50cf","walle":"\u6b64\u56fe\u7247\u4e0d\u80fd\u4e0b\u8f7d\u7528\u4f5c\u58c1\u7eb8\u3002","walls":"\u4e0b\u8f7d\u4eca\u65e5\u7f8e\u56fe\u3002\u4ec5\u9650\u7528\u4f5c\u684c\u9762\u58c1\u7eb8\u3002"}}