{"images":[{"startdate":"20210111","fullstartdate":"202101111600","enddate":"20210112","url":"\/th?id=OHR.SeaFort_ZH-CN0457624725_1920x1080.jpg&rf=LaDigue_1920x1080.jpg&pid=hp","urlbase":"\/th?id=OHR.SeaFort_ZH-CN0457624725","copyright":"Sindhudurg\u5821\uff0c\u5370\u5ea6\u9a6c\u54c8\u62c9\u65bd\u7279\u62c9\u90a6 (\u00a9 MovingMaratha\/Alamy)","copyrightlink":"https:\/\/www.bing.com\/search?q=Sindhudurg%E5%A0%A1&form=hpcapt&mkt=zh-cn","title":"","quiz":"\/search?q=Bing+homepage+quiz&filters=WQOskey:%22HPQuiz_20210111_SeaFort%22&FORM=HPQUIZ","wp":true,"hsh":"172b6cde77c4d6e15bd0f0db3a0e73db","drk":1,"top":1,"bot":1,"hs":[]}],"tooltips":{"loading":"\u6b63\u5728\u52a0\u8f7d...","previous":"\u4e0a\u4e00\u4e2a\u56fe\u50cf","next":"\u4e0b\u4e00\u4e2a\u56fe\u50cf","walle":"\u6b64\u56fe\u7247\u4e0d\u80fd\u4e0b\u8f7d\u7528\u4f5c\u58c1\u7eb8\u3002","walls":"\u4e0b\u8f7d\u4eca\u65e5\u7f8e\u56fe\u3002\u4ec5\u9650\u7528\u4f5c\u684c\u9762\u58c1\u7eb8\u3002"}}