{"images":[{"startdate":"20210613","fullstartdate":"202106131600","enddate":"20210614","url":"\/th?id=OHR.DragonBoatFestival2021_ZH-CN2761776128_1920x1080.jpg&rf=LaDigue_1920x1080.jpg&pid=hp","urlbase":"\/th?id=OHR.DragonBoatFestival2021_ZH-CN2761776128","copyright":"\u3010\u7aef\u5348\u5b89\u5eb7\u3011 \uff08 \u00a9 \tShutterstock \uff09","copyrightlink":"https:\/\/www.bing.com\/search?q=%E7%AB%AF%E5%8D%88&form=hpcapt&mkt=zh-cn","title":"","quiz":"\/search?q=Bing+homepage+quiz&filters=WQOskey:%22HPQuiz_20210613_DragonBoatFestival2021%22&FORM=HPQUIZ","wp":true,"hsh":"15319dd78c2c3645dd3ceb8a942e418e","drk":1,"top":1,"bot":1,"hs":[]}],"tooltips":{"loading":"\u6b63\u5728\u52a0\u8f7d...","previous":"\u4e0a\u4e00\u4e2a\u56fe\u50cf","next":"\u4e0b\u4e00\u4e2a\u56fe\u50cf","walle":"\u6b64\u56fe\u7247\u4e0d\u80fd\u4e0b\u8f7d\u7528\u4f5c\u58c1\u7eb8\u3002","walls":"\u4e0b\u8f7d\u4eca\u65e5\u7f8e\u56fe\u3002\u4ec5\u9650\u7528\u4f5c\u684c\u9762\u58c1\u7eb8\u3002"}}