{"images":[{"startdate":"20210722","fullstartdate":"202107221600","enddate":"20210723","url":"\/th?id=OHR.TokyoMetropolis_ZH-CN2580870845_1920x1080.jpg&rf=LaDigue_1920x1080.jpg&pid=hp","urlbase":"\/th?id=OHR.TokyoMetropolis_ZH-CN2580870845","copyright":"\u4e1c\u4eac\u5854\uff0c\u65e5\u672c\u4e1c\u4eac\u90fd\u6e2f\u533a (\u00a9 Yukinori Hasumi\/Getty Images)","copyrightlink":"https:\/\/www.bing.com\/search?q=%E4%B8%9C%E4%BA%AC%E5%A1%94&form=hpcapt&mkt=zh-cn","title":"","quiz":"\/search?q=Bing+homepage+quiz&filters=WQOskey:%22HPQuiz_20210722_TokyoMetropolis%22&FORM=HPQUIZ","wp":true,"hsh":"05f1b0f611aac8f7d41c10f722cd2d38","drk":1,"top":1,"bot":1,"hs":[]}],"tooltips":{"loading":"\u6b63\u5728\u52a0\u8f7d...","previous":"\u4e0a\u4e00\u4e2a\u56fe\u50cf","next":"\u4e0b\u4e00\u4e2a\u56fe\u50cf","walle":"\u6b64\u56fe\u7247\u4e0d\u80fd\u4e0b\u8f7d\u7528\u4f5c\u58c1\u7eb8\u3002","walls":"\u4e0b\u8f7d\u4eca\u65e5\u7f8e\u56fe\u3002\u4ec5\u9650\u7528\u4f5c\u684c\u9762\u58c1\u7eb8\u3002"}}