{"images":[{"startdate":"20220406","fullstartdate":"202204061600","enddate":"20220407","url":"\/th?id=OHR.Malaga_ZH-CN9644862917_1920x1080.jpg&rf=LaDigue_1920x1080.jpg&pid=hp","urlbase":"\/th?id=OHR.Malaga_ZH-CN9644862917","copyright":"\u9ec4\u660f\u4e0b\u7684\u9a6c\u62c9\u52a0\u8001\u57ce\uff0c\u897f\u73ed\u7259 (\u00a9 Sean Pavone Photo\/Getty Images)","copyrightlink":"https:\/\/www.bing.com\/search?q=%E9%A9%AC%E6%8B%89%E5%8A%A0&form=hpcapt&mkt=zh-cn","title":"2800\u5e74\u5386\u53f2\u7684\u8001\u57ce","quiz":"\/search?q=Bing+homepage+quiz&filters=WQOskey:%22HPQuiz_20220406_Malaga%22&FORM=HPQUIZ","wp":true,"hsh":"f0bbc90132f665c909046005519d98ed","drk":1,"top":1,"bot":1,"hs":[]}],"tooltips":{"loading":"\u6b63\u5728\u52a0\u8f7d...","previous":"\u4e0a\u4e00\u4e2a\u56fe\u50cf","next":"\u4e0b\u4e00\u4e2a\u56fe\u50cf","walle":"\u6b64\u56fe\u7247\u4e0d\u80fd\u4e0b\u8f7d\u7528\u4f5c\u58c1\u7eb8\u3002","walls":"\u4e0b\u8f7d\u4eca\u65e5\u7f8e\u56fe\u3002\u4ec5\u9650\u7528\u4f5c\u684c\u9762\u58c1\u7eb8\u3002"}}