{"images":[{"startdate":"20220430","fullstartdate":"202204301600","enddate":"20220501","url":"\/th?id=OHR.VanBlooms_ZH-CN6370306779_1920x1080.jpg&rf=LaDigue_1920x1080.jpg&pid=hp","urlbase":"\/th?id=OHR.VanBlooms_ZH-CN6370306779","copyright":"\u76db\u5f00\u7684\u91d1\u94fe\u82b1\u6811\u548c\u7d2b\u8272\u8471\u5c5e\u690d\u7269\uff0c\u52a0\u62ff\u5927\u6e29\u54e5\u534e\u8303\u5ea6\u68ee\u690d\u7269\u56ed (\u00a9 Greg Vaughn\/Alamy)","copyrightlink":"https:\/\/www.bing.com\/search?q=%E8%8C%83%E5%BA%A6%E6%A3%AE%E6%A4%8D%E7%89%A9%E5%9B%AD&form=hpcapt&mkt=zh-cn","title":"\u4e00\u5f20\u6765\u81ea\u6625\u5929\u7684\u5feb\u7167","quiz":"\/search?q=Bing+homepage+quiz&filters=WQOskey:%22HPQuiz_20220430_VanBlooms%22&FORM=HPQUIZ","wp":true,"hsh":"bee7a9a987056e5c222427e4de8d8f7c","drk":1,"top":1,"bot":1,"hs":[]}],"tooltips":{"loading":"\u6b63\u5728\u52a0\u8f7d...","previous":"\u4e0a\u4e00\u4e2a\u56fe\u50cf","next":"\u4e0b\u4e00\u4e2a\u56fe\u50cf","walle":"\u6b64\u56fe\u7247\u4e0d\u80fd\u4e0b\u8f7d\u7528\u4f5c\u58c1\u7eb8\u3002","walls":"\u4e0b\u8f7d\u4eca\u65e5\u7f8e\u56fe\u3002\u4ec5\u9650\u7528\u4f5c\u684c\u9762\u58c1\u7eb8\u3002"}}