{"images":[{"startdate":"20220222","fullstartdate":"202202221600","enddate":"20220223","url":"\/th?id=OHR.CypressTunnel_ZH-CN1174542149_1920x1080.jpg&rf=LaDigue_1920x1080.jpg&pid=hp","urlbase":"\/th?id=OHR.CypressTunnel_ZH-CN1174542149","copyright":"\u96f7\u65af\u5cac\u56fd\u5bb6\u6d77\u5cb8\u516c\u56ed\u91cc\u7684\u67cf\u6811\u96a7\u9053\uff0c\u7f8e\u56fd\u52a0\u5229\u798f\u5c3c\u4e9a\u5dde (\u00a9 Spondylolithesis\/Getty Images)","copyrightlink":"https:\/\/www.bing.com\/search?q=%E9%9B%B7%E6%96%AF%E5%B2%AC%E5%9B%BD%E5%AE%B6%E6%B5%B7%E5%B2%B8%E5%85%AC%E5%9B%AD&form=hpcapt&mkt=zh-cn","title":"\u901a\u5f80\u8fc7\u53bb\u7684\u96a7\u9053","quiz":"\/search?q=Bing+homepage+quiz&filters=WQOskey:%22HPQuiz_20220222_CypressTunnel%22&FORM=HPQUIZ","wp":true,"hsh":"52457ef4e71080f438903acc60d47ac0","drk":1,"top":1,"bot":1,"hs":[]}],"tooltips":{"loading":"\u6b63\u5728\u52a0\u8f7d...","previous":"\u4e0a\u4e00\u4e2a\u56fe\u50cf","next":"\u4e0b\u4e00\u4e2a\u56fe\u50cf","walle":"\u6b64\u56fe\u7247\u4e0d\u80fd\u4e0b\u8f7d\u7528\u4f5c\u58c1\u7eb8\u3002","walls":"\u4e0b\u8f7d\u4eca\u65e5\u7f8e\u56fe\u3002\u4ec5\u9650\u7528\u4f5c\u684c\u9762\u58c1\u7eb8\u3002"}}