{"images":[{"startdate":"20210417","fullstartdate":"202104171600","enddate":"20210418","url":"\/th?id=OHR.MontalbanoElicona_ZH-CN7061762890_1920x1080.jpg&rf=LaDigue_1920x1080.jpg&pid=hp","urlbase":"\/th?id=OHR.MontalbanoElicona_ZH-CN7061762890","copyright":"\u8499\u5854\u5c14\u5df4\u8bfa\u57c3\u5229\u79d1\u7eb3\uff0c\u610f\u5927\u5229\u897f\u897f\u91cc\u5c9b (\u00a9 Antonino Bartuccio\/SOPA Collection\/Offset by Shutterstock)","copyrightlink":"https:\/\/www.bing.com\/search?q=%E8%92%99%E5%A1%94%E5%B0%94%E5%B7%B4%E8%AF%BA%E5%9F%83%E5%88%A9%E7%A7%91%E7%BA%B3&form=hpcapt&mkt=zh-cn","title":"","quiz":"\/search?q=Bing+homepage+quiz&filters=WQOskey:%22HPQuiz_20210417_MontalbanoElicona%22&FORM=HPQUIZ","wp":true,"hsh":"656a17abb9de29535f3fb3d39c00fb09","drk":1,"top":1,"bot":1,"hs":[]}],"tooltips":{"loading":"\u6b63\u5728\u52a0\u8f7d...","previous":"\u4e0a\u4e00\u4e2a\u56fe\u50cf","next":"\u4e0b\u4e00\u4e2a\u56fe\u50cf","walle":"\u6b64\u56fe\u7247\u4e0d\u80fd\u4e0b\u8f7d\u7528\u4f5c\u58c1\u7eb8\u3002","walls":"\u4e0b\u8f7d\u4eca\u65e5\u7f8e\u56fe\u3002\u4ec5\u9650\u7528\u4f5c\u684c\u9762\u58c1\u7eb8\u3002"}}