{"images":[{"startdate":"20210401","fullstartdate":"202104011600","enddate":"20210402","url":"\/th?id=OHR.BrazilSandDunes_ZH-CN2924749051_1920x1080.jpg&rf=LaDigue_1920x1080.jpg&pid=hp","urlbase":"\/th?id=OHR.BrazilSandDunes_ZH-CN2924749051","copyright":"\u4f26\u7d22\u4f0a\u65af\u9a6c\u62c9\u5e74\u585e\u65af\u56fd\u5bb6\u516c\u56ed\uff0c\u5df4\u897f\u5df4\u96f7\u91cc\u5c3c\u4e9a\u65af\u5e02 (\u00a9 WIN-Initiative\/Getty Images)","copyrightlink":"https:\/\/www.bing.com\/search?q=%E4%BC%A6%E7%B4%A2%E4%BC%8A%E6%96%AF%E9%A9%AC%E6%8B%89%E5%B9%B4%E5%A1%9E%E6%96%AF%E5%9B%BD%E5%AE%B6%E5%85%AC%E5%9B%AD&form=hpcapt&mkt=zh-cn","title":"","quiz":"\/search?q=Bing+homepage+quiz&filters=WQOskey:%22HPQuiz_20210401_BrazilSandDunes%22&FORM=HPQUIZ","wp":true,"hsh":"ff7fe97dc36af67f1003e9e7539cebee","drk":1,"top":1,"bot":1,"hs":[]}],"tooltips":{"loading":"\u6b63\u5728\u52a0\u8f7d...","previous":"\u4e0a\u4e00\u4e2a\u56fe\u50cf","next":"\u4e0b\u4e00\u4e2a\u56fe\u50cf","walle":"\u6b64\u56fe\u7247\u4e0d\u80fd\u4e0b\u8f7d\u7528\u4f5c\u58c1\u7eb8\u3002","walls":"\u4e0b\u8f7d\u4eca\u65e5\u7f8e\u56fe\u3002\u4ec5\u9650\u7528\u4f5c\u684c\u9762\u58c1\u7eb8\u3002"}}