{"images":[{"startdate":"20210924","fullstartdate":"202109241600","enddate":"20210925","url":"\/th?id=OHR.PorkiesTrail_ZH-CN0014697428_1920x1080.jpg&rf=LaDigue_1920x1080.jpg&pid=hp","urlbase":"\/th?id=OHR.PorkiesTrail_ZH-CN0014697428","copyright":"\u8c6a\u732a\u5c71\u8352\u91ce\u56fd\u5bb6\u516c\u56ed\u4e2d\u7684\u5c0f\u8def\uff0c\u7f8e\u56fd\u5bc6\u6b47\u6839\u5dde (\u00a9 Pat & Chuck Blackley\/Alamy)","copyrightlink":"https:\/\/www.bing.com\/search?q=%E8%B1%AA%E7%8C%AA%E5%B1%B1%E8%8D%92%E9%87%8E%E5%9B%BD%E5%AE%B6%E5%85%AC%E5%9B%ADt&form=hpcapt&mkt=zh-cn","title":"","quiz":"\/search?q=Bing+homepage+quiz&filters=WQOskey:%22HPQuiz_20210924_PorkiesTrail%22&FORM=HPQUIZ","wp":true,"hsh":"1c9e46ffdf09d736d5f880952178e635","drk":1,"top":1,"bot":1,"hs":[]}],"tooltips":{"loading":"\u6b63\u5728\u52a0\u8f7d...","previous":"\u4e0a\u4e00\u4e2a\u56fe\u50cf","next":"\u4e0b\u4e00\u4e2a\u56fe\u50cf","walle":"\u6b64\u56fe\u7247\u4e0d\u80fd\u4e0b\u8f7d\u7528\u4f5c\u58c1\u7eb8\u3002","walls":"\u4e0b\u8f7d\u4eca\u65e5\u7f8e\u56fe\u3002\u4ec5\u9650\u7528\u4f5c\u684c\u9762\u58c1\u7eb8\u3002"}}