{"images":[{"startdate":"20220320","fullstartdate":"202203201600","enddate":"20220321","url":"\/th?id=OHR.TheBard_ZH-CN7318156185_1920x1080.jpg&rf=LaDigue_1920x1080.jpg&pid=hp","urlbase":"\/th?id=OHR.TheBard_ZH-CN7318156185","copyright":"\u5723\u4e09\u4e00\u6559\u5802\uff0c\u82f1\u56fd\u57c3\u6587\u6cb3\u7554\u65af\u7279\u62c9\u7279\u798f (\u00a9 James Osmond\/Getty Images)","copyrightlink":"https:\/\/www.bing.com\/search?q=%E5%9F%83%E6%96%87%E6%B2%B3%E7%95%94%E6%96%AF%E7%89%B9%E6%8B%89%E7%89%B9%E7%A6%8F&form=hpcapt&mkt=zh-cn","title":"\u541f\u6e38\u8bd7\u4eba\u7684\u5b89\u606f\u4e4b\u5730","quiz":"\/search?q=Bing+homepage+quiz&filters=WQOskey:%22HPQuiz_20220320_TheBard%22&FORM=HPQUIZ","wp":true,"hsh":"b93b66632fd2f5ea84d909ffc2fd8714","drk":1,"top":1,"bot":1,"hs":[]}],"tooltips":{"loading":"\u6b63\u5728\u52a0\u8f7d...","previous":"\u4e0a\u4e00\u4e2a\u56fe\u50cf","next":"\u4e0b\u4e00\u4e2a\u56fe\u50cf","walle":"\u6b64\u56fe\u7247\u4e0d\u80fd\u4e0b\u8f7d\u7528\u4f5c\u58c1\u7eb8\u3002","walls":"\u4e0b\u8f7d\u4eca\u65e5\u7f8e\u56fe\u3002\u4ec5\u9650\u7528\u4f5c\u684c\u9762\u58c1\u7eb8\u3002"}}