{"images":[{"startdate":"20220410","fullstartdate":"202204101600","enddate":"20220411","url":"\/th?id=OHR.FernFronds_ZH-CN9338280267_1920x1080.jpg&rf=LaDigue_1920x1080.jpg&pid=hp","urlbase":"\/th?id=OHR.FernFronds_ZH-CN9338280267","copyright":"\u5377\u66f2\u7684\u8568\u83dc\u53f6\uff0c\u52a0\u62ff\u5927\u9b41\u5317\u514b (\u00a9 Marianna Armata\/Getty Images)","copyrightlink":"https:\/\/www.bing.com\/search?q=%E8%95%A8%E8%8F%9C&form=hpcapt&mkt=zh-cn","title":"\u5728\u76db\u4ea7\u8568\u83dc\u7684\u6625\u65e5\u91cc","quiz":"\/search?q=Bing+homepage+quiz&filters=WQOskey:%22HPQuiz_20220410_FernFronds%22&FORM=HPQUIZ","wp":true,"hsh":"7f6adb3ea71895aaddd075780dc5c1fb","drk":1,"top":1,"bot":1,"hs":[]}],"tooltips":{"loading":"\u6b63\u5728\u52a0\u8f7d...","previous":"\u4e0a\u4e00\u4e2a\u56fe\u50cf","next":"\u4e0b\u4e00\u4e2a\u56fe\u50cf","walle":"\u6b64\u56fe\u7247\u4e0d\u80fd\u4e0b\u8f7d\u7528\u4f5c\u58c1\u7eb8\u3002","walls":"\u4e0b\u8f7d\u4eca\u65e5\u7f8e\u56fe\u3002\u4ec5\u9650\u7528\u4f5c\u684c\u9762\u58c1\u7eb8\u3002"}}