{"images":[{"startdate":"20220425","fullstartdate":"202204251600","enddate":"20220426","url":"\/th?id=OHR.Hunebourg_ZH-CN6038786751_1920x1080.jpg&rf=LaDigue_1920x1080.jpg&pid=hp","urlbase":"\/th?id=OHR.Hunebourg_ZH-CN6038786751","copyright":"\u4e0b\u83b1\u8335\u7701\u7684\u80e1\u5185\u57ce\u5821\uff0c\u6cd5\u56fd\u963f\u5c14\u8428\u65af\u5927\u533a (\u00a9 Leonid Andronov\/Alamy)","copyrightlink":"https:\/\/www.bing.com\/search?q=%E4%B8%8B%E8%8E%B1%E8%8C%B5%E7%9C%81+%E6%B3%95%E5%9B%BD&form=hpcapt&mkt=zh-cn","title":"12\u4e16\u7eaa\u7684\u5386\u53f2\u9057\u8ff9","quiz":"\/search?q=Bing+homepage+quiz&filters=WQOskey:%22HPQuiz_20220425_Hunebourg%22&FORM=HPQUIZ","wp":true,"hsh":"786cf5e4fe82009fe4f24aa99d4cb074","drk":1,"top":1,"bot":1,"hs":[]}],"tooltips":{"loading":"\u6b63\u5728\u52a0\u8f7d...","previous":"\u4e0a\u4e00\u4e2a\u56fe\u50cf","next":"\u4e0b\u4e00\u4e2a\u56fe\u50cf","walle":"\u6b64\u56fe\u7247\u4e0d\u80fd\u4e0b\u8f7d\u7528\u4f5c\u58c1\u7eb8\u3002","walls":"\u4e0b\u8f7d\u4eca\u65e5\u7f8e\u56fe\u3002\u4ec5\u9650\u7528\u4f5c\u684c\u9762\u58c1\u7eb8\u3002"}}