{"images":[{"startdate":"20210604","fullstartdate":"202106041600","enddate":"20210605","url":"\/th?id=OHR.ToucanRainforest_ZH-CN0522556036_1920x1080.jpg&rf=LaDigue_1920x1080.jpg&pid=hp","urlbase":"\/th?id=OHR.ToucanRainforest_ZH-CN0522556036","copyright":"La Selva\u751f\u7269\u7ad9\u70ed\u5e26\u96e8\u6797\u6811\u51a0\u4e0a\u7684\u9ed1\u5634\u5de8\u5634\u9e1f\uff0c\u54e5\u65af\u8fbe\u9ece\u52a0 (\u00a9 Greg Basco\/Minden Pictures)","copyrightlink":"https:\/\/www.bing.com\/search?q=canopy&form=hpcapt&mkt=zh-cn","title":"","quiz":"\/search?q=Bing+homepage+quiz&filters=WQOskey:%22HPQuiz_20210604_ToucanRainforest%22&FORM=HPQUIZ","wp":true,"hsh":"3353f3cd7e17220aff550ada2af315df","drk":1,"top":1,"bot":1,"hs":[]}],"tooltips":{"loading":"\u6b63\u5728\u52a0\u8f7d...","previous":"\u4e0a\u4e00\u4e2a\u56fe\u50cf","next":"\u4e0b\u4e00\u4e2a\u56fe\u50cf","walle":"\u6b64\u56fe\u7247\u4e0d\u80fd\u4e0b\u8f7d\u7528\u4f5c\u58c1\u7eb8\u3002","walls":"\u4e0b\u8f7d\u4eca\u65e5\u7f8e\u56fe\u3002\u4ec5\u9650\u7528\u4f5c\u684c\u9762\u58c1\u7eb8\u3002"}}