{"images":[{"startdate":"20210729","fullstartdate":"202107291600","enddate":"20210730","url":"\/th?id=OHR.OtterCliff_ZH-CN3062794263_1920x1080.jpg&rf=LaDigue_1920x1080.jpg&pid=hp","urlbase":"\/th?id=OHR.OtterCliff_ZH-CN3062794263","copyright":"\u963f\u5361\u8fea\u4e9a\u56fd\u5bb6\u516c\u56ed\u91cc\u7684\u6c34\u736d\u60ac\u5d16\uff0c\u7f05\u56e0\u5dde (\u00a9 dbimages\/Alamy)","copyrightlink":"https:\/\/www.bing.com\/search?q=%E9%98%BF%E5%8D%A1%E8%BF%AA%E4%BA%9A%E5%9B%BD%E5%AE%B6%E5%85%AC%E5%9B%AD&form=hpcapt&mkt=zh-cn","title":"","quiz":"\/search?q=Bing+homepage+quiz&filters=WQOskey:%22HPQuiz_20210729_OtterCliff%22&FORM=HPQUIZ","wp":true,"hsh":"45f5e4196b9ddad1e3b4585863d686a7","drk":1,"top":1,"bot":1,"hs":[]}],"tooltips":{"loading":"\u6b63\u5728\u52a0\u8f7d...","previous":"\u4e0a\u4e00\u4e2a\u56fe\u50cf","next":"\u4e0b\u4e00\u4e2a\u56fe\u50cf","walle":"\u6b64\u56fe\u7247\u4e0d\u80fd\u4e0b\u8f7d\u7528\u4f5c\u58c1\u7eb8\u3002","walls":"\u4e0b\u8f7d\u4eca\u65e5\u7f8e\u56fe\u3002\u4ec5\u9650\u7528\u4f5c\u684c\u9762\u58c1\u7eb8\u3002"}}