{"images":[{"startdate":"20210422","fullstartdate":"202104221600","enddate":"20210423","url":"\/th?id=OHR.MossyCanyon_ZH-CN7931722740_1920x1080.jpg&rf=LaDigue_1920x1080.jpg&pid=hp","urlbase":"\/th?id=OHR.MossyCanyon_ZH-CN7931722740","copyright":"\u8d1d\u56fe\u745f\u79d1\u4f0a\u5fb7\u7684Fairy Glen\uff0c\u82f1\u56fd\u5a01\u5c14\u58eb (\u00a9 Robert Harding World Imagery\/Offset by Shutterstock)","copyrightlink":"https:\/\/www.bing.com\/search?q=Fairy+Glen&form=hpcapt&mkt=zh-cn","title":"","quiz":"\/search?q=Bing+homepage+quiz&filters=WQOskey:%22HPQuiz_20210422_MossyCanyon%22&FORM=HPQUIZ","wp":true,"hsh":"ea3edf8cdd0ead1713564b7a3fa720c1","drk":1,"top":1,"bot":1,"hs":[]}],"tooltips":{"loading":"\u6b63\u5728\u52a0\u8f7d...","previous":"\u4e0a\u4e00\u4e2a\u56fe\u50cf","next":"\u4e0b\u4e00\u4e2a\u56fe\u50cf","walle":"\u6b64\u56fe\u7247\u4e0d\u80fd\u4e0b\u8f7d\u7528\u4f5c\u58c1\u7eb8\u3002","walls":"\u4e0b\u8f7d\u4eca\u65e5\u7f8e\u56fe\u3002\u4ec5\u9650\u7528\u4f5c\u684c\u9762\u58c1\u7eb8\u3002"}}