{"images":[{"startdate":"20210821","fullstartdate":"202108211600","enddate":"20210822","url":"\/th?id=OHR.OlympicCoast_ZH-CN0827844876_1920x1080.jpg&rf=LaDigue_1920x1080.jpg&pid=hp","urlbase":"\/th?id=OHR.OlympicCoast_ZH-CN0827844876","copyright":"\u5965\u6797\u5339\u514b\u6d77\u5cb8\u56fd\u5bb6\u6d77\u6d0b\u4fdd\u62a4\u533a\u7684\u6d77\u5cb8\u7ebf\uff0c\u7f8e\u56fd\u534e\u76db\u987f\u5dde (\u00a9 Chris Moore\/Tandem Stills + Motion)","copyrightlink":"https:\/\/www.bing.com\/search?q=%E5%A5%A5%E6%9E%97%E5%8C%B9%E5%85%8B%E5%8D%8A%E5%B2%9B&form=hpcapt&mkt=zh-cn","title":"","quiz":"\/search?q=Bing+homepage+quiz&filters=WQOskey:%22HPQuiz_20210821_OlympicCoast%22&FORM=HPQUIZ","wp":true,"hsh":"110be8dfd6a52bc19cadd1f7bda35f80","drk":1,"top":1,"bot":1,"hs":[]}],"tooltips":{"loading":"\u6b63\u5728\u52a0\u8f7d...","previous":"\u4e0a\u4e00\u4e2a\u56fe\u50cf","next":"\u4e0b\u4e00\u4e2a\u56fe\u50cf","walle":"\u6b64\u56fe\u7247\u4e0d\u80fd\u4e0b\u8f7d\u7528\u4f5c\u58c1\u7eb8\u3002","walls":"\u4e0b\u8f7d\u4eca\u65e5\u7f8e\u56fe\u3002\u4ec5\u9650\u7528\u4f5c\u684c\u9762\u58c1\u7eb8\u3002"}}