{"images":[{"startdate":"20210805","fullstartdate":"202108051600","enddate":"20210806","url":"\/th?id=OHR.SalisburyCrags_ZH-CN4712204475_1920x1080.jpg&rf=LaDigue_1920x1080.jpg&pid=hp","urlbase":"\/th?id=OHR.SalisburyCrags_ZH-CN4712204475","copyright":"\u4ece\u7d22\u5c14\u5179\u4f2f\u91cc\u7684\u5ced\u58c1\u4e0a\u4fef\u77b0\u7231\u4e01\u5821\uff0c\u82cf\u683c\u5170\u8377\u91cc\u8def\u5fb7\u516c\u56ed (\u00a9 Andrew Merry\/Getty Images)","copyrightlink":"https:\/\/www.bing.com\/search?q=%E8%8D%B7%E9%87%8C%E8%B7%AF%E5%BE%B7%E5%85%AC%E5%9B%AD&form=hpcapt&mkt=zh-cn","title":"","quiz":"\/search?q=Bing+homepage+quiz&filters=WQOskey:%22HPQuiz_20210805_SalisburyCrags%22&FORM=HPQUIZ","wp":true,"hsh":"e5323e99de79bc8b6a98abf3e6aa1847","drk":1,"top":1,"bot":1,"hs":[]}],"tooltips":{"loading":"\u6b63\u5728\u52a0\u8f7d...","previous":"\u4e0a\u4e00\u4e2a\u56fe\u50cf","next":"\u4e0b\u4e00\u4e2a\u56fe\u50cf","walle":"\u6b64\u56fe\u7247\u4e0d\u80fd\u4e0b\u8f7d\u7528\u4f5c\u58c1\u7eb8\u3002","walls":"\u4e0b\u8f7d\u4eca\u65e5\u7f8e\u56fe\u3002\u4ec5\u9650\u7528\u4f5c\u684c\u9762\u58c1\u7eb8\u3002"}}