{"images":[{"startdate":"20210523","fullstartdate":"202105231600","enddate":"20210524","url":"\/th?id=OHR.AarhusInfinite_ZH-CN1981168082_1920x1080.jpg&rf=LaDigue_1920x1080.jpg&pid=hp","urlbase":"\/th?id=OHR.AarhusInfinite_ZH-CN1981168082","copyright":"\u7531\u4e39\u9ea6\u5efa\u7b51\u5e08Niels Povlsgaard\u548cJohanGj\u00f8des\u8bbe\u8ba1\u7684\u65e0\u9650\u6865\uff0c\u4e39\u9ea6\u5965\u80e1\u65af (\u00a9 Kosmaj\/Shutterstock)","copyrightlink":"https:\/\/www.bing.com\/search?q=%E6%97%A0%E9%99%90%E6%A1%A5&form=hpcapt&mkt=zh-cn","title":"","quiz":"\/search?q=Bing+homepage+quiz&filters=WQOskey:%22HPQuiz_20210523_AarhusInfinite%22&FORM=HPQUIZ","wp":true,"hsh":"62add9fdda3c24c7ad68f5dd10b65414","drk":1,"top":1,"bot":1,"hs":[]}],"tooltips":{"loading":"\u6b63\u5728\u52a0\u8f7d...","previous":"\u4e0a\u4e00\u4e2a\u56fe\u50cf","next":"\u4e0b\u4e00\u4e2a\u56fe\u50cf","walle":"\u6b64\u56fe\u7247\u4e0d\u80fd\u4e0b\u8f7d\u7528\u4f5c\u58c1\u7eb8\u3002","walls":"\u4e0b\u8f7d\u4eca\u65e5\u7f8e\u56fe\u3002\u4ec5\u9650\u7528\u4f5c\u684c\u9762\u58c1\u7eb8\u3002"}}