{"images":[{"startdate":"20201229","fullstartdate":"202012291600","enddate":"20201230","url":"\/th?id=OHR.WinterBryce_ZH-CN8874624326_1920x1080.jpg&rf=LaDigue_1920x1080.jpg&pid=hp","urlbase":"\/th?id=OHR.WinterBryce_ZH-CN8874624326","copyright":"\u5e03\u83b1\u65af\u5ce1\u8c37\u56fd\u5bb6\u516c\u56ed\u7684\u51ac\u5929\uff0c\u72b9\u4ed6\u5dde (\u00a9 Don Paulson\/Danita Delimont)","copyrightlink":"https:\/\/www.bing.com\/search?q=%E5%B8%83%E8%8E%B1%E6%96%AF%E5%B3%A1%E8%B0%B7%E5%9B%BD%E5%AE%B6%E5%85%AC%E5%9B%AD&form=hpcapt&mkt=zh-cn","title":"","quiz":"\/search?q=Bing+homepage+quiz&filters=WQOskey:%22HPQuiz_20201229_WinterBryce%22&FORM=HPQUIZ","wp":true,"hsh":"837c0a7c028cf2e704767647ad3583c2","drk":1,"top":1,"bot":1,"hs":[]}],"tooltips":{"loading":"\u6b63\u5728\u52a0\u8f7d...","previous":"\u4e0a\u4e00\u4e2a\u56fe\u50cf","next":"\u4e0b\u4e00\u4e2a\u56fe\u50cf","walle":"\u6b64\u56fe\u7247\u4e0d\u80fd\u4e0b\u8f7d\u7528\u4f5c\u58c1\u7eb8\u3002","walls":"\u4e0b\u8f7d\u4eca\u65e5\u7f8e\u56fe\u3002\u4ec5\u9650\u7528\u4f5c\u684c\u9762\u58c1\u7eb8\u3002"}}