{"images":[{"startdate":"20211211","fullstartdate":"202112111600","enddate":"20211212","url":"\/th?id=OHR.WickerCultivation_ZH-CN0310713697_1920x1080.jpg&rf=LaDigue_1920x1080.jpg&pid=hp","urlbase":"\/th?id=OHR.WickerCultivation_ZH-CN0310713697","copyright":"\u522b\u81f4\u7684\u67f3\u6761\u7530\u91ce\uff0c\u897f\u73ed\u7259Ca\u00f1amares (\u00a9 David Santiago Garcia\/Alamy)","copyrightlink":"https:\/\/www.bing.com\/search?q=%E8%A5%BF%E7%8F%AD%E7%89%99&form=hpcapt&mkt=zh-cn","title":"","quiz":"\/search?q=Bing+homepage+quiz&filters=WQOskey:%22HPQuiz_20211211_WickerCultivation%22&FORM=HPQUIZ","wp":true,"hsh":"5618d23cdd4d8a81c0c0db792fe5b9bd","drk":1,"top":1,"bot":1,"hs":[]}],"tooltips":{"loading":"\u6b63\u5728\u52a0\u8f7d...","previous":"\u4e0a\u4e00\u4e2a\u56fe\u50cf","next":"\u4e0b\u4e00\u4e2a\u56fe\u50cf","walle":"\u6b64\u56fe\u7247\u4e0d\u80fd\u4e0b\u8f7d\u7528\u4f5c\u58c1\u7eb8\u3002","walls":"\u4e0b\u8f7d\u4eca\u65e5\u7f8e\u56fe\u3002\u4ec5\u9650\u7528\u4f5c\u684c\u9762\u58c1\u7eb8\u3002"}}