{"images":[{"startdate":"20220223","fullstartdate":"202202231600","enddate":"20220224","url":"\/th?id=OHR.CrystalCave_ZH-CN1284839856_1920x1080.jpg&rf=LaDigue_1920x1080.jpg&pid=hp","urlbase":"\/th?id=OHR.CrystalCave_ZH-CN1284839856","copyright":"\u51b0\u5ddd\u6d1e\u7a74\u91cc\u6d41\u52a8\u7684\u6cb3\u6d41\uff0c\u51b0\u5c9b\u74e6\u7279\u7eb3\u51b0\u539f (\u00a9 Marco Bottigelli\/Getty Images)","copyrightlink":"https:\/\/www.bing.com\/search?q=%E7%93%A6%E7%89%B9%E7%BA%B3%E5%86%B0%E5%8E%9F&form=hpcapt&mkt=zh-cn","title":"\u51b0\uff0c\u51b0\uff0c\u6b63\u5728\u574d\u584c","quiz":"\/search?q=Bing+homepage+quiz&filters=WQOskey:%22HPQuiz_20220223_CrystalCave%22&FORM=HPQUIZ","wp":true,"hsh":"e90cc782af30814201780910ccbe3e8b","drk":1,"top":1,"bot":1,"hs":[]}],"tooltips":{"loading":"\u6b63\u5728\u52a0\u8f7d...","previous":"\u4e0a\u4e00\u4e2a\u56fe\u50cf","next":"\u4e0b\u4e00\u4e2a\u56fe\u50cf","walle":"\u6b64\u56fe\u7247\u4e0d\u80fd\u4e0b\u8f7d\u7528\u4f5c\u58c1\u7eb8\u3002","walls":"\u4e0b\u8f7d\u4eca\u65e5\u7f8e\u56fe\u3002\u4ec5\u9650\u7528\u4f5c\u684c\u9762\u58c1\u7eb8\u3002"}}