{"images":[{"startdate":"20210824","fullstartdate":"202108241600","enddate":"20210825","url":"\/th?id=OHR.WalhallaOverlook_ZH-CN1059655401_1920x1080.jpg&rf=LaDigue_1920x1080.jpg&pid=hp","urlbase":"\/th?id=OHR.WalhallaOverlook_ZH-CN1059655401","copyright":"\u7f8e\u56fd\u5927\u5ce1\u8c37\u5317\u7f18\u7684\u5929\u4f7f\u4e4b\u7a97\uff0c\u4e9a\u5229\u6851\u90a3\u5dde (\u00a9 Tim Fitzharris\/Minden Pictures)","copyrightlink":"https:\/\/www.bing.com\/search?q=%E7%BE%8E%E5%9B%BD%E5%A4%A7%E5%B3%A1%E8%B0%B7&form=hpcapt&mkt=zh-cn","title":"","quiz":"\/search?q=Bing+homepage+quiz&filters=WQOskey:%22HPQuiz_20210824_WalhallaOverlook%22&FORM=HPQUIZ","wp":true,"hsh":"1f7d83b964018c922da4ef5e31a880ab","drk":1,"top":1,"bot":1,"hs":[]}],"tooltips":{"loading":"\u6b63\u5728\u52a0\u8f7d...","previous":"\u4e0a\u4e00\u4e2a\u56fe\u50cf","next":"\u4e0b\u4e00\u4e2a\u56fe\u50cf","walle":"\u6b64\u56fe\u7247\u4e0d\u80fd\u4e0b\u8f7d\u7528\u4f5c\u58c1\u7eb8\u3002","walls":"\u4e0b\u8f7d\u4eca\u65e5\u7f8e\u56fe\u3002\u4ec5\u9650\u7528\u4f5c\u684c\u9762\u58c1\u7eb8\u3002"}}