{"images":[{"startdate":"20211204","fullstartdate":"202112041600","enddate":"20211205","url":"\/th?id=OHR.SalzburgKrampus_ZH-CN7355658592_1920x1080.jpg&rf=LaDigue_1920x1080.jpg&pid=hp","urlbase":"\/th?id=OHR.SalzburgKrampus_ZH-CN7355658592","copyright":"Salzburg with Salzach river, Austria (\u00a9 MacEaton\/Alamy)","copyrightlink":"https:\/\/www.bing.com\/search?q=Salzburg&form=hpcapt&mkt=zh-cn","title":"","quiz":"\/search?q=Bing+homepage+quiz&filters=WQOskey:%22HPQuiz_20211204_SalzburgKrampus%22&FORM=HPQUIZ","wp":true,"hsh":"75e8f2fa9a8dd2c32629fd5b16e76195","drk":1,"top":1,"bot":1,"hs":[]}],"tooltips":{"loading":"\u6b63\u5728\u52a0\u8f7d...","previous":"\u4e0a\u4e00\u4e2a\u56fe\u50cf","next":"\u4e0b\u4e00\u4e2a\u56fe\u50cf","walle":"\u6b64\u56fe\u7247\u4e0d\u80fd\u4e0b\u8f7d\u7528\u4f5c\u58c1\u7eb8\u3002","walls":"\u4e0b\u8f7d\u4eca\u65e5\u7f8e\u56fe\u3002\u4ec5\u9650\u7528\u4f5c\u684c\u9762\u58c1\u7eb8\u3002"}}