{"images":[{"startdate":"20220415","fullstartdate":"202204151600","enddate":"20220416","url":"\/th?id=OHR.Yellowstone150_ZH-CN0551084440_1920x1080.jpg&rf=LaDigue_1920x1080.jpg&pid=hp","urlbase":"\/th?id=OHR.Yellowstone150_ZH-CN0551084440","copyright":"\u9ec4\u77f3\u56fd\u5bb6\u516c\u56ed\u7684\u5927\u68f1\u955c\u6cc9\u9e1f\u77b0\u56fe\uff0c\u7f8e\u56fd\u6000\u4fc4\u660e\u5dde (\u00a9 AirPano LLC\/Amazing Aerial Agency)","copyrightlink":"https:\/\/www.bing.com\/search?q=%E9%BB%84%E7%9F%B3%E5%9B%BD%E5%AE%B6%E5%85%AC%E5%9B%AD&form=hpcapt&mkt=zh-cn","title":"\u201c\u7f8e\u56fd\u6700\u597d\u7684\u60f3\u6cd5\u201d\u8d77\u6e90\u4e8e\u6b64","quiz":"\/search?q=Bing+homepage+quiz&filters=WQOskey:%22HPQuiz_20220415_Yellowstone150%22&FORM=HPQUIZ","wp":true,"hsh":"d3094c130fddcf2ab40044d1e14eb5aa","drk":1,"top":1,"bot":1,"hs":[]}],"tooltips":{"loading":"\u6b63\u5728\u52a0\u8f7d...","previous":"\u4e0a\u4e00\u4e2a\u56fe\u50cf","next":"\u4e0b\u4e00\u4e2a\u56fe\u50cf","walle":"\u6b64\u56fe\u7247\u4e0d\u80fd\u4e0b\u8f7d\u7528\u4f5c\u58c1\u7eb8\u3002","walls":"\u4e0b\u8f7d\u4eca\u65e5\u7f8e\u56fe\u3002\u4ec5\u9650\u7528\u4f5c\u684c\u9762\u58c1\u7eb8\u3002"}}