{"images":[{"startdate":"20211009","fullstartdate":"202110091600","enddate":"20211010","url":"\/th?id=OHR.AbaloneShell_ZH-CN3205304974_1920x1080.jpg&rf=LaDigue_1920x1080.jpg&pid=hp","urlbase":"\/th?id=OHR.AbaloneShell_ZH-CN3205304974","copyright":"\u4e94\u5f69\u7f24\u7eb7\u7684\u9c8d\u9c7c\u8d1d\u58f3\uff0c\u65b0\u897f\u5170 (\u00a9 Lynda Harper\/Minden Pictures)","copyrightlink":"https:\/\/www.bing.com\/search?q=%E9%B2%8D%E9%B1%BC%E8%B4%9D%E5%A3%B3&form=hpcapt&mkt=zh-cn","title":"","quiz":"\/search?q=Bing+homepage+quiz&filters=WQOskey:%22HPQuiz_20211009_AbaloneShell%22&FORM=HPQUIZ","wp":true,"hsh":"19937623908a8ddbf970064cde40410e","drk":1,"top":1,"bot":1,"hs":[]}],"tooltips":{"loading":"\u6b63\u5728\u52a0\u8f7d...","previous":"\u4e0a\u4e00\u4e2a\u56fe\u50cf","next":"\u4e0b\u4e00\u4e2a\u56fe\u50cf","walle":"\u6b64\u56fe\u7247\u4e0d\u80fd\u4e0b\u8f7d\u7528\u4f5c\u58c1\u7eb8\u3002","walls":"\u4e0b\u8f7d\u4eca\u65e5\u7f8e\u56fe\u3002\u4ec5\u9650\u7528\u4f5c\u684c\u9762\u58c1\u7eb8\u3002"}}