{"images":[{"startdate":"20210322","fullstartdate":"202103221600","enddate":"20210323","url":"\/th?id=OHR.LoftedMadagascar_ZH-CN0062899981_1920x1080.jpg&rf=LaDigue_1920x1080.jpg&pid=hp","urlbase":"\/th?id=OHR.LoftedMadagascar_ZH-CN0062899981","copyright":"\u9a6c\u5c3c\u4e9a\u6cb3\u7684\u536b\u661f\u56fe\u50cf\uff0c\u9a6c\u8fbe\u52a0\u65af\u52a0 (\u00a9 NASA Earth Observatory image by Joshua Stevens, using Landsat data from the US Geological Survey)","copyrightlink":"https:\/\/www.bing.com\/search?q=%E9%A9%AC%E5%B0%BC%E4%BA%9A%E6%B2%B3&form=hpcapt&mkt=zh-cn","title":"","quiz":"\/search?q=Bing+homepage+quiz&filters=WQOskey:%22HPQuiz_20210322_LoftedMadagascar%22&FORM=HPQUIZ","wp":true,"hsh":"2da97986d9a29e1fcd3c0f007bf710a3","drk":1,"top":1,"bot":1,"hs":[]}],"tooltips":{"loading":"\u6b63\u5728\u52a0\u8f7d...","previous":"\u4e0a\u4e00\u4e2a\u56fe\u50cf","next":"\u4e0b\u4e00\u4e2a\u56fe\u50cf","walle":"\u6b64\u56fe\u7247\u4e0d\u80fd\u4e0b\u8f7d\u7528\u4f5c\u58c1\u7eb8\u3002","walls":"\u4e0b\u8f7d\u4eca\u65e5\u7f8e\u56fe\u3002\u4ec5\u9650\u7528\u4f5c\u684c\u9762\u58c1\u7eb8\u3002"}}