{"images":[{"startdate":"20210616","fullstartdate":"202106161600","enddate":"20210617","url":"\/th?id=OHR.BrightEye_ZH-CN6196887876_1920x1080.jpg&rf=LaDigue_1920x1080.jpg&pid=hp","urlbase":"\/th?id=OHR.BrightEye_ZH-CN6196887876","copyright":"N\u0101 pali\u6d77\u5cb8\u4e0a\u7684Bright Eye\u6d77\u8680\u6d1e\uff0c\u590f\u5a01\u5937\u8003\u827e\u5c9b (\u00a9 jimkruger\/Getty Images)","copyrightlink":"https:\/\/www.bing.com\/search?q=%E6%B5%B7%E8%9A%80%E6%B4%9E&form=hpcapt&mkt=zh-cn","title":"","quiz":"\/search?q=Bing+homepage+quiz&filters=WQOskey:%22HPQuiz_20210616_BrightEye%22&FORM=HPQUIZ","wp":true,"hsh":"b26b18d2aae20568f988f09b2e3fd578","drk":1,"top":1,"bot":1,"hs":[]}],"tooltips":{"loading":"\u6b63\u5728\u52a0\u8f7d...","previous":"\u4e0a\u4e00\u4e2a\u56fe\u50cf","next":"\u4e0b\u4e00\u4e2a\u56fe\u50cf","walle":"\u6b64\u56fe\u7247\u4e0d\u80fd\u4e0b\u8f7d\u7528\u4f5c\u58c1\u7eb8\u3002","walls":"\u4e0b\u8f7d\u4eca\u65e5\u7f8e\u56fe\u3002\u4ec5\u9650\u7528\u4f5c\u684c\u9762\u58c1\u7eb8\u3002"}}