{"images":[{"startdate":"20220210","fullstartdate":"202202101600","enddate":"20220211","url":"\/th?id=OHR.TeaGardensMunnar_ZH-CN9587720369_1920x1080.jpg&rf=LaDigue_1920x1080.jpg&pid=hp","urlbase":"\/th?id=OHR.TeaGardensMunnar_ZH-CN9587720369","copyright":"\u6155\u90a3\u5c14\u5c71\u533a\u7684\u8336\u56ed\uff0c\u5370\u5ea6\u5580\u62c9\u62c9\u90a6 (\u00a9 SvitlanaBelinska\/iStock\/Getty Images Plus)","copyrightlink":"https:\/\/www.bing.com\/search?q=%E5%96%80%E6%8B%89%E6%8B%89%E9%82%A6&form=hpcapt&mkt=zh-cn","title":"\u5370\u5ea6\u6155\u7eb3\u5c14","quiz":"\/search?q=Bing+homepage+quiz&filters=WQOskey:%22HPQuiz_20220210_TeaGardensMunnar%22&FORM=HPQUIZ","wp":true,"hsh":"19e3394244201ef6b791286fa20ca514","drk":1,"top":1,"bot":1,"hs":[]}],"tooltips":{"loading":"\u6b63\u5728\u52a0\u8f7d...","previous":"\u4e0a\u4e00\u4e2a\u56fe\u50cf","next":"\u4e0b\u4e00\u4e2a\u56fe\u50cf","walle":"\u6b64\u56fe\u7247\u4e0d\u80fd\u4e0b\u8f7d\u7528\u4f5c\u58c1\u7eb8\u3002","walls":"\u4e0b\u8f7d\u4eca\u65e5\u7f8e\u56fe\u3002\u4ec5\u9650\u7528\u4f5c\u684c\u9762\u58c1\u7eb8\u3002"}}