{"images":[{"startdate":"20210927","fullstartdate":"202109271600","enddate":"20210928","url":"\/th?id=OHR.TheBroads_ZH-CN0485661191_1920x1080.jpg&rf=LaDigue_1920x1080.jpg&pid=hp","urlbase":"\/th?id=OHR.TheBroads_ZH-CN0485661191","copyright":"\u5e03\u7f57\u5179\u6e7f\u5730\u56fd\u5bb6\u516c\u56ed\uff0c\u82f1\u56fd\u8bfa\u798f\u514b\u90e1 (\u00a9 Steven Docwra\/Getty Images)","copyrightlink":"https:\/\/www.bing.com\/search?q=%E5%B8%83%E7%BD%97%E5%85%B9%E6%B9%BF%E5%9C%B0%E5%9B%BD%E5%AE%B6%E5%85%AC%E5%9B%AD&form=hpcapt&mkt=zh-cn","title":"","quiz":"\/search?q=Bing+homepage+quiz&filters=WQOskey:%22HPQuiz_20210927_TheBroads%22&FORM=HPQUIZ","wp":true,"hsh":"3da4ee951a8d8ccf2619c9a68407f785","drk":1,"top":1,"bot":1,"hs":[]}],"tooltips":{"loading":"\u6b63\u5728\u52a0\u8f7d...","previous":"\u4e0a\u4e00\u4e2a\u56fe\u50cf","next":"\u4e0b\u4e00\u4e2a\u56fe\u50cf","walle":"\u6b64\u56fe\u7247\u4e0d\u80fd\u4e0b\u8f7d\u7528\u4f5c\u58c1\u7eb8\u3002","walls":"\u4e0b\u8f7d\u4eca\u65e5\u7f8e\u56fe\u3002\u4ec5\u9650\u7528\u4f5c\u684c\u9762\u58c1\u7eb8\u3002"}}