{"images":[{"startdate":"20220412","fullstartdate":"202204121600","enddate":"20220413","url":"\/th?id=OHR.Mitsumata_ZH-CN9794271032_1920x1080.jpg&rf=LaDigue_1920x1080.jpg&pid=hp","urlbase":"\/th?id=OHR.Mitsumata_ZH-CN9794271032","copyright":"\u68ee\u6797\u4e2d\u7684\u7ed3\u9999\u82b1\uff0c\u65e5\u672c (\u00a9 nattya3714\/Getty Images)","copyrightlink":"https:\/\/www.bing.com\/search?q=%E7%BB%93%E9%A6%99%E8%8A%B1&form=hpcapt&mkt=zh-cn","title":"\u662f\u91d1\u8272\u7684\u82b1\u6735\uff1f\u8fd8\u662f\u9020\u7eb8\u7684\u7075\u9b42\uff1f","quiz":"\/search?q=Bing+homepage+quiz&filters=WQOskey:%22HPQuiz_20220412_Mitsumata%22&FORM=HPQUIZ","wp":true,"hsh":"de7aaccd6cc7459bc62f66a256161194","drk":1,"top":1,"bot":1,"hs":[]}],"tooltips":{"loading":"\u6b63\u5728\u52a0\u8f7d...","previous":"\u4e0a\u4e00\u4e2a\u56fe\u50cf","next":"\u4e0b\u4e00\u4e2a\u56fe\u50cf","walle":"\u6b64\u56fe\u7247\u4e0d\u80fd\u4e0b\u8f7d\u7528\u4f5c\u58c1\u7eb8\u3002","walls":"\u4e0b\u8f7d\u4eca\u65e5\u7f8e\u56fe\u3002\u4ec5\u9650\u7528\u4f5c\u684c\u9762\u58c1\u7eb8\u3002"}}