{"images":[{"startdate":"20220303","fullstartdate":"202203031600","enddate":"20220304","url":"\/th?id=OHR.WeinstadelNuernberg_ZH-CN6448054345_1920x1080.jpg&rf=LaDigue_1920x1080.jpg&pid=hp","urlbase":"\/th?id=OHR.WeinstadelNuernberg_ZH-CN6448054345","copyright":"\u4f69\u683c\u5c3c\u8328\u6cb3\u4e0a\u7684\u8461\u8404\u9152\u7a96\uff0c\u5fb7\u56fd\u7ebd\u4f26\u5821 (\u00a9 Reinhard Schmid\/Huber\/eStock Photo)","copyrightlink":"https:\/\/www.bing.com\/search?q=%E4%BD%A9%E6%A0%BC%E5%B0%BC%E8%8C%A8%E6%B2%B3&form=hpcapt&mkt=zh-cn","title":"\u4f69\u683c\u5c3c\u8328\u6cb3\u4e0a\u7684\u534a\u6728\u7ed3\u6784\u5efa\u7b51","quiz":"\/search?q=Bing+homepage+quiz&filters=WQOskey:%22HPQuiz_20220303_WeinstadelNuernberg%22&FORM=HPQUIZ","wp":true,"hsh":"3f3daf5435f26835d6c5eed9fd732dd7","drk":1,"top":1,"bot":1,"hs":[]}],"tooltips":{"loading":"\u6b63\u5728\u52a0\u8f7d...","previous":"\u4e0a\u4e00\u4e2a\u56fe\u50cf","next":"\u4e0b\u4e00\u4e2a\u56fe\u50cf","walle":"\u6b64\u56fe\u7247\u4e0d\u80fd\u4e0b\u8f7d\u7528\u4f5c\u58c1\u7eb8\u3002","walls":"\u4e0b\u8f7d\u4eca\u65e5\u7f8e\u56fe\u3002\u4ec5\u9650\u7528\u4f5c\u684c\u9762\u58c1\u7eb8\u3002"}}