{"images":[{"startdate":"20210216","fullstartdate":"202102161600","enddate":"20210217","url":"\/th?id=OHR.PeritoMorenoArgentina_ZH-CN8205335022_1920x1080.jpg&rf=LaDigue_1920x1080.jpg&pid=hp","urlbase":"\/th?id=OHR.PeritoMorenoArgentina_ZH-CN8205335022","copyright":"\u51b0\u5ddd\u56fd\u5bb6\u516c\u56ed\u4e2d\u7684\u4f69\u91cc\u6258\u83ab\u96f7\u8bfa\u51b0\u5ddd\uff0c\u963f\u6839\u5ef7 (\u00a9 Juergen Schonnop\/Getty Images)","copyrightlink":"https:\/\/www.bing.com\/search?q=%E4%BD%A9%E9%87%8C%E6%89%98%E8%8E%AB%E9%9B%B7%E8%AF%BA%E5%86%B0%E5%B7%9D&form=hpcapt&mkt=zh-cn","title":"","quiz":"\/search?q=Bing+homepage+quiz&filters=WQOskey:%22HPQuiz_20210216_PeritoMorenoArgentina%22&FORM=HPQUIZ","wp":true,"hsh":"c7c260ee411338e7c69453e18947a7d0","drk":1,"top":1,"bot":1,"hs":[]}],"tooltips":{"loading":"\u6b63\u5728\u52a0\u8f7d...","previous":"\u4e0a\u4e00\u4e2a\u56fe\u50cf","next":"\u4e0b\u4e00\u4e2a\u56fe\u50cf","walle":"\u6b64\u56fe\u7247\u4e0d\u80fd\u4e0b\u8f7d\u7528\u4f5c\u58c1\u7eb8\u3002","walls":"\u4e0b\u8f7d\u4eca\u65e5\u7f8e\u56fe\u3002\u4ec5\u9650\u7528\u4f5c\u684c\u9762\u58c1\u7eb8\u3002"}}