{"images":[{"startdate":"20211006","fullstartdate":"202110061600","enddate":"20211007","url":"\/th?id=OHR.HuayMaeKhamin_ZH-CN2718383027_1920x1080.jpg&rf=LaDigue_1920x1080.jpg&pid=hp","urlbase":"\/th?id=OHR.HuayMaeKhamin_ZH-CN2718383027","copyright":"Khuean Srinagarindra\u56fd\u5bb6\u516c\u56ed\u7684Huay Mae Khamin\u7011\u5e03,\u6cf0\u56fd (\u00a9 Casper1774Studio\/Getty Images)","copyrightlink":"https:\/\/www.bing.com\/search?q=Khuean+Srinagarindra%E5%9B%BD%E5%AE%B6%E5%85%AC%E5%9B%AD&form=hpcapt&mkt=zh-cn","title":"","quiz":"\/search?q=Bing+homepage+quiz&filters=WQOskey:%22HPQuiz_20211006_HuayMaeKhamin%22&FORM=HPQUIZ","wp":true,"hsh":"b5fb9230b2e7738ff4a6131a572ac2ed","drk":1,"top":1,"bot":1,"hs":[]}],"tooltips":{"loading":"\u6b63\u5728\u52a0\u8f7d...","previous":"\u4e0a\u4e00\u4e2a\u56fe\u50cf","next":"\u4e0b\u4e00\u4e2a\u56fe\u50cf","walle":"\u6b64\u56fe\u7247\u4e0d\u80fd\u4e0b\u8f7d\u7528\u4f5c\u58c1\u7eb8\u3002","walls":"\u4e0b\u8f7d\u4eca\u65e5\u7f8e\u56fe\u3002\u4ec5\u9650\u7528\u4f5c\u684c\u9762\u58c1\u7eb8\u3002"}}