{"images":[{"startdate":"20210910","fullstartdate":"202109101600","enddate":"20210911","url":"\/th?id=OHR.HainichBaumwipfelpfad_ZH-CN2635981561_1920x1080.jpg&rf=LaDigue_1920x1080.jpg&pid=hp","urlbase":"\/th?id=OHR.HainichBaumwipfelpfad_ZH-CN2635981561","copyright":"Treetop walkway in Hainich National Park, Thuringia, Germany (\u00a9 mauritius images GmbH\/Alamy)","copyrightlink":"https:\/\/www.bing.com\/search?q=Treetop&form=hpcapt&mkt=zh-cn","title":"","quiz":"\/search?q=Bing+homepage+quiz&filters=WQOskey:%22HPQuiz_20210910_HainichBaumwipfelpfad%22&FORM=HPQUIZ","wp":true,"hsh":"c42303798534fba9b5d4f7a0e3499c2b","drk":1,"top":1,"bot":1,"hs":[]}],"tooltips":{"loading":"\u6b63\u5728\u52a0\u8f7d...","previous":"\u4e0a\u4e00\u4e2a\u56fe\u50cf","next":"\u4e0b\u4e00\u4e2a\u56fe\u50cf","walle":"\u6b64\u56fe\u7247\u4e0d\u80fd\u4e0b\u8f7d\u7528\u4f5c\u58c1\u7eb8\u3002","walls":"\u4e0b\u8f7d\u4eca\u65e5\u7f8e\u56fe\u3002\u4ec5\u9650\u7528\u4f5c\u684c\u9762\u58c1\u7eb8\u3002"}}