{"images":[{"startdate":"20210109","fullstartdate":"202101091600","enddate":"20210110","url":"\/th?id=OHR.GoldenDragon_ZH-CN9908231664_1920x1080.jpg&rf=LaDigue_1920x1080.jpg&pid=hp","urlbase":"\/th?id=OHR.GoldenDragon_ZH-CN9908231664","copyright":"\u56db\u5ddd\u9ec4\u9f99\u98ce\u666f\u540d\u80dc\u533a\uff0c\u4e2d\u56fd (\u00a9 primeimages\/Getty Images)","copyrightlink":"https:\/\/www.bing.com\/search?q=%E9%BB%84%E9%BE%99%E9%A3%8E%E6%99%AF%E5%90%8D%E8%83%9C%E5%8C%BA&form=hpcapt&mkt=zh-cn","title":"","quiz":"\/search?q=Bing+homepage+quiz&filters=WQOskey:%22HPQuiz_20210109_GoldenDragon%22&FORM=HPQUIZ","wp":true,"hsh":"201e0c5692dd813578dc6c6f1e92d6e3","drk":1,"top":1,"bot":1,"hs":[]}],"tooltips":{"loading":"\u6b63\u5728\u52a0\u8f7d...","previous":"\u4e0a\u4e00\u4e2a\u56fe\u50cf","next":"\u4e0b\u4e00\u4e2a\u56fe\u50cf","walle":"\u6b64\u56fe\u7247\u4e0d\u80fd\u4e0b\u8f7d\u7528\u4f5c\u58c1\u7eb8\u3002","walls":"\u4e0b\u8f7d\u4eca\u65e5\u7f8e\u56fe\u3002\u4ec5\u9650\u7528\u4f5c\u684c\u9762\u58c1\u7eb8\u3002"}}