{"images":[{"startdate":"20220127","fullstartdate":"202201271600","enddate":"20220128","url":"\/th?id=OHR.WinteringFowl_ZH-CN8158075445_1920x1080.jpg&rf=LaDigue_1920x1080.jpg&pid=hp","urlbase":"\/th?id=OHR.WinteringFowl_ZH-CN8158075445","copyright":"\u6b63\u5728\u72e9\u730e\u7684\u77ed\u8033\u9e2e\uff0c\u82f1\u683c\u5170\u6797\u80af\u90e1 (\u00a9 Ben Hall\/Minden Pictures)","copyrightlink":"https:\/\/www.bing.com\/search?q=%E7%9F%AD%E8%80%B3%E7%8C%AB%E5%A4%B4%E9%B9%B0&form=hpcapt&mkt=zh-cn","title":"","quiz":"\/search?q=Bing+homepage+quiz&filters=WQOskey:%22HPQuiz_20220127_WinteringFowl%22&FORM=HPQUIZ","wp":true,"hsh":"66e2246e7c6cc101e015afde4078562b","drk":1,"top":1,"bot":1,"hs":[]}],"tooltips":{"loading":"\u6b63\u5728\u52a0\u8f7d...","previous":"\u4e0a\u4e00\u4e2a\u56fe\u50cf","next":"\u4e0b\u4e00\u4e2a\u56fe\u50cf","walle":"\u6b64\u56fe\u7247\u4e0d\u80fd\u4e0b\u8f7d\u7528\u4f5c\u58c1\u7eb8\u3002","walls":"\u4e0b\u8f7d\u4eca\u65e5\u7f8e\u56fe\u3002\u4ec5\u9650\u7528\u4f5c\u684c\u9762\u58c1\u7eb8\u3002"}}