{"images":[{"startdate":"20220219","fullstartdate":"202202191600","enddate":"20220220","url":"\/th?id=OHR.WhalesDolphins_ZH-CN0636695997_1920x1080.jpg&rf=LaDigue_1920x1080.jpg&pid=hp","urlbase":"\/th?id=OHR.WhalesDolphins_ZH-CN0636695997","copyright":"\u5728\u6d77\u6d0b\u91cc\u7545\u6e38\u7684\u5ea7\u5934\u9cb8\u548c\u6d77\u8c5a\uff0c\u7f8e\u56fd\u590f\u5a01\u5937\u5dde (\u00a9 drewsulockcreations\/Getty Images)","copyrightlink":"https:\/\/www.bing.com\/search?q=%E5%BA%A7%E5%A4%B4%E9%B2%B8&form=hpcapt&mkt=zh-cn","title":"\u4e16\u754c\u9cb8\u9c7c\u65e5\u5feb\u4e50","quiz":"\/search?q=Bing+homepage+quiz&filters=WQOskey:%22HPQuiz_20220219_WhalesDolphins%22&FORM=HPQUIZ","wp":true,"hsh":"b23d66d44fdbdb6d80bda000e9858da4","drk":1,"top":1,"bot":1,"hs":[]}],"tooltips":{"loading":"\u6b63\u5728\u52a0\u8f7d...","previous":"\u4e0a\u4e00\u4e2a\u56fe\u50cf","next":"\u4e0b\u4e00\u4e2a\u56fe\u50cf","walle":"\u6b64\u56fe\u7247\u4e0d\u80fd\u4e0b\u8f7d\u7528\u4f5c\u58c1\u7eb8\u3002","walls":"\u4e0b\u8f7d\u4eca\u65e5\u7f8e\u56fe\u3002\u4ec5\u9650\u7528\u4f5c\u684c\u9762\u58c1\u7eb8\u3002"}}