{"images":[{"startdate":"20210304","fullstartdate":"202103041600","enddate":"20210305","url":"\/th?id=OHR.MinasdeRioTinto_ZH-CN3632728092_1920x1080.jpg&rf=LaDigue_1920x1080.jpg&pid=hp","urlbase":"\/th?id=OHR.MinasdeRioTinto_ZH-CN3632728092","copyright":"\u529b\u62d3\u6cb3\u4e2d\u542b\u77ff\u7269\u8d28\u7684\u6c34\uff0c\u897f\u73ed\u7259\u91cc\u5965\u5ef7\u6258\u77ff\u533a (\u00a9 David Santiago Garcia\/Getty Images)","copyrightlink":"https:\/\/www.bing.com\/search?q=%E5%8A%9B%E6%8B%93%E6%B2%B3&form=hpcapt&mkt=zh-cn","title":"","quiz":"\/search?q=Bing+homepage+quiz&filters=WQOskey:%22HPQuiz_20210304_MinasdeRioTinto%22&FORM=HPQUIZ","wp":true,"hsh":"1440b18dc92697fdd4c6808736a0f244","drk":1,"top":1,"bot":1,"hs":[]}],"tooltips":{"loading":"\u6b63\u5728\u52a0\u8f7d...","previous":"\u4e0a\u4e00\u4e2a\u56fe\u50cf","next":"\u4e0b\u4e00\u4e2a\u56fe\u50cf","walle":"\u6b64\u56fe\u7247\u4e0d\u80fd\u4e0b\u8f7d\u7528\u4f5c\u58c1\u7eb8\u3002","walls":"\u4e0b\u8f7d\u4eca\u65e5\u7f8e\u56fe\u3002\u4ec5\u9650\u7528\u4f5c\u684c\u9762\u58c1\u7eb8\u3002"}}