{"images":[{"startdate":"20210114","fullstartdate":"202101141600","enddate":"20210115","url":"\/th?id=OHR.ChateauBeynac_ZH-CN8777586167_1920x1080.jpg&rf=LaDigue_1920x1080.jpg&pid=hp","urlbase":"\/th?id=OHR.ChateauBeynac_ZH-CN8777586167","copyright":"\u4fef\u77b0\u7740\u591a\u5c14\u591a\u6d85\u6cb3\u8c37\u7684\u8d1d\u7eb3\u514b\u57ce\u5821\uff0c\u6cd5\u56fd (\u00a9 Gareth Kirkland\/Alamy)","copyrightlink":"https:\/\/www.bing.com\/search?q=%E8%B4%9D%E7%BA%B3%E5%85%8B%E5%9F%8E%E5%A0%A1&form=hpcapt&mkt=zh-cn","title":"","quiz":"\/search?q=Bing+homepage+quiz&filters=WQOskey:%22HPQuiz_20210114_ChateauBeynac%22&FORM=HPQUIZ","wp":true,"hsh":"771799331e50d74c5dd74fec1e6985ab","drk":1,"top":1,"bot":1,"hs":[]}],"tooltips":{"loading":"\u6b63\u5728\u52a0\u8f7d...","previous":"\u4e0a\u4e00\u4e2a\u56fe\u50cf","next":"\u4e0b\u4e00\u4e2a\u56fe\u50cf","walle":"\u6b64\u56fe\u7247\u4e0d\u80fd\u4e0b\u8f7d\u7528\u4f5c\u58c1\u7eb8\u3002","walls":"\u4e0b\u8f7d\u4eca\u65e5\u7f8e\u56fe\u3002\u4ec5\u9650\u7528\u4f5c\u684c\u9762\u58c1\u7eb8\u3002"}}