{"images":[{"startdate":"20220401","fullstartdate":"202204011600","enddate":"20220402","url":"\/th?id=OHR.WhangareiFalls_ZH-CN9150162556_1920x1080.jpg&rf=LaDigue_1920x1080.jpg&pid=hp","urlbase":"\/th?id=OHR.WhangareiFalls_ZH-CN9150162556","copyright":"\u65fa\u963f\u96f7\u81ea\u7136\u4fdd\u62a4\u533a\u91cc\u7684\u65fa\u963f\u96f7\u7011\u5e03\uff0c\u65b0\u897f\u5170\u5317\u5c9b (\u00a9 Nathan Kavumbura\/Getty Images)","copyrightlink":"https:\/\/www.bing.com\/search?q=%E6%97%BA%E9%98%BF%E9%9B%B7%E7%80%91%E5%B8%83&form=hpcapt&mkt=zh-cn","title":"\u91ce\u9910\u7684\u597d\u53bb\u5904","quiz":"\/search?q=Bing+homepage+quiz&filters=WQOskey:%22HPQuiz_20220401_WhangareiFalls%22&FORM=HPQUIZ","wp":true,"hsh":"4af9d3f4f6dace6e2952045d69910e47","drk":1,"top":1,"bot":1,"hs":[]}],"tooltips":{"loading":"\u6b63\u5728\u52a0\u8f7d...","previous":"\u4e0a\u4e00\u4e2a\u56fe\u50cf","next":"\u4e0b\u4e00\u4e2a\u56fe\u50cf","walle":"\u6b64\u56fe\u7247\u4e0d\u80fd\u4e0b\u8f7d\u7528\u4f5c\u58c1\u7eb8\u3002","walls":"\u4e0b\u8f7d\u4eca\u65e5\u7f8e\u56fe\u3002\u4ec5\u9650\u7528\u4f5c\u684c\u9762\u58c1\u7eb8\u3002"}}