{"images":[{"startdate":"20210408","fullstartdate":"202104081600","enddate":"20210409","url":"\/th?id=OHR.HovenweepDarkSky_ZH-CN5264718531_1920x1080.jpg&rf=LaDigue_1920x1080.jpg&pid=hp","urlbase":"\/th?id=OHR.HovenweepDarkSky_ZH-CN5264718531","copyright":"Hovenweep\u56fd\u5bb6\u7eaa\u5ff5\u7891\u7684\u65b9\u5854\uff0c\u72b9\u4ed6\u5dde (\u00a9 Brad McGinley Photography\/Getty Images)","copyrightlink":"https:\/\/www.bing.com\/search?q=Hovenweep%E5%9B%BD%E5%AE%B6%E7%BA%AA%E5%BF%B5%E7%A2%91&form=hpcapt&mkt=zh-cn","title":"","quiz":"\/search?q=Bing+homepage+quiz&filters=WQOskey:%22HPQuiz_20210408_HovenweepDarkSky%22&FORM=HPQUIZ","wp":true,"hsh":"f296eaa3f2d15f04ab0f7ee1b52e32d0","drk":1,"top":1,"bot":1,"hs":[]}],"tooltips":{"loading":"\u6b63\u5728\u52a0\u8f7d...","previous":"\u4e0a\u4e00\u4e2a\u56fe\u50cf","next":"\u4e0b\u4e00\u4e2a\u56fe\u50cf","walle":"\u6b64\u56fe\u7247\u4e0d\u80fd\u4e0b\u8f7d\u7528\u4f5c\u58c1\u7eb8\u3002","walls":"\u4e0b\u8f7d\u4eca\u65e5\u7f8e\u56fe\u3002\u4ec5\u9650\u7528\u4f5c\u684c\u9762\u58c1\u7eb8\u3002"}}