{"images":[{"startdate":"20210415","fullstartdate":"202104151600","enddate":"20210416","url":"\/th?id=OHR.FlowerTown_ZH-CN6364330124_1920x1080.jpg&rf=LaDigue_1920x1080.jpg&pid=hp","urlbase":"\/th?id=OHR.FlowerTown_ZH-CN6364330124","copyright":"Dinan\u9547\u7684\u9e45\u5375\u77f3\u94fa\u6210\u7684\u8857\u9053\uff0c\u6cd5\u56fd\u5e03\u5217\u5854\u5c3c (\u00a9 Scott Wilson\/Alamy)","copyrightlink":"https:\/\/www.bing.com\/search?q=Dinan%E9%95%87&form=hpcapt&mkt=zh-cn","title":"","quiz":"\/search?q=Bing+homepage+quiz&filters=WQOskey:%22HPQuiz_20210415_FlowerTown%22&FORM=HPQUIZ","wp":true,"hsh":"428bfc89d6a4390c8856e2885a6f4e1a","drk":1,"top":1,"bot":1,"hs":[]}],"tooltips":{"loading":"\u6b63\u5728\u52a0\u8f7d...","previous":"\u4e0a\u4e00\u4e2a\u56fe\u50cf","next":"\u4e0b\u4e00\u4e2a\u56fe\u50cf","walle":"\u6b64\u56fe\u7247\u4e0d\u80fd\u4e0b\u8f7d\u7528\u4f5c\u58c1\u7eb8\u3002","walls":"\u4e0b\u8f7d\u4eca\u65e5\u7f8e\u56fe\u3002\u4ec5\u9650\u7528\u4f5c\u684c\u9762\u58c1\u7eb8\u3002"}}