{"images":[{"startdate":"20210802","fullstartdate":"202108021600","enddate":"20210803","url":"\/th?id=OHR.CasteldelMonte_ZH-CN4436589634_1920x1080.jpg&rf=LaDigue_1920x1080.jpg&pid=hp","urlbase":"\/th?id=OHR.CasteldelMonte_ZH-CN4436589634","copyright":"\u8499\u7279\u57ce\u5821\uff0c\u610f\u5927\u5229\u666e\u5229\u4e9a\u5927\u533a (\u00a9 Toni Spagone\/Alamy)","copyrightlink":"https:\/\/www.bing.com\/search?q=%E8%92%99%E7%89%B9%E5%9F%8E%E5%A0%A1&form=hpcapt&mkt=zh-cn","title":"","quiz":"\/search?q=Bing+homepage+quiz&filters=WQOskey:%22HPQuiz_20210802_CasteldelMonte%22&FORM=HPQUIZ","wp":true,"hsh":"101b71962db6b664aa1512174eafa0ae","drk":1,"top":1,"bot":1,"hs":[]}],"tooltips":{"loading":"\u6b63\u5728\u52a0\u8f7d...","previous":"\u4e0a\u4e00\u4e2a\u56fe\u50cf","next":"\u4e0b\u4e00\u4e2a\u56fe\u50cf","walle":"\u6b64\u56fe\u7247\u4e0d\u80fd\u4e0b\u8f7d\u7528\u4f5c\u58c1\u7eb8\u3002","walls":"\u4e0b\u8f7d\u4eca\u65e5\u7f8e\u56fe\u3002\u4ec5\u9650\u7528\u4f5c\u684c\u9762\u58c1\u7eb8\u3002"}}