{"images":[{"startdate":"20211019","fullstartdate":"202110191600","enddate":"20211020","url":"\/th?id=OHR.SmileySloth_ZH-CN5943980097_1920x1080.jpg&rf=LaDigue_1920x1080.jpg&pid=hp","urlbase":"\/th?id=OHR.SmileySloth_ZH-CN5943980097","copyright":"\u5fae\u7b11\u7684\u6811\u61d2,\u54e5\u65af\u8fbe\u9ece\u52a0 (\u00a9 Lukas Kovarik\/Shutterstock)","copyrightlink":"https:\/\/www.bing.com\/search?q=%E8%A4%90%E5%96%89%E6%A0%91%E6%87%92&form=hpcapt&mkt=zh-cn","title":"","quiz":"\/search?q=Bing+homepage+quiz&filters=WQOskey:%22HPQuiz_20211019_SmileySloth%22&FORM=HPQUIZ","wp":true,"hsh":"21df0d259e7587cd3e4038b076246b2b","drk":1,"top":1,"bot":1,"hs":[]}],"tooltips":{"loading":"\u6b63\u5728\u52a0\u8f7d...","previous":"\u4e0a\u4e00\u4e2a\u56fe\u50cf","next":"\u4e0b\u4e00\u4e2a\u56fe\u50cf","walle":"\u6b64\u56fe\u7247\u4e0d\u80fd\u4e0b\u8f7d\u7528\u4f5c\u58c1\u7eb8\u3002","walls":"\u4e0b\u8f7d\u4eca\u65e5\u7f8e\u56fe\u3002\u4ec5\u9650\u7528\u4f5c\u684c\u9762\u58c1\u7eb8\u3002"}}