{"images":[{"startdate":"20210903","fullstartdate":"202109031600","enddate":"20210904","url":"\/th?id=OHR.AnnasHummingbird_ZH-CN0832228710_1920x1080.jpg&rf=LaDigue_1920x1080.jpg&pid=hp","urlbase":"\/th?id=OHR.AnnasHummingbird_ZH-CN0832228710","copyright":"\u9759\u7acb\u679d\u5934\u7684\u6731\u7ea2\u8702\u9e1f (\u00a9 Dee\/Getty Images)","copyrightlink":"https:\/\/www.bing.com\/search?q=%E6%9C%B1%E7%BA%A2%E8%9C%82%E9%B8%9F&form=hpcapt&mkt=zh-cn","title":"","quiz":"\/search?q=Bing+homepage+quiz&filters=WQOskey:%22HPQuiz_20210903_AnnasHummingbird%22&FORM=HPQUIZ","wp":true,"hsh":"d3283707b3d23df4ba7be21078e86f9d","drk":1,"top":1,"bot":1,"hs":[]}],"tooltips":{"loading":"\u6b63\u5728\u52a0\u8f7d...","previous":"\u4e0a\u4e00\u4e2a\u56fe\u50cf","next":"\u4e0b\u4e00\u4e2a\u56fe\u50cf","walle":"\u6b64\u56fe\u7247\u4e0d\u80fd\u4e0b\u8f7d\u7528\u4f5c\u58c1\u7eb8\u3002","walls":"\u4e0b\u8f7d\u4eca\u65e5\u7f8e\u56fe\u3002\u4ec5\u9650\u7528\u4f5c\u684c\u9762\u58c1\u7eb8\u3002"}}