{"images":[{"startdate":"20211128","fullstartdate":"202111281600","enddate":"20211129","url":"\/th?id=OHR.RainbowMountain_ZH-CN9670076890_1920x1080.jpg&rf=LaDigue_1920x1080.jpg&pid=hp","urlbase":"\/th?id=OHR.RainbowMountain_ZH-CN9670076890","copyright":"\u88ab\u767d\u96ea\u8986\u76d6\u7684\u5f69\u8679\u5c71\uff0c\u79d8\u9c81 (\u00a9 Jude Newkirk\/Amazing Aerial Agency)","copyrightlink":"https:\/\/www.bing.com\/search?q=%E7%A7%98%E9%B2%81%E5%BD%A9%E8%99%B9%E5%B1%B1&form=hpcapt&mkt=zh-cn","title":"","quiz":"\/search?q=Bing+homepage+quiz&filters=WQOskey:%22HPQuiz_20211128_RainbowMountain%22&FORM=HPQUIZ","wp":true,"hsh":"c2c0c05b6fb3773efc55e77f83039f45","drk":1,"top":1,"bot":1,"hs":[]}],"tooltips":{"loading":"\u6b63\u5728\u52a0\u8f7d...","previous":"\u4e0a\u4e00\u4e2a\u56fe\u50cf","next":"\u4e0b\u4e00\u4e2a\u56fe\u50cf","walle":"\u6b64\u56fe\u7247\u4e0d\u80fd\u4e0b\u8f7d\u7528\u4f5c\u58c1\u7eb8\u3002","walls":"\u4e0b\u8f7d\u4eca\u65e5\u7f8e\u56fe\u3002\u4ec5\u9650\u7528\u4f5c\u684c\u9762\u58c1\u7eb8\u3002"}}