{"images":[{"startdate":"20210126","fullstartdate":"202101261600","enddate":"20210127","url":"\/th?id=OHR.Taormina_ZH-CN7163221115_1920x1080.jpg&rf=LaDigue_1920x1080.jpg&pid=hp","urlbase":"\/th?id=OHR.Taormina_ZH-CN7163221115","copyright":"\u897f\u897f\u91cc\u5c9b\u9676\u5c14\u7c73\u7eb3\uff0c\u610f\u5927\u5229 (\u00a9 Juergen Schonnop\/Getty Images)","copyrightlink":"https:\/\/www.bing.com\/search?q=%E9%99%B6%E5%B0%94%E7%B1%B3%E7%BA%B3&form=hpcapt&mkt=zh-cn","title":"","quiz":"\/search?q=Bing+homepage+quiz&filters=WQOskey:%22HPQuiz_20210126_Taormina%22&FORM=HPQUIZ","wp":true,"hsh":"bc160a59af24eb699134c6ea2b757f5d","drk":1,"top":1,"bot":1,"hs":[]}],"tooltips":{"loading":"\u6b63\u5728\u52a0\u8f7d...","previous":"\u4e0a\u4e00\u4e2a\u56fe\u50cf","next":"\u4e0b\u4e00\u4e2a\u56fe\u50cf","walle":"\u6b64\u56fe\u7247\u4e0d\u80fd\u4e0b\u8f7d\u7528\u4f5c\u58c1\u7eb8\u3002","walls":"\u4e0b\u8f7d\u4eca\u65e5\u7f8e\u56fe\u3002\u4ec5\u9650\u7528\u4f5c\u684c\u9762\u58c1\u7eb8\u3002"}}