{"images":[{"startdate":"20220107","fullstartdate":"202201071600","enddate":"20220108","url":"\/th?id=OHR.WinterBison_ZH-CN0120689382_1920x1080.jpg&rf=LaDigue_1920x1080.jpg&pid=hp","urlbase":"\/th?id=OHR.WinterBison_ZH-CN0120689382","copyright":"\u9ec4\u77f3\u56fd\u5bb6\u516c\u56ed\u7684\u7f8e\u6d32\u91ce\u725b\uff0c\u7f8e\u56fd\u6000\u4fc4\u660e\u5dde (\u00a9 Steve Gettle\/Minden Pictures)","copyrightlink":"https:\/\/www.bing.com\/search?q=%E7%BE%8E%E6%B4%B2%E9%87%8E%E7%89%9B&form=hpcapt&mkt=zh-cn","title":"","quiz":"\/search?q=Bing+homepage+quiz&filters=WQOskey:%22HPQuiz_20220107_WinterBison%22&FORM=HPQUIZ","wp":true,"hsh":"67d1381e284a53e3fa5a2d696d353a5c","drk":1,"top":1,"bot":1,"hs":[]}],"tooltips":{"loading":"\u6b63\u5728\u52a0\u8f7d...","previous":"\u4e0a\u4e00\u4e2a\u56fe\u50cf","next":"\u4e0b\u4e00\u4e2a\u56fe\u50cf","walle":"\u6b64\u56fe\u7247\u4e0d\u80fd\u4e0b\u8f7d\u7528\u4f5c\u58c1\u7eb8\u3002","walls":"\u4e0b\u8f7d\u4eca\u65e5\u7f8e\u56fe\u3002\u4ec5\u9650\u7528\u4f5c\u684c\u9762\u58c1\u7eb8\u3002"}}