{"images":[{"startdate":"20210201","fullstartdate":"202102011600","enddate":"20210202","url":"\/th?id=OHR.RainbowMarmot_ZH-CN4605973404_1920x1080.jpg&rf=LaDigue_1920x1080.jpg&pid=hp","urlbase":"\/th?id=OHR.RainbowMarmot_ZH-CN4605973404","copyright":"\u5927\u683c\u6d1b\u514b\u7eb3\u5c71\u5c71\u5cf0\u524d\u7684\u571f\u62e8\u9f20\uff0c\u5965\u5730\u5229 (\u00a9 SeppFriedhuber\/Getty Images)","copyrightlink":"https:\/\/www.bing.com\/search?q=%E5%9C%9F%E6%8B%A8%E9%BC%A0&form=hpcapt&mkt=zh-cn","title":"","quiz":"\/search?q=Bing+homepage+quiz&filters=WQOskey:%22HPQuiz_20210201_RainbowMarmot%22&FORM=HPQUIZ","wp":true,"hsh":"0d6d2c8569333379fc7e7085dc566f0c","drk":1,"top":1,"bot":1,"hs":[]}],"tooltips":{"loading":"\u6b63\u5728\u52a0\u8f7d...","previous":"\u4e0a\u4e00\u4e2a\u56fe\u50cf","next":"\u4e0b\u4e00\u4e2a\u56fe\u50cf","walle":"\u6b64\u56fe\u7247\u4e0d\u80fd\u4e0b\u8f7d\u7528\u4f5c\u58c1\u7eb8\u3002","walls":"\u4e0b\u8f7d\u4eca\u65e5\u7f8e\u56fe\u3002\u4ec5\u9650\u7528\u4f5c\u684c\u9762\u58c1\u7eb8\u3002"}}