{"images":[{"startdate":"20220225","fullstartdate":"202202251600","enddate":"20220226","url":"\/th?id=OHR.LamplughGlacier_ZH-CN5709513673_1920x1080.jpg&rf=LaDigue_1920x1080.jpg&pid=hp","urlbase":"\/th?id=OHR.LamplughGlacier_ZH-CN5709513673","copyright":"\u51b0\u5ddd\u6e7e\u56fd\u5bb6\u516c\u56ed\u91cc\u7684\u5170\u666e\u9c81\u51b0\u5ddd\uff0c\u7f8e\u56fd\u963f\u62c9\u65af\u52a0\u5dde (\u00a9 Andrew Peacock\/Getty Images)","copyrightlink":"https:\/\/www.bing.com\/search?q=%E5%86%B0%E5%B7%9D%E6%B9%BE%E5%9B%BD%E5%AE%B6%E5%85%AC%E5%9B%AD&form=hpcapt&mkt=zh-cn","title":"\u53e4\u8001\u7684\u51b0\u5ddd\u4e0e\u5927\u6d77\u76f8\u9047\u7684\u5730\u65b9","quiz":"\/search?q=Bing+homepage+quiz&filters=WQOskey:%22HPQuiz_20220225_LamplughGlacier%22&FORM=HPQUIZ","wp":true,"hsh":"046098f611d83864bda5b08ec47d9c54","drk":1,"top":1,"bot":1,"hs":[]}],"tooltips":{"loading":"\u6b63\u5728\u52a0\u8f7d...","previous":"\u4e0a\u4e00\u4e2a\u56fe\u50cf","next":"\u4e0b\u4e00\u4e2a\u56fe\u50cf","walle":"\u6b64\u56fe\u7247\u4e0d\u80fd\u4e0b\u8f7d\u7528\u4f5c\u58c1\u7eb8\u3002","walls":"\u4e0b\u8f7d\u4eca\u65e5\u7f8e\u56fe\u3002\u4ec5\u9650\u7528\u4f5c\u684c\u9762\u58c1\u7eb8\u3002"}}