{"images":[{"startdate":"20220101","fullstartdate":"202201011600","enddate":"20220102","url":"\/th?id=OHR.SnowyPrague_ZH-CN9794475183_1920x1080.jpg&rf=LaDigue_1920x1080.jpg&pid=hp","urlbase":"\/th?id=OHR.SnowyPrague_ZH-CN9794475183","copyright":"\u96ea\u540e\u7684\u5e03\u62c9\u683c\uff0c\u6377\u514b\u5171\u548c\u56fd (\u00a9 benkrut\/Getty Images)","copyrightlink":"https:\/\/www.bing.com\/search?q=%E6%8D%B7%E5%85%8B%E5%B8%83%E6%8B%89%E6%A0%BC&form=hpcapt&mkt=zh-cn","title":"","quiz":"\/search?q=Bing+homepage+quiz&filters=WQOskey:%22HPQuiz_20220101_SnowyPrague%22&FORM=HPQUIZ","wp":true,"hsh":"7dc5751f905012979161cca98871247b","drk":1,"top":1,"bot":1,"hs":[]}],"tooltips":{"loading":"\u6b63\u5728\u52a0\u8f7d...","previous":"\u4e0a\u4e00\u4e2a\u56fe\u50cf","next":"\u4e0b\u4e00\u4e2a\u56fe\u50cf","walle":"\u6b64\u56fe\u7247\u4e0d\u80fd\u4e0b\u8f7d\u7528\u4f5c\u58c1\u7eb8\u3002","walls":"\u4e0b\u8f7d\u4eca\u65e5\u7f8e\u56fe\u3002\u4ec5\u9650\u7528\u4f5c\u684c\u9762\u58c1\u7eb8\u3002"}}