{"images":[{"startdate":"20210227","fullstartdate":"202102271600","enddate":"20210228","url":"\/th?id=OHR.TurfHouse_ZH-CN3250210711_1920x1080.jpg&rf=LaDigue_1920x1080.jpg&pid=hp","urlbase":"\/th?id=OHR.TurfHouse_ZH-CN3250210711","copyright":"\u65af\u5361\u592b\u5854\u5c71\u4e2d\u7684\u4f20\u7edf\u519c\u820d\uff0c\u51b0\u5c9b\u74e6\u7279\u7eb3\u51b0\u5ddd\u56fd\u5bb6\u516c\u56ed (\u00a9 Jarcosa\/Getty Images)","copyrightlink":"https:\/\/www.bing.com\/search?q=%E6%96%AF%E5%8D%A1%E5%A4%AB%E5%A1%94%E5%B1%B1&form=hpcapt&mkt=zh-cn","title":"","quiz":"\/search?q=Bing+homepage+quiz&filters=WQOskey:%22HPQuiz_20210227_TurfHouse%22&FORM=HPQUIZ","wp":true,"hsh":"9644c455f31872432143b21cf99cfae6","drk":1,"top":1,"bot":1,"hs":[]}],"tooltips":{"loading":"\u6b63\u5728\u52a0\u8f7d...","previous":"\u4e0a\u4e00\u4e2a\u56fe\u50cf","next":"\u4e0b\u4e00\u4e2a\u56fe\u50cf","walle":"\u6b64\u56fe\u7247\u4e0d\u80fd\u4e0b\u8f7d\u7528\u4f5c\u58c1\u7eb8\u3002","walls":"\u4e0b\u8f7d\u4eca\u65e5\u7f8e\u56fe\u3002\u4ec5\u9650\u7528\u4f5c\u684c\u9762\u58c1\u7eb8\u3002"}}