{"images":[{"startdate":"20201228","fullstartdate":"202012281600","enddate":"20201229","url":"\/th?id=OHR.LucerneHoliday_ZH-CN8762232954_1920x1080.jpg&rf=LaDigue_1920x1080.jpg&pid=hp","urlbase":"\/th?id=OHR.LucerneHoliday_ZH-CN8762232954","copyright":"\u5362\u585e\u6069\u8001\u57ce\uff0c\u745e\u58eb (\u00a9 Xantana\/Getty Images)","copyrightlink":"https:\/\/www.bing.com\/search?q=%E5%8D%A2%E5%A1%9E%E6%81%A9%E8%80%81%E5%9F%8E&form=hpcapt&mkt=zh-cn","title":"","quiz":"\/search?q=Bing+homepage+quiz&filters=WQOskey:%22HPQuiz_20201228_LucerneHoliday%22&FORM=HPQUIZ","wp":true,"hsh":"44b1f2bc4e6339482505bb21ca51494a","drk":1,"top":1,"bot":1,"hs":[]}],"tooltips":{"loading":"\u6b63\u5728\u52a0\u8f7d...","previous":"\u4e0a\u4e00\u4e2a\u56fe\u50cf","next":"\u4e0b\u4e00\u4e2a\u56fe\u50cf","walle":"\u6b64\u56fe\u7247\u4e0d\u80fd\u4e0b\u8f7d\u7528\u4f5c\u58c1\u7eb8\u3002","walls":"\u4e0b\u8f7d\u4eca\u65e5\u7f8e\u56fe\u3002\u4ec5\u9650\u7528\u4f5c\u684c\u9762\u58c1\u7eb8\u3002"}}