{"images":[{"startdate":"20210823","fullstartdate":"202108231600","enddate":"20210824","url":"\/th?id=OHR.HippieTown_ZH-CN0980866245_1920x1080.jpg&rf=LaDigue_1920x1080.jpg&pid=hp","urlbase":"\/th?id=OHR.HippieTown_ZH-CN0980866245","copyright":"\u6392\u6210\u7bf1\u7b06\u6a21\u6837\u7684\u65e7\u6ed1\u677f\uff0c\u590f\u5a01\u5937\u6bdb\u4f0a\u5c9b (\u00a9 Matt Anderson Photography\/Getty Images)","copyrightlink":"https:\/\/www.bing.com\/search?q=%E6%AF%9B%E4%BC%8A%E5%B2%9B&form=hpcapt&mkt=zh-cn","title":"","quiz":"\/search?q=Bing+homepage+quiz&filters=WQOskey:%22HPQuiz_20210823_HippieTown%22&FORM=HPQUIZ","wp":true,"hsh":"733bcf33b5d403e057f91c84b385ca16","drk":1,"top":1,"bot":1,"hs":[]}],"tooltips":{"loading":"\u6b63\u5728\u52a0\u8f7d...","previous":"\u4e0a\u4e00\u4e2a\u56fe\u50cf","next":"\u4e0b\u4e00\u4e2a\u56fe\u50cf","walle":"\u6b64\u56fe\u7247\u4e0d\u80fd\u4e0b\u8f7d\u7528\u4f5c\u58c1\u7eb8\u3002","walls":"\u4e0b\u8f7d\u4eca\u65e5\u7f8e\u56fe\u3002\u4ec5\u9650\u7528\u4f5c\u684c\u9762\u58c1\u7eb8\u3002"}}