{"images":[{"startdate":"20211023","fullstartdate":"202110231600","enddate":"20211024","url":"\/th?id=OHR.Bavljenac_ZH-CN1739905750_1920x1080.jpg&rf=LaDigue_1920x1080.jpg&pid=hp","urlbase":"\/th?id=OHR.Bavljenac_ZH-CN1739905750","copyright":"\u50cf\u5de8\u5927\u6307\u7eb9\u4e00\u6837\u7684Bavljenac\u5c9b\uff0c\u514b\u7f57\u5730\u4e9a (\u00a9 Julien Duval\/Amazing Aerial Agency)","copyrightlink":"https:\/\/www.bing.com\/search?q=%E5%85%8B%E7%BD%97%E5%9C%B0%E4%BA%9A&form=hpcapt&mkt=zh-cn","title":"","quiz":"\/search?q=Bing+homepage+quiz&filters=WQOskey:%22HPQuiz_20211023_Bavljenac%22&FORM=HPQUIZ","wp":true,"hsh":"c3f6dee0146091ffe4c7e8ac60bf22f1","drk":1,"top":1,"bot":1,"hs":[]}],"tooltips":{"loading":"\u6b63\u5728\u52a0\u8f7d...","previous":"\u4e0a\u4e00\u4e2a\u56fe\u50cf","next":"\u4e0b\u4e00\u4e2a\u56fe\u50cf","walle":"\u6b64\u56fe\u7247\u4e0d\u80fd\u4e0b\u8f7d\u7528\u4f5c\u58c1\u7eb8\u3002","walls":"\u4e0b\u8f7d\u4eca\u65e5\u7f8e\u56fe\u3002\u4ec5\u9650\u7528\u4f5c\u684c\u9762\u58c1\u7eb8\u3002"}}