{"images":[{"startdate":"20211027","fullstartdate":"202110271600","enddate":"20211028","url":"\/th?id=OHR.Dargavs_ZH-CN2721319869_1920x1080.jpg&rf=LaDigue_1920x1080.jpg&pid=hp","urlbase":"\/th?id=OHR.Dargavs_ZH-CN2721319869","copyright":"\u5317\u5965\u585e\u68af-\u963f\u5170\u5171\u548c\u56fd\u7684\u4e00\u7247\u5893\u5730\uff0c\u4fc4\u7f57\u65af (\u00a9 Yakov Oskanov\/Shutterstock)","copyrightlink":"https:\/\/www.bing.com\/search?q=%E5%8C%97%E5%A5%A5%E5%A1%9E%E6%A2%AF-%E9%98%BF%E5%85%B0%E5%85%B1%E5%92%8C%E5%9B%BD&form=hpcapt&mkt=zh-cn","title":"","quiz":"\/search?q=Bing+homepage+quiz&filters=WQOskey:%22HPQuiz_20211027_Dargavs%22&FORM=HPQUIZ","wp":true,"hsh":"dec07a53720e890136b8ff091f6cb118","drk":1,"top":1,"bot":1,"hs":[]}],"tooltips":{"loading":"\u6b63\u5728\u52a0\u8f7d...","previous":"\u4e0a\u4e00\u4e2a\u56fe\u50cf","next":"\u4e0b\u4e00\u4e2a\u56fe\u50cf","walle":"\u6b64\u56fe\u7247\u4e0d\u80fd\u4e0b\u8f7d\u7528\u4f5c\u58c1\u7eb8\u3002","walls":"\u4e0b\u8f7d\u4eca\u65e5\u7f8e\u56fe\u3002\u4ec5\u9650\u7528\u4f5c\u684c\u9762\u58c1\u7eb8\u3002"}}