{"images":[{"startdate":"20220120","fullstartdate":"202201201600","enddate":"20220121","url":"\/th?id=OHR.HuggingDay_ZH-CN2984681593_1920x1080.jpg&rf=LaDigue_1920x1080.jpg&pid=hp","urlbase":"\/th?id=OHR.HuggingDay_ZH-CN2984681593","copyright":"\u8349\u4e1b\u4e2d\u7684\u6bcd\u72ee\u548c\u5b83\u7684\u5e7c\u5d3d\uff0c\u5357\u975e (\u00a9 Andrew Coleman\/Getty Images)","copyrightlink":"https:\/\/www.bing.com\/search?q=%E7%8B%AE%E5%AD%90&form=hpcapt&mkt=zh-cn","title":"","quiz":"\/search?q=Bing+homepage+quiz&filters=WQOskey:%22HPQuiz_20220120_HuggingDay%22&FORM=HPQUIZ","wp":true,"hsh":"858f8a2a22b7077d650c30357627d8c9","drk":1,"top":1,"bot":1,"hs":[]}],"tooltips":{"loading":"\u6b63\u5728\u52a0\u8f7d...","previous":"\u4e0a\u4e00\u4e2a\u56fe\u50cf","next":"\u4e0b\u4e00\u4e2a\u56fe\u50cf","walle":"\u6b64\u56fe\u7247\u4e0d\u80fd\u4e0b\u8f7d\u7528\u4f5c\u58c1\u7eb8\u3002","walls":"\u4e0b\u8f7d\u4eca\u65e5\u7f8e\u56fe\u3002\u4ec5\u9650\u7528\u4f5c\u684c\u9762\u58c1\u7eb8\u3002"}}