{"images":[{"startdate":"20210518","fullstartdate":"202105181600","enddate":"20210519","url":"\/th?id=OHR.RoanRhododendron_ZH-CN6519978283_1920x1080.jpg&rf=LaDigue_1920x1080.jpg&pid=hp","urlbase":"\/th?id=OHR.RoanRhododendron_ZH-CN6519978283","copyright":"\u98d8\u843d\u7684\u675c\u9e43\u82b1\u74e3\u94fa\u5728Grassy Ridge Bald\u5c71\u7684\u5c0f\u5f84\u4e0a\uff0c\u5317\u5361\u7f57\u83b1\u7eb3\u5dde\u76ae\u65af\u52a0\u56fd\u5bb6\u68ee\u6797 (\u00a9 aheflin\/Getty Images Plus)","copyrightlink":"https:\/\/www.bing.com\/search?q=%E7%9A%AE%E6%96%AF%E5%8A%A0%E5%9B%BD%E5%AE%B6%E6%A3%AE%E6%9E%97&form=hpcapt&mkt=zh-cn","title":"","quiz":"\/search?q=Bing+homepage+quiz&filters=WQOskey:%22HPQuiz_20210518_RoanRhododendron%22&FORM=HPQUIZ","wp":false,"hsh":"3f3ba2698a9d44d345e15c3e5e40ff29","drk":1,"top":1,"bot":1,"hs":[]}],"tooltips":{"loading":"\u6b63\u5728\u52a0\u8f7d...","previous":"\u4e0a\u4e00\u4e2a\u56fe\u50cf","next":"\u4e0b\u4e00\u4e2a\u56fe\u50cf","walle":"\u6b64\u56fe\u7247\u4e0d\u80fd\u4e0b\u8f7d\u7528\u4f5c\u58c1\u7eb8\u3002","walls":"\u4e0b\u8f7d\u4eca\u65e5\u7f8e\u56fe\u3002\u4ec5\u9650\u7528\u4f5c\u684c\u9762\u58c1\u7eb8\u3002"}}