{"images":[{"startdate":"20210124","fullstartdate":"202101241600","enddate":"20210125","url":"\/th?id=OHR.ChurchRock_ZH-CN6926315999_1920x1080.jpg&rf=LaDigue_1920x1080.jpg&pid=hp","urlbase":"\/th?id=OHR.ChurchRock_ZH-CN6926315999","copyright":"\u7ea2\u77f3\u516c\u56ed\u6559\u5802\u5ca9\u9644\u8fd1\u7684\u96f7\u51fb\uff0c\u65b0\u58a8\u897f\u54e5\u5dde (\u00a9 Tim Fitzharris\/Minden Pictures)","copyrightlink":"https:\/\/www.bing.com\/search?q=%E7%BA%A2%E7%9F%B3%E5%85%AC%E5%9B%AD%E6%95%99%E5%A0%82&form=hpcapt&mkt=zh-cn","title":"","quiz":"\/search?q=Bing+homepage+quiz&filters=WQOskey:%22HPQuiz_20210124_ChurchRock%22&FORM=HPQUIZ","wp":true,"hsh":"cdae6c57dbb4fe473dfd4f93b7870b8b","drk":1,"top":1,"bot":1,"hs":[]}],"tooltips":{"loading":"\u6b63\u5728\u52a0\u8f7d...","previous":"\u4e0a\u4e00\u4e2a\u56fe\u50cf","next":"\u4e0b\u4e00\u4e2a\u56fe\u50cf","walle":"\u6b64\u56fe\u7247\u4e0d\u80fd\u4e0b\u8f7d\u7528\u4f5c\u58c1\u7eb8\u3002","walls":"\u4e0b\u8f7d\u4eca\u65e5\u7f8e\u56fe\u3002\u4ec5\u9650\u7528\u4f5c\u684c\u9762\u58c1\u7eb8\u3002"}}