{"images":[{"startdate":"20201231","fullstartdate":"202012311600","enddate":"20210101","url":"\/th?id=OHR.LoonyDook_ZH-CN1879420705_1920x1080.jpg&rf=LaDigue_1920x1080.jpg&pid=hp","urlbase":"\/th?id=OHR.LoonyDook_ZH-CN1879420705","copyright":"\u65af\u74e6\u5c14\u5df4\u7fa4\u5c9b\u9644\u8fd1\u6c34\u57df\u7684\u5317\u6781\u718a\uff0c\u632a\u5a01 (\u00a9 Westend61\/Getty Images)","copyrightlink":"https:\/\/www.bing.com\/search?q=%E5%8C%97%E6%9E%81%E7%86%8A&form=hpcapt&mkt=zh-cn","title":"","quiz":"\/search?q=Bing+homepage+quiz&filters=WQOskey:%22HPQuiz_20201231_LoonyDook%22&FORM=HPQUIZ","wp":true,"hsh":"708498c78b14115b3ea843b555a89497","drk":1,"top":1,"bot":1,"hs":[]}],"tooltips":{"loading":"\u6b63\u5728\u52a0\u8f7d...","previous":"\u4e0a\u4e00\u4e2a\u56fe\u50cf","next":"\u4e0b\u4e00\u4e2a\u56fe\u50cf","walle":"\u6b64\u56fe\u7247\u4e0d\u80fd\u4e0b\u8f7d\u7528\u4f5c\u58c1\u7eb8\u3002","walls":"\u4e0b\u8f7d\u4eca\u65e5\u7f8e\u56fe\u3002\u4ec5\u9650\u7528\u4f5c\u684c\u9762\u58c1\u7eb8\u3002"}}