{"images":[{"startdate":"20210308","fullstartdate":"202103081600","enddate":"20210309","url":"\/th?id=OHR.RollingHills_ZH-CN3969739987_1920x1080.jpg&rf=LaDigue_1920x1080.jpg&pid=hp","urlbase":"\/th?id=OHR.RollingHills_ZH-CN3969739987","copyright":"\u5723\u4f55\u585e\u9644\u8fd1\u7684\u4ee3\u963f\u5e03\u6d1b\u5cad\u5c71\u9e93\uff0c\u52a0\u5229\u798f\u5c3c\u4e9a (\u00a9 Jeff Lewis\/Tandem Stills + Motion)","copyrightlink":"https:\/\/www.bing.com\/search?q=%E4%BB%A3%E9%98%BF%E5%B8%83%E6%B4%9B%E5%B2%AD%E5%B1%B1%E9%BA%93&form=hpcapt&mkt=zh-cn","title":"","quiz":"\/search?q=Bing+homepage+quiz&filters=WQOskey:%22HPQuiz_20210308_RollingHills%22&FORM=HPQUIZ","wp":true,"hsh":"082c6eae62307b6622d40d9a1784b929","drk":1,"top":1,"bot":1,"hs":[]}],"tooltips":{"loading":"\u6b63\u5728\u52a0\u8f7d...","previous":"\u4e0a\u4e00\u4e2a\u56fe\u50cf","next":"\u4e0b\u4e00\u4e2a\u56fe\u50cf","walle":"\u6b64\u56fe\u7247\u4e0d\u80fd\u4e0b\u8f7d\u7528\u4f5c\u58c1\u7eb8\u3002","walls":"\u4e0b\u8f7d\u4eca\u65e5\u7f8e\u56fe\u3002\u4ec5\u9650\u7528\u4f5c\u684c\u9762\u58c1\u7eb8\u3002"}}