{"images":[{"startdate":"20220227","fullstartdate":"202202271600","enddate":"20220228","url":"\/th?id=OHR.WinterCotswolds_ZH-CN6017348883_1920x1080.jpg&rf=LaDigue_1920x1080.jpg&pid=hp","urlbase":"\/th?id=OHR.WinterCotswolds_ZH-CN6017348883","copyright":"\u971c\u96ea\u8986\u76d6\u4e0b\u7684\u79d1\u8328\u6c83\u5c14\u5fb7\uff0c\u82f1\u683c\u5170 (\u00a9 Peter Adams\/Getty Images)","copyrightlink":"https:\/\/www.bing.com\/search?q=%E7%A7%91%E8%8C%A8%E6%B2%83%E5%B0%94%E5%BE%B7&form=hpcapt&mkt=zh-cn","title":"\u5bd2\u51b7\u964d\u4e34\u79d1\u8328\u6c83\u5c14\u5fb7","quiz":"\/search?q=Bing+homepage+quiz&filters=WQOskey:%22HPQuiz_20220227_WinterCotswolds%22&FORM=HPQUIZ","wp":true,"hsh":"97bb2b580c6db054f5001c395a09b8c7","drk":1,"top":1,"bot":1,"hs":[]}],"tooltips":{"loading":"\u6b63\u5728\u52a0\u8f7d...","previous":"\u4e0a\u4e00\u4e2a\u56fe\u50cf","next":"\u4e0b\u4e00\u4e2a\u56fe\u50cf","walle":"\u6b64\u56fe\u7247\u4e0d\u80fd\u4e0b\u8f7d\u7528\u4f5c\u58c1\u7eb8\u3002","walls":"\u4e0b\u8f7d\u4eca\u65e5\u7f8e\u56fe\u3002\u4ec5\u9650\u7528\u4f5c\u684c\u9762\u58c1\u7eb8\u3002"}}