{"images":[{"startdate":"20220309","fullstartdate":"202203091600","enddate":"20220310","url":"\/th?id=OHR.BobbioItaly_ZH-CN7993515424_1920x1080.jpg&rf=LaDigue_1920x1080.jpg&pid=hp","urlbase":"\/th?id=OHR.BobbioItaly_ZH-CN7993515424","copyright":"Ponte Gobbo\u6865\uff0c\u610f\u5927\u5229\u535a\u6bd4\u5965 (\u00a9 afinocchiaro\/Getty Images)","copyrightlink":"https:\/\/www.bing.com\/search?q=%E6%84%8F%E5%A4%A7%E5%88%A9&form=hpcapt&mkt=zh-cn","title":"\u7279\u96f7\u6bd4\u4e9a\u6cb3\u7684\u5de6\u5cb8\u4fbf\u662f","quiz":"\/search?q=Bing+homepage+quiz&filters=WQOskey:%22HPQuiz_20220309_BobbioItaly%22&FORM=HPQUIZ","wp":true,"hsh":"73ab7395cdb989dd7721ae07e488a6ce","drk":1,"top":1,"bot":1,"hs":[]}],"tooltips":{"loading":"\u6b63\u5728\u52a0\u8f7d...","previous":"\u4e0a\u4e00\u4e2a\u56fe\u50cf","next":"\u4e0b\u4e00\u4e2a\u56fe\u50cf","walle":"\u6b64\u56fe\u7247\u4e0d\u80fd\u4e0b\u8f7d\u7528\u4f5c\u58c1\u7eb8\u3002","walls":"\u4e0b\u8f7d\u4eca\u65e5\u7f8e\u56fe\u3002\u4ec5\u9650\u7528\u4f5c\u684c\u9762\u58c1\u7eb8\u3002"}}