{"images":[{"startdate":"20211120","fullstartdate":"202111201600","enddate":"20211121","url":"\/th?id=OHR.Invergarry_ZH-CN9013535988_1920x1080.jpg&rf=LaDigue_1920x1080.jpg&pid=hp","urlbase":"\/th?id=OHR.Invergarry_ZH-CN9013535988","copyright":"Invergarry\u6751\u5e84\u9644\u8fd1\u7684\u68ee\u6797\uff0c\u82cf\u683c\u5170 (\u00a9 Matt Anderson Photography\/Getty Images)","copyrightlink":"https:\/\/www.bing.com\/search?q=%E8%8B%8F%E6%A0%BC%E5%85%B0&form=hpcapt&mkt=zh-cn","title":"","quiz":"\/search?q=Bing+homepage+quiz&filters=WQOskey:%22HPQuiz_20211120_Invergarry%22&FORM=HPQUIZ","wp":true,"hsh":"423f62fab924061da485ed66c3ea8226","drk":1,"top":1,"bot":1,"hs":[]}],"tooltips":{"loading":"\u6b63\u5728\u52a0\u8f7d...","previous":"\u4e0a\u4e00\u4e2a\u56fe\u50cf","next":"\u4e0b\u4e00\u4e2a\u56fe\u50cf","walle":"\u6b64\u56fe\u7247\u4e0d\u80fd\u4e0b\u8f7d\u7528\u4f5c\u58c1\u7eb8\u3002","walls":"\u4e0b\u8f7d\u4eca\u65e5\u7f8e\u56fe\u3002\u4ec5\u9650\u7528\u4f5c\u684c\u9762\u58c1\u7eb8\u3002"}}