{"images":[{"startdate":"20211108","fullstartdate":"202111081600","enddate":"20211109","url":"\/th?id=OHR.DalyanTombs_ZH-CN1519154607_1920x1080.jpg&rf=LaDigue_1920x1080.jpg&pid=hp","urlbase":"\/th?id=OHR.DalyanTombs_ZH-CN1519154607","copyright":"\u60ac\u5d16\u4e0a\u96d5\u523b\u7684\u53e4\u8001\u5ca9\u77f3\u5893\u846c\uff0c\u571f\u8033\u5176\u8fbe\u5229\u5b89\u9644\u8fd1 (\u00a9 Reinhard Schmid\/eStock Photo)","copyrightlink":"https:\/\/www.bing.com\/search?q=%E5%9C%9F%E8%80%B3%E5%85%B6&form=hpcapt&mkt=zh-cn","title":"","quiz":"\/search?q=Bing+homepage+quiz&filters=WQOskey:%22HPQuiz_20211108_DalyanTombs%22&FORM=HPQUIZ","wp":true,"hsh":"aeb18d1176b306d750517e285ad4c4a0","drk":1,"top":1,"bot":1,"hs":[]}],"tooltips":{"loading":"\u6b63\u5728\u52a0\u8f7d...","previous":"\u4e0a\u4e00\u4e2a\u56fe\u50cf","next":"\u4e0b\u4e00\u4e2a\u56fe\u50cf","walle":"\u6b64\u56fe\u7247\u4e0d\u80fd\u4e0b\u8f7d\u7528\u4f5c\u58c1\u7eb8\u3002","walls":"\u4e0b\u8f7d\u4eca\u65e5\u7f8e\u56fe\u3002\u4ec5\u9650\u7528\u4f5c\u684c\u9762\u58c1\u7eb8\u3002"}}