{"images":[{"startdate":"20210908","fullstartdate":"202109081600","enddate":"20210909","url":"\/th?id=OHR.SanJuanIslands_ZH-CN3763036819_1920x1080.jpg&rf=LaDigue_1920x1080.jpg&pid=hp","urlbase":"\/th?id=OHR.SanJuanIslands_ZH-CN3763036819","copyright":"\u5723\u80e1\u5b89\u7fa4\u5c9b\uff0c\u534e\u76db\u987f\u5dde (\u00a9 Stephen Matera\/Tandem Stills + Motion)","copyrightlink":"https:\/\/www.bing.com\/search?q=%E5%9C%A3%E8%83%A1%E5%AE%89%E7%BE%A4%E5%B2%9B&form=hpcapt&mkt=zh-cn","title":"","quiz":"\/search?q=Bing+homepage+quiz&filters=WQOskey:%22HPQuiz_20210908_SanJuanIslands%22&FORM=HPQUIZ","wp":true,"hsh":"4ed21fa8015c3c48679f6b5d8e26fb9f","drk":1,"top":1,"bot":1,"hs":[]}],"tooltips":{"loading":"\u6b63\u5728\u52a0\u8f7d...","previous":"\u4e0a\u4e00\u4e2a\u56fe\u50cf","next":"\u4e0b\u4e00\u4e2a\u56fe\u50cf","walle":"\u6b64\u56fe\u7247\u4e0d\u80fd\u4e0b\u8f7d\u7528\u4f5c\u58c1\u7eb8\u3002","walls":"\u4e0b\u8f7d\u4eca\u65e5\u7f8e\u56fe\u3002\u4ec5\u9650\u7528\u4f5c\u684c\u9762\u58c1\u7eb8\u3002"}}