{"images":[{"startdate":"20220226","fullstartdate":"202202261600","enddate":"20220227","url":"\/th?id=OHR.IPBDMom_ZH-CN5918907676_1920x1080.jpg&rf=LaDigue_1920x1080.jpg&pid=hp","urlbase":"\/th?id=OHR.IPBDMom_ZH-CN5918907676","copyright":"\u5728\u5988\u5988\u8eab\u65c1\u73a9\u800d\u7684\u5317\u6781\u718a\u5b9d\u5b9d\u4eec\uff0c\u52a0\u62ff\u5927\u66fc\u5c3c\u6258\u5df4\u7701 (\u00a9 Andre Gilden\/Minden Pictures)","copyrightlink":"https:\/\/www.bing.com\/search?q=%E5%8C%97%E6%9E%81%E7%86%8A&form=hpcapt&mkt=zh-cn","title":"\u5c5e\u4e8e\u5317\u65b9\"\u7edf\u6cbb\u8005\"\u7684\u4e00\u5929","quiz":"\/search?q=Bing+homepage+quiz&filters=WQOskey:%22HPQuiz_20220226_IPBDMom%22&FORM=HPQUIZ","wp":true,"hsh":"a44e5952d207e761da3e3c46df562877","drk":1,"top":1,"bot":1,"hs":[]}],"tooltips":{"loading":"\u6b63\u5728\u52a0\u8f7d...","previous":"\u4e0a\u4e00\u4e2a\u56fe\u50cf","next":"\u4e0b\u4e00\u4e2a\u56fe\u50cf","walle":"\u6b64\u56fe\u7247\u4e0d\u80fd\u4e0b\u8f7d\u7528\u4f5c\u58c1\u7eb8\u3002","walls":"\u4e0b\u8f7d\u4eca\u65e5\u7f8e\u56fe\u3002\u4ec5\u9650\u7528\u4f5c\u684c\u9762\u58c1\u7eb8\u3002"}}