{"images":[{"startdate":"20210606","fullstartdate":"202106061600","enddate":"20210607","url":"\/th?id=OHR.BuntingBird_ZH-CN0707942842_1920x1080.jpg&rf=LaDigue_1920x1080.jpg&pid=hp","urlbase":"\/th?id=OHR.BuntingBird_ZH-CN0707942842","copyright":"\u5411\u65e5\u8475\u4e0a\u7684\u975b\u84dd\u5f69\u65d7\u9e1f (\u00a9 William Krumpelman\/Getty Images)","copyrightlink":"https:\/\/www.bing.com\/search?q=%E9%9D%9B%E8%93%9D%E5%BD%A9%E6%97%97%E9%B8%9F&form=hpcapt&mkt=zh-cn","title":"","quiz":"\/search?q=Bing+homepage+quiz&filters=WQOskey:%22HPQuiz_20210606_BuntingBird%22&FORM=HPQUIZ","wp":true,"hsh":"4e112e2afeb9a77a18d0fb69457781ab","drk":1,"top":1,"bot":1,"hs":[]}],"tooltips":{"loading":"\u6b63\u5728\u52a0\u8f7d...","previous":"\u4e0a\u4e00\u4e2a\u56fe\u50cf","next":"\u4e0b\u4e00\u4e2a\u56fe\u50cf","walle":"\u6b64\u56fe\u7247\u4e0d\u80fd\u4e0b\u8f7d\u7528\u4f5c\u58c1\u7eb8\u3002","walls":"\u4e0b\u8f7d\u4eca\u65e5\u7f8e\u56fe\u3002\u4ec5\u9650\u7528\u4f5c\u684c\u9762\u58c1\u7eb8\u3002"}}