{"images":[{"startdate":"20210419","fullstartdate":"202104191600","enddate":"20210420","url":"\/th?id=OHR.Ceking_ZH-CN7314711047_1920x1080.jpg&rf=LaDigue_1920x1080.jpg&pid=hp","urlbase":"\/th?id=OHR.Ceking_ZH-CN7314711047","copyright":"\u4e4c\u5e03\u5fb7\u683c\u62c9\u6717\u68af\u7530\uff0c\u5370\u5ea6\u5c3c\u897f\u4e9a\u5df4\u5398\u5c9b (\u00a9 Michele Falzone\/Alamy)","copyrightlink":"https:\/\/www.bing.com\/search?q=%E4%B9%8C%E5%B8%83%E5%BE%B7%E6%A0%BC%E6%8B%89%E6%9C%97%E6%A2%AF%E7%94%B0&form=hpcapt&mkt=zh-cn","title":"","quiz":"\/search?q=Bing+homepage+quiz&filters=WQOskey:%22HPQuiz_20210419_Ceking%22&FORM=HPQUIZ","wp":true,"hsh":"ccfe319dff12609e3c5c7f80f5193b0f","drk":1,"top":1,"bot":1,"hs":[]}],"tooltips":{"loading":"\u6b63\u5728\u52a0\u8f7d...","previous":"\u4e0a\u4e00\u4e2a\u56fe\u50cf","next":"\u4e0b\u4e00\u4e2a\u56fe\u50cf","walle":"\u6b64\u56fe\u7247\u4e0d\u80fd\u4e0b\u8f7d\u7528\u4f5c\u58c1\u7eb8\u3002","walls":"\u4e0b\u8f7d\u4eca\u65e5\u7f8e\u56fe\u3002\u4ec5\u9650\u7528\u4f5c\u684c\u9762\u58c1\u7eb8\u3002"}}