{"images":[{"startdate":"20210916","fullstartdate":"202109161600","enddate":"20210917","url":"\/th?id=OHR.BenagilCave_ZH-CN0480408879_1920x1080.jpg&rf=LaDigue_1920x1080.jpg&pid=hp","urlbase":"\/th?id=OHR.BenagilCave_ZH-CN0480408879","copyright":"\u8d1d\u7eb3\u5409\u5c14\u6d1e\u7a74\uff0c\u8461\u8404\u7259\u963f\u5c14\u52a0\u7ef4 (\u00a9 Michael Malorny\/Offset by Shutterstock)","copyrightlink":"https:\/\/www.bing.com\/search?q=%E8%B4%9D%E7%BA%B3%E5%90%89%E5%B0%94%E6%B5%B7%E6%BB%A9%E6%B4%9E%E7%A9%B4&form=hpcapt&mkt=zh-cn","title":"","quiz":"\/search?q=Bing+homepage+quiz&filters=WQOskey:%22HPQuiz_20210916_BenagilCave%22&FORM=HPQUIZ","wp":true,"hsh":"8ffdcd64f4bd19a87d7955b63b9e1170","drk":1,"top":1,"bot":1,"hs":[]}],"tooltips":{"loading":"\u6b63\u5728\u52a0\u8f7d...","previous":"\u4e0a\u4e00\u4e2a\u56fe\u50cf","next":"\u4e0b\u4e00\u4e2a\u56fe\u50cf","walle":"\u6b64\u56fe\u7247\u4e0d\u80fd\u4e0b\u8f7d\u7528\u4f5c\u58c1\u7eb8\u3002","walls":"\u4e0b\u8f7d\u4eca\u65e5\u7f8e\u56fe\u3002\u4ec5\u9650\u7528\u4f5c\u684c\u9762\u58c1\u7eb8\u3002"}}