{"images":[{"startdate":"20201222","fullstartdate":"202012221600","enddate":"20201223","url":"\/th?id=OHR.BandedPipefish_ZH-CN8209616080_1920x1080.jpg&rf=LaDigue_1920x1080.jpg&pid=hp","urlbase":"\/th?id=OHR.BandedPipefish_ZH-CN8209616080","copyright":"\u83ab\u963f\u5c14\u535a\u963f\u5c14\u9644\u8fd1\u7684\u5e26\u7eb9\u77db\u543b\u6d77\u9f99\uff0c\u83f2\u5f8b\u5bbe (\u00a9 Jenna Szerlag\/Alamy)","copyrightlink":"https:\/\/www.bing.com\/search?q=%E5%B8%A6%E7%BA%B9%E7%9F%9B%E5%90%BB%E6%B5%B7%E9%BE%99&form=hpcapt&mkt=zh-cn","title":"","quiz":"\/search?q=Bing+homepage+quiz&filters=WQOskey:%22HPQuiz_20201222_BandedPipefish%22&FORM=HPQUIZ","wp":true,"hsh":"5c941b9849ff540531337d70a04d1df3","drk":1,"top":1,"bot":1,"hs":[]}],"tooltips":{"loading":"\u6b63\u5728\u52a0\u8f7d...","previous":"\u4e0a\u4e00\u4e2a\u56fe\u50cf","next":"\u4e0b\u4e00\u4e2a\u56fe\u50cf","walle":"\u6b64\u56fe\u7247\u4e0d\u80fd\u4e0b\u8f7d\u7528\u4f5c\u58c1\u7eb8\u3002","walls":"\u4e0b\u8f7d\u4eca\u65e5\u7f8e\u56fe\u3002\u4ec5\u9650\u7528\u4f5c\u684c\u9762\u58c1\u7eb8\u3002"}}