{"images":[{"startdate":"20210309","fullstartdate":"202103091600","enddate":"20210310","url":"\/th?id=OHR.HinterseeRamsau_ZH-CN4043630556_1920x1080.jpg&rf=LaDigue_1920x1080.jpg&pid=hp","urlbase":"\/th?id=OHR.HinterseeRamsau_ZH-CN4043630556","copyright":"\u88ab\u963f\u5c14\u5351\u65af\u5c71\u73af\u62b1\u7684\u8f9b\u7279\u6e56\uff0c\u5fb7\u56fd\u8d1d\u5e0c\u7279\u65af\u52a0\u767b (\u00a9 Offset by Shutterstock)","copyrightlink":"https:\/\/www.bing.com\/search?q=%E8%BE%9B%E7%89%B9%E6%B9%96&form=hpcapt&mkt=zh-cn","title":"","quiz":"\/search?q=Bing+homepage+quiz&filters=WQOskey:%22HPQuiz_20210309_HinterseeRamsau%22&FORM=HPQUIZ","wp":true,"hsh":"937f58c24584dec75939aa34e755d64d","drk":1,"top":1,"bot":1,"hs":[]}],"tooltips":{"loading":"\u6b63\u5728\u52a0\u8f7d...","previous":"\u4e0a\u4e00\u4e2a\u56fe\u50cf","next":"\u4e0b\u4e00\u4e2a\u56fe\u50cf","walle":"\u6b64\u56fe\u7247\u4e0d\u80fd\u4e0b\u8f7d\u7528\u4f5c\u58c1\u7eb8\u3002","walls":"\u4e0b\u8f7d\u4eca\u65e5\u7f8e\u56fe\u3002\u4ec5\u9650\u7528\u4f5c\u684c\u9762\u58c1\u7eb8\u3002"}}