{"images":[{"startdate":"20210212","fullstartdate":"202102121600","enddate":"20210213","url":"\/th?id=OHR.BluebirdsEastern_ZH-CN2598458880_1920x1080.jpg&rf=LaDigue_1920x1080.jpg&pid=hp","urlbase":"\/th?id=OHR.BluebirdsEastern_ZH-CN2598458880","copyright":"\u56db\u53ea\u4e1c\u84dd\u9e32\uff0c\u5317\u5361\u7f57\u83b1\u7eb3\u5dde\u590f\u6d1b\u7279 (\u00a9 Elizabeth W. Kearley\/Getty Images)","copyrightlink":"https:\/\/www.bing.com\/search?q=%E4%B8%9C%E8%93%9D%E9%B8%B2&form=hpcapt&mkt=zh-cn","title":"","quiz":"\/search?q=Bing+homepage+quiz&filters=WQOskey:%22HPQuiz_20210212_BluebirdsEastern%22&FORM=HPQUIZ","wp":true,"hsh":"375fc4d50dba8cc12f59c06a52694a72","drk":1,"top":1,"bot":1,"hs":[]}],"tooltips":{"loading":"\u6b63\u5728\u52a0\u8f7d...","previous":"\u4e0a\u4e00\u4e2a\u56fe\u50cf","next":"\u4e0b\u4e00\u4e2a\u56fe\u50cf","walle":"\u6b64\u56fe\u7247\u4e0d\u80fd\u4e0b\u8f7d\u7528\u4f5c\u58c1\u7eb8\u3002","walls":"\u4e0b\u8f7d\u4eca\u65e5\u7f8e\u56fe\u3002\u4ec5\u9650\u7528\u4f5c\u684c\u9762\u58c1\u7eb8\u3002"}}