{"images":[{"startdate":"20210403","fullstartdate":"202104031600","enddate":"20210404","url":"\/th?id=OHR.Qingming2021_ZH-CN6154314555_1920x1080.jpg&rf=LaDigue_1920x1080.jpg&pid=hp","urlbase":"\/th?id=OHR.Qingming2021_ZH-CN6154314555","copyright":"\u3010\u4eca\u65e5\u6e05\u660e\u3011\uff08 \u00a9 yangphoto \uff09","copyrightlink":"https:\/\/www.bing.com\/search?q=%E6%B8%85%E6%98%8E&form=hpcapt&mkt=zh-cn","title":"","quiz":"\/search?q=Bing+homepage+quiz&filters=WQOskey:%22HPQuiz_20210403_Qingming2021%22&FORM=HPQUIZ","wp":true,"hsh":"da5243dca8f66a93aa36f2974a70ee2a","drk":1,"top":1,"bot":1,"hs":[]}],"tooltips":{"loading":"\u6b63\u5728\u52a0\u8f7d...","previous":"\u4e0a\u4e00\u4e2a\u56fe\u50cf","next":"\u4e0b\u4e00\u4e2a\u56fe\u50cf","walle":"\u6b64\u56fe\u7247\u4e0d\u80fd\u4e0b\u8f7d\u7528\u4f5c\u58c1\u7eb8\u3002","walls":"\u4e0b\u8f7d\u4eca\u65e5\u7f8e\u56fe\u3002\u4ec5\u9650\u7528\u4f5c\u684c\u9762\u58c1\u7eb8\u3002"}}