{"images":[{"startdate":"20220124","fullstartdate":"202201241600","enddate":"20220125","url":"\/th?id=OHR.StDwynwensDay_ZH-CN3187096355_1920x1080.jpg&rf=LaDigue_1920x1080.jpg&pid=hp","urlbase":"\/th?id=OHR.StDwynwensDay_ZH-CN3187096355","copyright":"\u5b89\u683c\u5c14\u897f\u5c9b\u4e0a\u7684T\u0175r Mawr \u706f\u5854\uff0c\u82f1\u56fd\u5a01\u5c14\u58eb (\u00a9 Joe Daniel Price\/Getty Images)","copyrightlink":"https:\/\/www.bing.com\/search?q=%E5%AE%89%E6%A0%BC%E5%B0%94%E8%A5%BF%E5%B2%9B&form=hpcapt&mkt=zh-cn","title":"","quiz":"\/search?q=Bing+homepage+quiz&filters=WQOskey:%22HPQuiz_20220124_StDwynwensDay%22&FORM=HPQUIZ","wp":true,"hsh":"6c2c7f1c834a295124c10d3fe70ea5e3","drk":1,"top":1,"bot":1,"hs":[]}],"tooltips":{"loading":"\u6b63\u5728\u52a0\u8f7d...","previous":"\u4e0a\u4e00\u4e2a\u56fe\u50cf","next":"\u4e0b\u4e00\u4e2a\u56fe\u50cf","walle":"\u6b64\u56fe\u7247\u4e0d\u80fd\u4e0b\u8f7d\u7528\u4f5c\u58c1\u7eb8\u3002","walls":"\u4e0b\u8f7d\u4eca\u65e5\u7f8e\u56fe\u3002\u4ec5\u9650\u7528\u4f5c\u684c\u9762\u58c1\u7eb8\u3002"}}