{"images":[{"startdate":"20210904","fullstartdate":"202109041600","enddate":"20210905","url":"\/th?id=OHR.GCVenice_ZH-CN0993336331_1920x1080.jpg&rf=LaDigue_1920x1080.jpg&pid=hp","urlbase":"\/th?id=OHR.GCVenice_ZH-CN0993336331","copyright":"\u5728\u5927\u8fd0\u6cb3\u4e0a\u4e3e\u529e\u7684\u8d5b\u8239\u8282\uff0c \u610f\u5927\u5229\u5a01\u5c3c\u65af (\u00a9 Alexander Duffner\/Alamy)","copyrightlink":"https:\/\/www.bing.com\/search?q=%E5%A8%81%E5%B0%BC%E6%96%AF%E5%A4%A7%E8%BF%90%E6%B2%B3&form=hpcapt&mkt=zh-cn","title":"","quiz":"\/search?q=Bing+homepage+quiz&filters=WQOskey:%22HPQuiz_20210904_GCVenice%22&FORM=HPQUIZ","wp":true,"hsh":"daf15412c98b94f30613f043bfbee85e","drk":1,"top":1,"bot":1,"hs":[]}],"tooltips":{"loading":"\u6b63\u5728\u52a0\u8f7d...","previous":"\u4e0a\u4e00\u4e2a\u56fe\u50cf","next":"\u4e0b\u4e00\u4e2a\u56fe\u50cf","walle":"\u6b64\u56fe\u7247\u4e0d\u80fd\u4e0b\u8f7d\u7528\u4f5c\u58c1\u7eb8\u3002","walls":"\u4e0b\u8f7d\u4eca\u65e5\u7f8e\u56fe\u3002\u4ec5\u9650\u7528\u4f5c\u684c\u9762\u58c1\u7eb8\u3002"}}