{"images":[{"startdate":"20220417","fullstartdate":"202204171600","enddate":"20220418","url":"\/th?id=OHR.SquareTowerHouse_ZH-CN1203640326_1920x1080.jpg&rf=LaDigue_1920x1080.jpg&pid=hp","urlbase":"\/th?id=OHR.SquareTowerHouse_ZH-CN1203640326","copyright":"\u6885\u8428\u7ef4\u5fb7\u56fd\u5bb6\u516c\u56ed\u7684\u65b9\u5f62\u5854\u697c\uff0c\u7f8e\u56fd\u79d1\u7f57\u62c9\u591a\u5dde (\u00a9 lightphoto\/Getty Images)","copyrightlink":"https:\/\/www.bing.com\/search?q=%E6%A2%85%E8%90%A8%E7%BB%B4%E5%BE%B7%E5%9B%BD%E5%AE%B6%E5%85%AC%E5%9B%AD&form=hpcapt&mkt=zh-cn","title":"\u666e\u97e6\u5e03\u6d1b\u57ce\u5821","quiz":"\/search?q=Bing+homepage+quiz&filters=WQOskey:%22HPQuiz_20220417_SquareTowerHouse%22&FORM=HPQUIZ","wp":true,"hsh":"8ebe27843ed64b66a75a3dd3000a4a22","drk":1,"top":1,"bot":1,"hs":[]}],"tooltips":{"loading":"\u6b63\u5728\u52a0\u8f7d...","previous":"\u4e0a\u4e00\u4e2a\u56fe\u50cf","next":"\u4e0b\u4e00\u4e2a\u56fe\u50cf","walle":"\u6b64\u56fe\u7247\u4e0d\u80fd\u4e0b\u8f7d\u7528\u4f5c\u58c1\u7eb8\u3002","walls":"\u4e0b\u8f7d\u4eca\u65e5\u7f8e\u56fe\u3002\u4ec5\u9650\u7528\u4f5c\u684c\u9762\u58c1\u7eb8\u3002"}}