{"images":[{"startdate":"20210506","fullstartdate":"202105061600","enddate":"20210507","url":"\/th?id=OHR.MaineWetland_ZH-CN7884780461_1920x1080.jpg&rf=LaDigue_1920x1080.jpg&pid=hp","urlbase":"\/th?id=OHR.MaineWetland_ZH-CN7884780461","copyright":"\u7a46\u65af\u9ed1\u5fb7\u6e56\u9644\u8fd1\u7684Norcross Brook\u6cb3\u4e0e\u6e7f\u5730\uff0c\u7f05\u56e0\u5dde\u76ae\u65af\u5361\u7279\u594e\u65af (\u00a9 Aaron Black-Schmidt\/Tandem Stills + Motion)","copyrightlink":"https:\/\/www.bing.com\/search?q=%E7%A9%86%E6%96%AF%E9%BB%91%E5%BE%B7%E6%B9%96&form=hpcapt&mkt=zh-cn","title":"","quiz":"\/search?q=Bing+homepage+quiz&filters=WQOskey:%22HPQuiz_20210506_MaineWetland%22&FORM=HPQUIZ","wp":true,"hsh":"561406c72bf868779a206a26e93ad259","drk":1,"top":1,"bot":1,"hs":[]}],"tooltips":{"loading":"\u6b63\u5728\u52a0\u8f7d...","previous":"\u4e0a\u4e00\u4e2a\u56fe\u50cf","next":"\u4e0b\u4e00\u4e2a\u56fe\u50cf","walle":"\u6b64\u56fe\u7247\u4e0d\u80fd\u4e0b\u8f7d\u7528\u4f5c\u58c1\u7eb8\u3002","walls":"\u4e0b\u8f7d\u4eca\u65e5\u7f8e\u56fe\u3002\u4ec5\u9650\u7528\u4f5c\u684c\u9762\u58c1\u7eb8\u3002"}}