{"images":[{"startdate":"20211024","fullstartdate":"202110241600","enddate":"20211025","url":"\/th?id=OHR.BulgariaDevilBridge_ZH-CN1894068778_1920x1080.jpg&rf=LaDigue_1920x1080.jpg&pid=hp","urlbase":"\/th?id=OHR.BulgariaDevilBridge_ZH-CN1894068778","copyright":"\u963f\u5c14\u8fbe\u6cb3\u4e0a\u7684\u9b54\u9b3c\u6865\uff0c\u4fdd\u52a0\u5229\u4e9a (\u00a9 Petar Mladenov\/Alamy)","copyrightlink":"https:\/\/www.bing.com\/search?q=%E4%BF%9D%E5%8A%A0%E5%88%A9%E4%BA%9A&form=hpcapt&mkt=zh-cn","title":"","quiz":"\/search?q=Bing+homepage+quiz&filters=WQOskey:%22HPQuiz_20211024_BulgariaDevilBridge%22&FORM=HPQUIZ","wp":true,"hsh":"da8ab70b1f0e221aae948fa9a4a44620","drk":1,"top":1,"bot":1,"hs":[]}],"tooltips":{"loading":"\u6b63\u5728\u52a0\u8f7d...","previous":"\u4e0a\u4e00\u4e2a\u56fe\u50cf","next":"\u4e0b\u4e00\u4e2a\u56fe\u50cf","walle":"\u6b64\u56fe\u7247\u4e0d\u80fd\u4e0b\u8f7d\u7528\u4f5c\u58c1\u7eb8\u3002","walls":"\u4e0b\u8f7d\u4eca\u65e5\u7f8e\u56fe\u3002\u4ec5\u9650\u7528\u4f5c\u684c\u9762\u58c1\u7eb8\u3002"}}