{"images":[{"startdate":"20210627","fullstartdate":"202106271600","enddate":"20210628","url":"\/th?id=OHR.Cittadella_ZH-CN0039969121_1920x1080.jpg&rf=LaDigue_1920x1080.jpg&pid=hp","urlbase":"\/th?id=OHR.Cittadella_ZH-CN0039969121","copyright":"\u6208\u4f50\u5c9b\u4e0a\u7684Cittadella\u57ce\u5821,\u9a6c\u8033\u4ed6 (\u00a9 Davide Seddio\/Getty Images)","copyrightlink":"https:\/\/www.bing.com\/search?q=%E9%A9%AC%E8%80%B3%E4%BB%96%E6%88%88%E4%BD%90%E5%B2%9B&form=hpcapt&mkt=zh-cn","title":"","quiz":"\/search?q=Bing+homepage+quiz&filters=WQOskey:%22HPQuiz_20210627_Cittadella%22&FORM=HPQUIZ","wp":true,"hsh":"ce25aaa4cc096876545dec6e240abc33","drk":1,"top":1,"bot":1,"hs":[]}],"tooltips":{"loading":"\u6b63\u5728\u52a0\u8f7d...","previous":"\u4e0a\u4e00\u4e2a\u56fe\u50cf","next":"\u4e0b\u4e00\u4e2a\u56fe\u50cf","walle":"\u6b64\u56fe\u7247\u4e0d\u80fd\u4e0b\u8f7d\u7528\u4f5c\u58c1\u7eb8\u3002","walls":"\u4e0b\u8f7d\u4eca\u65e5\u7f8e\u56fe\u3002\u4ec5\u9650\u7528\u4f5c\u684c\u9762\u58c1\u7eb8\u3002"}}