{"images":[{"startdate":"20210913","fullstartdate":"202109131600","enddate":"20210914","url":"\/th?id=OHR.Aldeyjarfoss_ZH-CN0106567013_1920x1080.jpg&rf=LaDigue_1920x1080.jpg&pid=hp","urlbase":"\/th?id=OHR.Aldeyjarfoss_ZH-CN0106567013","copyright":"\u51b0\u5c9b\u5317\u90e8\u5185\u9646\u666f\u89c2\u4e2d\u7684Aldeyjarfoss\u7011\u5e03 (\u00a9 Jim Patterson\/Tandem Stills + Motion)","copyrightlink":"https:\/\/www.bing.com\/search?q=Aldeyjarfoss%E7%80%91%E5%B8%83&form=hpcapt&mkt=zh-cn","title":"","quiz":"\/search?q=Bing+homepage+quiz&filters=WQOskey:%22HPQuiz_20210913_Aldeyjarfoss%22&FORM=HPQUIZ","wp":true,"hsh":"3f43e2aaa1548905f891847d9bc7c0c6","drk":1,"top":1,"bot":1,"hs":[]}],"tooltips":{"loading":"\u6b63\u5728\u52a0\u8f7d...","previous":"\u4e0a\u4e00\u4e2a\u56fe\u50cf","next":"\u4e0b\u4e00\u4e2a\u56fe\u50cf","walle":"\u6b64\u56fe\u7247\u4e0d\u80fd\u4e0b\u8f7d\u7528\u4f5c\u58c1\u7eb8\u3002","walls":"\u4e0b\u8f7d\u4eca\u65e5\u7f8e\u56fe\u3002\u4ec5\u9650\u7528\u4f5c\u684c\u9762\u58c1\u7eb8\u3002"}}