{"images":[{"startdate":"20220108","fullstartdate":"202201081600","enddate":"20220109","url":"\/th?id=OHR.RiceBangladesh_ZH-CN0196473460_1920x1080.jpg&rf=LaDigue_1920x1080.jpg&pid=hp","urlbase":"\/th?id=OHR.RiceBangladesh_ZH-CN0196473460","copyright":"\u6b63\u5728\u667e\u6652\u7684\u5927\u7c73\uff0c\u5b5f\u52a0\u62c9\u56fd\u8fbe\u5361 (\u00a9 Amazing Aerial Agency\/Offset by Shutterstock)","copyrightlink":"https:\/\/www.bing.com\/search?q=%E5%AD%9F%E5%8A%A0%E6%8B%89%E5%9B%BD%E8%BE%BE%E5%8D%A1&form=hpcapt&mkt=zh-cn","title":"","quiz":"\/search?q=Bing+homepage+quiz&filters=WQOskey:%22HPQuiz_20220108_RiceBangladesh%22&FORM=HPQUIZ","wp":true,"hsh":"3213c73523844b0f20a7b0159413ad81","drk":1,"top":1,"bot":1,"hs":[]}],"tooltips":{"loading":"\u6b63\u5728\u52a0\u8f7d...","previous":"\u4e0a\u4e00\u4e2a\u56fe\u50cf","next":"\u4e0b\u4e00\u4e2a\u56fe\u50cf","walle":"\u6b64\u56fe\u7247\u4e0d\u80fd\u4e0b\u8f7d\u7528\u4f5c\u58c1\u7eb8\u3002","walls":"\u4e0b\u8f7d\u4eca\u65e5\u7f8e\u56fe\u3002\u4ec5\u9650\u7528\u4f5c\u684c\u9762\u58c1\u7eb8\u3002"}}