{"images":[{"startdate":"20210926","fullstartdate":"202109261600","enddate":"20210927","url":"\/th?id=OHR.PicoThorn_ZH-CN0359446116_1920x1080.jpg&rf=LaDigue_1920x1080.jpg&pid=hp","urlbase":"\/th?id=OHR.PicoThorn_ZH-CN0359446116","copyright":"Pico Bonito\u56fd\u5bb6\u516c\u56ed\u91cc\u7684\u523a\u86fe\uff0c\u6d2a\u90fd\u62c9\u65af (\u00a9 Mac Stone\/Tandem Stills + Motion)","copyrightlink":"https:\/\/www.bing.com\/search?q=%E5%88%BA%E8%9B%BE&form=hpcapt&mkt=zh-cn","title":"","quiz":"\/search?q=Bing+homepage+quiz&filters=WQOskey:%22HPQuiz_20210926_PicoThorn%22&FORM=HPQUIZ","wp":true,"hsh":"c46f67222fdbb06cd6f1fb011f965ddd","drk":1,"top":1,"bot":1,"hs":[]}],"tooltips":{"loading":"\u6b63\u5728\u52a0\u8f7d...","previous":"\u4e0a\u4e00\u4e2a\u56fe\u50cf","next":"\u4e0b\u4e00\u4e2a\u56fe\u50cf","walle":"\u6b64\u56fe\u7247\u4e0d\u80fd\u4e0b\u8f7d\u7528\u4f5c\u58c1\u7eb8\u3002","walls":"\u4e0b\u8f7d\u4eca\u65e5\u7f8e\u56fe\u3002\u4ec5\u9650\u7528\u4f5c\u684c\u9762\u58c1\u7eb8\u3002"}}