{"images":[{"startdate":"20211130","fullstartdate":"202111301600","enddate":"20211201","url":"\/th?id=OHR.CuvervilleIsland_ZH-CN9814166047_1920x1080.jpg&rf=LaDigue_1920x1080.jpg&pid=hp","urlbase":"\/th?id=OHR.CuvervilleIsland_ZH-CN9814166047","copyright":"\u5e93\u4f5b\u7ef4\u5c14\u5c9b\u9644\u8fd1\u7684\u84dd\u8272\u51b0\u5c71\uff0c\u5357\u6781\u6d32 (\u00a9 Mike Hill\/Getty Images)","copyrightlink":"https:\/\/www.bing.com\/search?q=%E5%BA%93%E4%BD%9B%E7%BB%B4%E5%B0%94%E5%B2%9B&form=hpcapt&mkt=zh-cn","title":"","quiz":"\/search?q=Bing+homepage+quiz&filters=WQOskey:%22HPQuiz_20211130_CuvervilleIsland%22&FORM=HPQUIZ","wp":true,"hsh":"0b7c7bdc5e5afb4eba4ab1c6d49b5e94","drk":1,"top":1,"bot":1,"hs":[]}],"tooltips":{"loading":"\u6b63\u5728\u52a0\u8f7d...","previous":"\u4e0a\u4e00\u4e2a\u56fe\u50cf","next":"\u4e0b\u4e00\u4e2a\u56fe\u50cf","walle":"\u6b64\u56fe\u7247\u4e0d\u80fd\u4e0b\u8f7d\u7528\u4f5c\u58c1\u7eb8\u3002","walls":"\u4e0b\u8f7d\u4eca\u65e5\u7f8e\u56fe\u3002\u4ec5\u9650\u7528\u4f5c\u684c\u9762\u58c1\u7eb8\u3002"}}