{"images":[{"startdate":"20210218","fullstartdate":"202102181600","enddate":"20210219","url":"\/th?id=OHR.Parrotfish_ZH-CN8442237302_1920x1080.jpg&rf=LaDigue_1920x1080.jpg&pid=hp","urlbase":"\/th?id=OHR.Parrotfish_ZH-CN8442237302","copyright":"\u4e1c\u5185\u683c\u7f57\u65af\u7701\u6cbf\u6d77\u7684\u9e66\u5634\u9c7c\uff0c\u83f2\u5f8b\u5bbe (\u00a9 Tim Fitzharris\/Minden Pictures)","copyrightlink":"https:\/\/www.bing.com\/search?q=%E9%B9%A6%E5%98%B4%E9%B1%BC&form=hpcapt&mkt=zh-cn","title":"","quiz":"\/search?q=Bing+homepage+quiz&filters=WQOskey:%22HPQuiz_20210218_Parrotfish%22&FORM=HPQUIZ","wp":true,"hsh":"e833016d91e18425061f96a6c190f98e","drk":1,"top":1,"bot":1,"hs":[]}],"tooltips":{"loading":"\u6b63\u5728\u52a0\u8f7d...","previous":"\u4e0a\u4e00\u4e2a\u56fe\u50cf","next":"\u4e0b\u4e00\u4e2a\u56fe\u50cf","walle":"\u6b64\u56fe\u7247\u4e0d\u80fd\u4e0b\u8f7d\u7528\u4f5c\u58c1\u7eb8\u3002","walls":"\u4e0b\u8f7d\u4eca\u65e5\u7f8e\u56fe\u3002\u4ec5\u9650\u7528\u4f5c\u684c\u9762\u58c1\u7eb8\u3002"}}