{"images":[{"startdate":"20210812","fullstartdate":"202108121600","enddate":"20210813","url":"\/th?id=OHR.Southpaw_ZH-CN0080320297_1920x1080.jpg&rf=LaDigue_1920x1080.jpg&pid=hp","urlbase":"\/th?id=OHR.Southpaw_ZH-CN0080320297","copyright":"\u5b89\u65af\u6d77\u6ee9\u4e0a\u7684\u89d2\u773c\u6c99\u87f9\uff0c\u585e\u820c\u5c14\u666e\u62c9\u5170\u5c9b (\u00a9 Ingo Schulz\/Offset by Shutterstock)","copyrightlink":"https:\/\/www.bing.com\/search?q=%E8%A7%92%E7%9C%BC%E6%B2%99%E8%9F%B9&form=hpcapt&mkt=zh-cn","title":"","quiz":"\/search?q=Bing+homepage+quiz&filters=WQOskey:%22HPQuiz_20210812_Southpaw%22&FORM=HPQUIZ","wp":true,"hsh":"15faf5492db323cff5fc43f6c0d0a3ee","drk":1,"top":1,"bot":1,"hs":[]}],"tooltips":{"loading":"\u6b63\u5728\u52a0\u8f7d...","previous":"\u4e0a\u4e00\u4e2a\u56fe\u50cf","next":"\u4e0b\u4e00\u4e2a\u56fe\u50cf","walle":"\u6b64\u56fe\u7247\u4e0d\u80fd\u4e0b\u8f7d\u7528\u4f5c\u58c1\u7eb8\u3002","walls":"\u4e0b\u8f7d\u4eca\u65e5\u7f8e\u56fe\u3002\u4ec5\u9650\u7528\u4f5c\u684c\u9762\u58c1\u7eb8\u3002"}}