{"images":[{"startdate":"20220407","fullstartdate":"202204071600","enddate":"20220408","url":"\/th?id=OHR.PontaDelgada_ZH-CN8596828822_1920x1080.jpg&rf=LaDigue_1920x1080.jpg&pid=hp","urlbase":"\/th?id=OHR.PontaDelgada_ZH-CN8596828822","copyright":"\u84ec\u5854\u5fb7\u5c14\u52a0\u8fbe\u9644\u8fd1\u7684\u6d77\u5cb8\uff0c\u8461\u8404\u7259 (\u00a9 Jan Wlodarczyk\/Alamy)","copyrightlink":"https:\/\/www.bing.com\/search?q=%E8%93%AC%E5%A1%94%E5%BE%B7%E5%B0%94%E5%8A%A0%E8%BE%BE&form=hpcapt&mkt=zh-cn","title":"\u53bb\u4e9a\u901f\u5c14\u7fa4\u5c9b\u6e38\u73a9","quiz":"\/search?q=Bing+homepage+quiz&filters=WQOskey:%22HPQuiz_20220407_PontaDelgada%22&FORM=HPQUIZ","wp":true,"hsh":"e13e5b798a6d82a61b2a593a91e470a1","drk":1,"top":1,"bot":1,"hs":[]}],"tooltips":{"loading":"\u6b63\u5728\u52a0\u8f7d...","previous":"\u4e0a\u4e00\u4e2a\u56fe\u50cf","next":"\u4e0b\u4e00\u4e2a\u56fe\u50cf","walle":"\u6b64\u56fe\u7247\u4e0d\u80fd\u4e0b\u8f7d\u7528\u4f5c\u58c1\u7eb8\u3002","walls":"\u4e0b\u8f7d\u4eca\u65e5\u7f8e\u56fe\u3002\u4ec5\u9650\u7528\u4f5c\u684c\u9762\u58c1\u7eb8\u3002"}}