{"images":[{"startdate":"20220301","fullstartdate":"202203011600","enddate":"20220302","url":"\/th?id=OHR.MoonlightRainier_ZH-CN6263832605_1920x1080.jpg&rf=LaDigue_1920x1080.jpg&pid=hp","urlbase":"\/th?id=OHR.MoonlightRainier_ZH-CN6263832605","copyright":"\u96f7\u5c3c\u5c14\u5c71\u4e0a\u7a7a\u7684\u94f6\u6cb3\u661f\u7cfb\uff0c\u7f8e\u56fd\u534e\u76db\u987f\u5dde (\u00a9 Brad Goldpaint\/Cavan)","copyrightlink":"https:\/\/www.bing.com\/search?q=%E9%9B%B7%E5%B0%BC%E5%B0%94%E5%B1%B1&form=hpcapt&mkt=zh-cn","title":"123\u5c81\u751f\u65e5\u5feb\u4e50\uff01","quiz":"\/search?q=Bing+homepage+quiz&filters=WQOskey:%22HPQuiz_20220301_MoonlightRainier%22&FORM=HPQUIZ","wp":true,"hsh":"18cdfa87e6f9a9066e42c7d5588fcf66","drk":1,"top":1,"bot":1,"hs":[]}],"tooltips":{"loading":"\u6b63\u5728\u52a0\u8f7d...","previous":"\u4e0a\u4e00\u4e2a\u56fe\u50cf","next":"\u4e0b\u4e00\u4e2a\u56fe\u50cf","walle":"\u6b64\u56fe\u7247\u4e0d\u80fd\u4e0b\u8f7d\u7528\u4f5c\u58c1\u7eb8\u3002","walls":"\u4e0b\u8f7d\u4eca\u65e5\u7f8e\u56fe\u3002\u4ec5\u9650\u7528\u4f5c\u684c\u9762\u58c1\u7eb8\u3002"}}