{"images":[{"startdate":"20211112","fullstartdate":"202111121600","enddate":"20211113","url":"\/th?id=OHR.ElTajo_ZH-CN2134749418_1920x1080.jpg&rf=LaDigue_1920x1080.jpg&pid=hp","urlbase":"\/th?id=OHR.ElTajo_ZH-CN2134749418","copyright":"\u9e1f\u77b0\u57c3\u5c14\u5854\u970d\u5ce1\u8c37, \u897f\u73ed\u7259\u9f99\u8fbe\u5c0f\u9547 (\u00a9 Jude Newkirk\/Amazing Aerial Agency)","copyrightlink":"https:\/\/www.bing.com\/search?q=%E5%9F%83%E5%B0%94%E5%A1%94%E9%9C%8D%E5%B3%A1%E8%B0%B7&form=hpcapt&mkt=zh-cn","title":"","quiz":"\/search?q=Bing+homepage+quiz&filters=WQOskey:%22HPQuiz_20211112_ElTajo%22&FORM=HPQUIZ","wp":true,"hsh":"6bfc2ac0f80fba2dc2f85a39e8167a3f","drk":1,"top":1,"bot":1,"hs":[]}],"tooltips":{"loading":"\u6b63\u5728\u52a0\u8f7d...","previous":"\u4e0a\u4e00\u4e2a\u56fe\u50cf","next":"\u4e0b\u4e00\u4e2a\u56fe\u50cf","walle":"\u6b64\u56fe\u7247\u4e0d\u80fd\u4e0b\u8f7d\u7528\u4f5c\u58c1\u7eb8\u3002","walls":"\u4e0b\u8f7d\u4eca\u65e5\u7f8e\u56fe\u3002\u4ec5\u9650\u7528\u4f5c\u684c\u9762\u58c1\u7eb8\u3002"}}