{"images":[{"startdate":"20210820","fullstartdate":"202108201600","enddate":"20210821","url":"\/th?id=OHR.PetitMinou_ZH-CN0758401900_1920x1080.jpg&rf=LaDigue_1920x1080.jpg&pid=hp","urlbase":"\/th?id=OHR.PetitMinou_ZH-CN0758401900","copyright":"\u6e2f\u8fb9\u7684\u5c0f\u7c73\u52aa\u706f\u5854\uff0c\u6cd5\u56fd\u5e03\u96f7\u65af\u7279 (\u00a9 Mathieu Rivrin\/Getty Images)","copyrightlink":"https:\/\/www.bing.com\/search?q=%E5%B8%83%E9%9B%B7%E6%96%AF%E7%89%B9&form=hpcapt&mkt=zh-cn","title":"","quiz":"\/search?q=Bing+homepage+quiz&filters=WQOskey:%22HPQuiz_20210820_PetitMinou%22&FORM=HPQUIZ","wp":true,"hsh":"f3de2c0729865d47ddfb233e055f26de","drk":1,"top":1,"bot":1,"hs":[]}],"tooltips":{"loading":"\u6b63\u5728\u52a0\u8f7d...","previous":"\u4e0a\u4e00\u4e2a\u56fe\u50cf","next":"\u4e0b\u4e00\u4e2a\u56fe\u50cf","walle":"\u6b64\u56fe\u7247\u4e0d\u80fd\u4e0b\u8f7d\u7528\u4f5c\u58c1\u7eb8\u3002","walls":"\u4e0b\u8f7d\u4eca\u65e5\u7f8e\u56fe\u3002\u4ec5\u9650\u7528\u4f5c\u684c\u9762\u58c1\u7eb8\u3002"}}