{"images":[{"startdate":"20210303","fullstartdate":"202103031600","enddate":"20210304","url":"\/th?id=OHR.Comma_ZH-CN3584865247_1920x1080.jpg&rf=LaDigue_1920x1080.jpg&pid=hp","urlbase":"\/th?id=OHR.Comma_ZH-CN3584865247","copyright":"\u52aa\u6c99\u675c\u74e6\u6d77\u5cb8\u4e0e\u9632\u6ce2\u5824\uff0c\u5370\u5ea6\u5c3c\u897f\u4e9a\u5df4\u5398\u5c9b (\u00a9 Dkart\/Getty Images)","copyrightlink":"https:\/\/www.bing.com\/search?q=%E5%8A%AA%E6%B2%99%E6%9D%9C%E7%93%A6%E6%B5%B7%E5%B2%B8&form=hpcapt&mkt=zh-cn","title":"","quiz":"\/search?q=Bing+homepage+quiz&filters=WQOskey:%22HPQuiz_20210303_Comma%22&FORM=HPQUIZ","wp":true,"hsh":"6940ff3ac4536336551b105da1d0a00d","drk":1,"top":1,"bot":1,"hs":[]}],"tooltips":{"loading":"\u6b63\u5728\u52a0\u8f7d...","previous":"\u4e0a\u4e00\u4e2a\u56fe\u50cf","next":"\u4e0b\u4e00\u4e2a\u56fe\u50cf","walle":"\u6b64\u56fe\u7247\u4e0d\u80fd\u4e0b\u8f7d\u7528\u4f5c\u58c1\u7eb8\u3002","walls":"\u4e0b\u8f7d\u4eca\u65e5\u7f8e\u56fe\u3002\u4ec5\u9650\u7528\u4f5c\u684c\u9762\u58c1\u7eb8\u3002"}}