{"images":[{"startdate":"20220409","fullstartdate":"202204091600","enddate":"20220410","url":"\/th?id=OHR.Caracal_ZH-CN7086185498_1920x1080.jpg&rf=LaDigue_1920x1080.jpg&pid=hp","urlbase":"\/th?id=OHR.Caracal_ZH-CN7086185498","copyright":"\u4e09\u53ea\u72de\u732b\u5b9d\u5b9d (\u00a9 Marion Vollborn\/Minden Pictures)","copyrightlink":"https:\/\/www.bing.com\/search?q=%E7%8B%9E%E7%8C%AB&form=hpcapt&mkt=zh-cn","title":"\u6ca1\u9519\uff0c\u6211\u4eec\u770b\u5230\u4e86\u57fa\u56e0\u9057\u4f20\u7684\u529b\u91cf\u2026\u2026","quiz":"\/search?q=Bing+homepage+quiz&filters=WQOskey:%22HPQuiz_20220409_Caracal%22&FORM=HPQUIZ","wp":true,"hsh":"aa0284848c3fa175fff177eedde13f5a","drk":1,"top":1,"bot":1,"hs":[]}],"tooltips":{"loading":"\u6b63\u5728\u52a0\u8f7d...","previous":"\u4e0a\u4e00\u4e2a\u56fe\u50cf","next":"\u4e0b\u4e00\u4e2a\u56fe\u50cf","walle":"\u6b64\u56fe\u7247\u4e0d\u80fd\u4e0b\u8f7d\u7528\u4f5c\u58c1\u7eb8\u3002","walls":"\u4e0b\u8f7d\u4eca\u65e5\u7f8e\u56fe\u3002\u4ec5\u9650\u7528\u4f5c\u684c\u9762\u58c1\u7eb8\u3002"}}