{"images":[{"startdate":"20211213","fullstartdate":"202112131600","enddate":"20211214","url":"\/th?id=OHR.AmericanRobin_ZH-CN0667508209_1920x1080.jpg&rf=LaDigue_1920x1080.jpg&pid=hp","urlbase":"\/th?id=OHR.AmericanRobin_ZH-CN0667508209","copyright":"\u4f2b\u7acb\u679d\u5934\u7684\u65c5\u9e2b\u9e1f\uff0c\u52a0\u62ff\u5927 (\u00a9 marcophotos\/Getty Images)","copyrightlink":"https:\/\/www.bing.com\/search?q=%E6%97%85%E9%B8%AB%E9%B8%9F&form=hpcapt&mkt=zh-cn","title":"","quiz":"\/search?q=Bing+homepage+quiz&filters=WQOskey:%22HPQuiz_20211213_AmericanRobin%22&FORM=HPQUIZ","wp":true,"hsh":"b170c7792babb43328b281140b0730eb","drk":1,"top":1,"bot":1,"hs":[]}],"tooltips":{"loading":"\u6b63\u5728\u52a0\u8f7d...","previous":"\u4e0a\u4e00\u4e2a\u56fe\u50cf","next":"\u4e0b\u4e00\u4e2a\u56fe\u50cf","walle":"\u6b64\u56fe\u7247\u4e0d\u80fd\u4e0b\u8f7d\u7528\u4f5c\u58c1\u7eb8\u3002","walls":"\u4e0b\u8f7d\u4eca\u65e5\u7f8e\u56fe\u3002\u4ec5\u9650\u7528\u4f5c\u684c\u9762\u58c1\u7eb8\u3002"}}