{"images":[{"startdate":"20210809","fullstartdate":"202108091600","enddate":"20210810","url":"\/th?id=OHR.NahanniNP_ZH-CN2848117800_1920x1080.jpg&rf=LaDigue_1920x1080.jpg&pid=hp","urlbase":"\/th?id=OHR.NahanniNP_ZH-CN2848117800","copyright":"\u7eb3\u6c49\u5c3c\u56fd\u5bb6\u516c\u56ed\u4fdd\u62a4\u533a\u7684\u9e1f\u77b0\u56fe\uff0c\u52a0\u62ff\u5927\u897f\u5317\u90e8 (\u00a9 Robert Postma\/Getty Images)","copyrightlink":"https:\/\/www.bing.com\/search?q=%E7%BA%B3%E6%B1%89%E5%B0%BC%E5%9B%BD%E5%AE%B6%E5%85%AC%E5%9B%AD&form=hpcapt&mkt=zh-cn","title":"","quiz":"\/search?q=Bing+homepage+quiz&filters=WQOskey:%22HPQuiz_20210809_NahanniNP%22&FORM=HPQUIZ","wp":true,"hsh":"882f93c48bceb814adf9a6f2a776f62c","drk":1,"top":1,"bot":1,"hs":[]}],"tooltips":{"loading":"\u6b63\u5728\u52a0\u8f7d...","previous":"\u4e0a\u4e00\u4e2a\u56fe\u50cf","next":"\u4e0b\u4e00\u4e2a\u56fe\u50cf","walle":"\u6b64\u56fe\u7247\u4e0d\u80fd\u4e0b\u8f7d\u7528\u4f5c\u58c1\u7eb8\u3002","walls":"\u4e0b\u8f7d\u4eca\u65e5\u7f8e\u56fe\u3002\u4ec5\u9650\u7528\u4f5c\u684c\u9762\u58c1\u7eb8\u3002"}}