{"images":[{"startdate":"20220115","fullstartdate":"202201151600","enddate":"20220116","url":"\/th?id=OHR.BoguraChili_ZH-CN2707755390_1920x1080.jpg&rf=LaDigue_1920x1080.jpg&pid=hp","urlbase":"\/th?id=OHR.BoguraChili_ZH-CN2707755390","copyright":"\u519c\u573a\u4e0a\u667e\u6652\u7684\u7ea2\u8fa3\u6912\uff0c\u5b5f\u52a0\u62c9\u56fd\u535a\u683c\u62c9\u53bf (\u00a9 Amazing Aerial Agency\/Offset\/Shutterstock)","copyrightlink":"https:\/\/www.bing.com\/search?q=%E5%AD%9F%E5%8A%A0%E6%8B%89%E5%9B%BD%E8%BE%A3%E6%A4%92%E4%B8%B0%E6%94%B6&form=hpcapt&mkt=zh-cn","title":"","quiz":"\/search?q=Bing+homepage+quiz&filters=WQOskey:%22HPQuiz_20220115_BoguraChili%22&FORM=HPQUIZ","wp":true,"hsh":"76b4208209fa481bb6a37325622303a6","drk":1,"top":1,"bot":1,"hs":[]}],"tooltips":{"loading":"\u6b63\u5728\u52a0\u8f7d...","previous":"\u4e0a\u4e00\u4e2a\u56fe\u50cf","next":"\u4e0b\u4e00\u4e2a\u56fe\u50cf","walle":"\u6b64\u56fe\u7247\u4e0d\u80fd\u4e0b\u8f7d\u7528\u4f5c\u58c1\u7eb8\u3002","walls":"\u4e0b\u8f7d\u4eca\u65e5\u7f8e\u56fe\u3002\u4ec5\u9650\u7528\u4f5c\u684c\u9762\u58c1\u7eb8\u3002"}}