{"images":[{"startdate":"20210214","fullstartdate":"202102141600","enddate":"20210215","url":"\/th?id=OHR.OnkaparingaRiver_ZH-CN7750372049_1920x1080.jpg&rf=LaDigue_1920x1080.jpg&pid=hp","urlbase":"\/th?id=OHR.OnkaparingaRiver_ZH-CN7750372049","copyright":"\u5b89\u52a0\u767d\u4ee4\u5609\u6cb3\u4e0e\u8bfa\u6717\u52a0\u6e2f\uff0c\u5357\u6fb3\u5927\u5229\u4e9a\u5dde (\u00a9 plainpicture\/AWL\/Marco Bottigelli)","copyrightlink":"https:\/\/www.bing.com\/search?q=%E8%AF%BA%E6%9C%97%E5%8A%A0%E6%B8%AF&form=hpcapt&mkt=zh-cn","title":"","quiz":"\/search?q=Bing+homepage+quiz&filters=WQOskey:%22HPQuiz_20210214_OnkaparingaRiver%22&FORM=HPQUIZ","wp":true,"hsh":"f4ff38faefa82d5e0cc6e4308941cb51","drk":1,"top":1,"bot":1,"hs":[]}],"tooltips":{"loading":"\u6b63\u5728\u52a0\u8f7d...","previous":"\u4e0a\u4e00\u4e2a\u56fe\u50cf","next":"\u4e0b\u4e00\u4e2a\u56fe\u50cf","walle":"\u6b64\u56fe\u7247\u4e0d\u80fd\u4e0b\u8f7d\u7528\u4f5c\u58c1\u7eb8\u3002","walls":"\u4e0b\u8f7d\u4eca\u65e5\u7f8e\u56fe\u3002\u4ec5\u9650\u7528\u4f5c\u684c\u9762\u58c1\u7eb8\u3002"}}