{"images":[{"startdate":"20210404","fullstartdate":"202104041600","enddate":"20210405","url":"\/th?id=OHR.SautduBrot_ZH-CN3361866139_1920x1080.jpg&rf=LaDigue_1920x1080.jpg&pid=hp","urlbase":"\/th?id=OHR.SautduBrot_ZH-CN3361866139","copyright":"Areuse\u5ce1\u8c37\u7684Saut du Brot\u77f3\u6865\uff0c\u745e\u58eb\u7eb3\u6c99\u6cf0\u5c14 (\u00a9 Andreas Gerth\/eStock Photo)","copyrightlink":"https:\/\/www.bing.com\/search?q=Areuse%E5%B3%A1%E8%B0%B7&form=hpcapt&mkt=zh-cn","title":"","quiz":"\/search?q=Bing+homepage+quiz&filters=WQOskey:%22HPQuiz_20210404_SautduBrot%22&FORM=HPQUIZ","wp":true,"hsh":"1aca6ec3ce60501ce332fe8e3aecbae3","drk":1,"top":1,"bot":1,"hs":[]}],"tooltips":{"loading":"\u6b63\u5728\u52a0\u8f7d...","previous":"\u4e0a\u4e00\u4e2a\u56fe\u50cf","next":"\u4e0b\u4e00\u4e2a\u56fe\u50cf","walle":"\u6b64\u56fe\u7247\u4e0d\u80fd\u4e0b\u8f7d\u7528\u4f5c\u58c1\u7eb8\u3002","walls":"\u4e0b\u8f7d\u4eca\u65e5\u7f8e\u56fe\u3002\u4ec5\u9650\u7528\u4f5c\u684c\u9762\u58c1\u7eb8\u3002"}}