{"images":[{"startdate":"20220121","fullstartdate":"202201211600","enddate":"20220122","url":"\/th?id=OHR.LesserAntilles_ZH-CN3012679657_1920x1080.jpg&rf=LaDigue_1920x1080.jpg&pid=hp","urlbase":"\/th?id=OHR.LesserAntilles_ZH-CN3012679657","copyright":"\u851a\u84dd\u6d77\u57df\u4e2d\u7684\u9a6c\u63d0\u5c3c\u514b\u5c9b\uff0c\u52a0\u52d2\u6bd4\u6d77 (\u00a9 Airpano LLC\/Amazing Aerial Agency)","copyrightlink":"https:\/\/www.bing.com\/search?q=%E9%A9%AC%E6%8F%90%E5%B0%BC%E5%85%8B%E5%B2%9B&form=hpcapt&mkt=zh-cn","title":"","quiz":"\/search?q=Bing+homepage+quiz&filters=WQOskey:%22HPQuiz_20220121_LesserAntilles%22&FORM=HPQUIZ","wp":true,"hsh":"e7de4b7142af2d2e1ebbbff0a6a43e6b","drk":1,"top":1,"bot":1,"hs":[]}],"tooltips":{"loading":"\u6b63\u5728\u52a0\u8f7d...","previous":"\u4e0a\u4e00\u4e2a\u56fe\u50cf","next":"\u4e0b\u4e00\u4e2a\u56fe\u50cf","walle":"\u6b64\u56fe\u7247\u4e0d\u80fd\u4e0b\u8f7d\u7528\u4f5c\u58c1\u7eb8\u3002","walls":"\u4e0b\u8f7d\u4eca\u65e5\u7f8e\u56fe\u3002\u4ec5\u9650\u7528\u4f5c\u684c\u9762\u58c1\u7eb8\u3002"}}