{"images":[{"startdate":"20210624","fullstartdate":"202106241600","enddate":"20210625","url":"\/th?id=OHR.Heliodoxa_ZH-CN9872355419_1920x1080.jpg&rf=LaDigue_1920x1080.jpg&pid=hp","urlbase":"\/th?id=OHR.Heliodoxa_ZH-CN9872355419","copyright":"\u7687\u8f89\u8702\u9e1f\u548c\u871c\u8702\uff0c\u54e5\u4f26\u6bd4\u4e9a (\u00a9 Jiri Hrebicek\/Alamy)","copyrightlink":"https:\/\/www.bing.com\/search?q=%E7%9A%87%E8%BE%89%E8%9C%82%E9%B8%9F&form=hpcapt&mkt=zh-cn","title":"","quiz":"\/search?q=Bing+homepage+quiz&filters=WQOskey:%22HPQuiz_20210624_Heliodoxa%22&FORM=HPQUIZ","wp":true,"hsh":"3a622c43bb3372453b2af42f7fb6cadf","drk":1,"top":1,"bot":1,"hs":[]}],"tooltips":{"loading":"\u6b63\u5728\u52a0\u8f7d...","previous":"\u4e0a\u4e00\u4e2a\u56fe\u50cf","next":"\u4e0b\u4e00\u4e2a\u56fe\u50cf","walle":"\u6b64\u56fe\u7247\u4e0d\u80fd\u4e0b\u8f7d\u7528\u4f5c\u58c1\u7eb8\u3002","walls":"\u4e0b\u8f7d\u4eca\u65e5\u7f8e\u56fe\u3002\u4ec5\u9650\u7528\u4f5c\u684c\u9762\u58c1\u7eb8\u3002"}}