{"images":[{"startdate":"20210316","fullstartdate":"202103161600","enddate":"20210317","url":"\/th?id=OHR.Inisheer_ZH-CN9014668825_1920x1080.jpg&rf=LaDigue_1920x1080.jpg&pid=hp","urlbase":"\/th?id=OHR.Inisheer_ZH-CN9014668825","copyright":"\u963f\u4f26\u7fa4\u5c9b\u4e09\u5ea7\u5c9b\u4e2d\u6700\u5c0f\u7684\u4f0a\u5c3c\u5e0c\u5c14\u5c9b\uff0c\u7231\u5c14\u5170\u6208\u5c14\u97e6\u6e7e (\u00a9 Chris Hill\/Minden Pictures)","copyrightlink":"https:\/\/www.bing.com\/search?q=%E4%BC%8A%E5%B0%BC%E5%B8%8C%E5%B0%94&form=hpcapt&mkt=zh-cn","title":"","quiz":"\/search?q=Bing+homepage+quiz&filters=WQOskey:%22HPQuiz_20210316_Inisheer%22&FORM=HPQUIZ","wp":true,"hsh":"3c390a6bbc1f1f424465599e087b1aa2","drk":1,"top":1,"bot":1,"hs":[]}],"tooltips":{"loading":"\u6b63\u5728\u52a0\u8f7d...","previous":"\u4e0a\u4e00\u4e2a\u56fe\u50cf","next":"\u4e0b\u4e00\u4e2a\u56fe\u50cf","walle":"\u6b64\u56fe\u7247\u4e0d\u80fd\u4e0b\u8f7d\u7528\u4f5c\u58c1\u7eb8\u3002","walls":"\u4e0b\u8f7d\u4eca\u65e5\u7f8e\u56fe\u3002\u4ec5\u9650\u7528\u4f5c\u684c\u9762\u58c1\u7eb8\u3002"}}