{"images":[{"startdate":"20210914","fullstartdate":"202109141600","enddate":"20210915","url":"\/th?id=OHR.BirnbeckPier_ZH-CN0177628993_1920x1080.jpg&rf=LaDigue_1920x1080.jpg&pid=hp","urlbase":"\/th?id=OHR.BirnbeckPier_ZH-CN0177628993","copyright":"\u5e03\u91cc\u65af\u6258\u5c14\u6d77\u5ce1\u7684\u4f2f\u6069\u8d1d\u514b\u7801\u5934\uff0c\u82f1\u56fd\u6ee8\u6d77\u97e6\u65af\u987f\u5317\u7d22\u7f8e\u585e\u5f97 (\u00a9 Stephen Davies\/Adobe Stock)","copyrightlink":"https:\/\/www.bing.com\/search?q=%E6%BB%A8%E6%B5%B7%E9%9F%A6%E6%96%AF%E9%A1%BF&form=hpcapt&mkt=zh-cn","title":"","quiz":"\/search?q=Bing+homepage+quiz&filters=WQOskey:%22HPQuiz_20210914_BirnbeckPier%22&FORM=HPQUIZ","wp":true,"hsh":"40bcea3d8f0fc5bac2ab8d6a1c80b7ae","drk":1,"top":1,"bot":1,"hs":[]}],"tooltips":{"loading":"\u6b63\u5728\u52a0\u8f7d...","previous":"\u4e0a\u4e00\u4e2a\u56fe\u50cf","next":"\u4e0b\u4e00\u4e2a\u56fe\u50cf","walle":"\u6b64\u56fe\u7247\u4e0d\u80fd\u4e0b\u8f7d\u7528\u4f5c\u58c1\u7eb8\u3002","walls":"\u4e0b\u8f7d\u4eca\u65e5\u7f8e\u56fe\u3002\u4ec5\u9650\u7528\u4f5c\u684c\u9762\u58c1\u7eb8\u3002"}}