{"images":[{"startdate":"20210330","fullstartdate":"202103301600","enddate":"20210331","url":"\/th?id=OHR.RajaAmpat_ZH-CN2820406309_1920x1080.jpg&rf=LaDigue_1920x1080.jpg&pid=hp","urlbase":"\/th?id=OHR.RajaAmpat_ZH-CN2820406309","copyright":"\u62c9\u8d3e\u5b89\u5e15\u7279\u7fa4\u5c9b\u4e2d\u7684\u74e6\u4e9a\u683c\u5c9b\uff0c\u5370\u5ea6\u5c3c\u897f\u4e9a (\u00a9 Amazing Aerial Agency\/Offset by Shutterstock)","copyrightlink":"https:\/\/www.bing.com\/search?q=%E7%93%A6%E4%BA%9A%E6%A0%BC%E5%B2%9B&form=hpcapt&mkt=zh-cn","title":"","quiz":"\/search?q=Bing+homepage+quiz&filters=WQOskey:%22HPQuiz_20210330_RajaAmpat%22&FORM=HPQUIZ","wp":true,"hsh":"64b4d2927075996f4fe7fd2c8135af30","drk":1,"top":1,"bot":1,"hs":[]}],"tooltips":{"loading":"\u6b63\u5728\u52a0\u8f7d...","previous":"\u4e0a\u4e00\u4e2a\u56fe\u50cf","next":"\u4e0b\u4e00\u4e2a\u56fe\u50cf","walle":"\u6b64\u56fe\u7247\u4e0d\u80fd\u4e0b\u8f7d\u7528\u4f5c\u58c1\u7eb8\u3002","walls":"\u4e0b\u8f7d\u4eca\u65e5\u7f8e\u56fe\u3002\u4ec5\u9650\u7528\u4f5c\u684c\u9762\u58c1\u7eb8\u3002"}}