{"images":[{"startdate":"20210822","fullstartdate":"202108221600","enddate":"20210823","url":"\/th?id=OHR.LittleBlueHeron_ZH-CN0892428603_1920x1080.jpg&rf=LaDigue_1920x1080.jpg&pid=hp","urlbase":"\/th?id=OHR.LittleBlueHeron_ZH-CN0892428603","copyright":"\u6d45\u6c34\u6ee9\u4e0a\u7684\u5c0f\u84dd\u9e6d\uff0c\u53e4\u5df4 (\u00a9 Sergey Uryadnikov\/Alamy)","copyrightlink":"https:\/\/www.bing.com\/search?q=%E5%B0%8F%E8%93%9D%E9%B9%AD&form=hpcapt&mkt=zh-cn","title":"","quiz":"\/search?q=Bing+homepage+quiz&filters=WQOskey:%22HPQuiz_20210822_LittleBlueHeron%22&FORM=HPQUIZ","wp":true,"hsh":"1e517d7bc0b6c8b0569e4f507f0b6a68","drk":1,"top":1,"bot":1,"hs":[]}],"tooltips":{"loading":"\u6b63\u5728\u52a0\u8f7d...","previous":"\u4e0a\u4e00\u4e2a\u56fe\u50cf","next":"\u4e0b\u4e00\u4e2a\u56fe\u50cf","walle":"\u6b64\u56fe\u7247\u4e0d\u80fd\u4e0b\u8f7d\u7528\u4f5c\u58c1\u7eb8\u3002","walls":"\u4e0b\u8f7d\u4eca\u65e5\u7f8e\u56fe\u3002\u4ec5\u9650\u7528\u4f5c\u684c\u9762\u58c1\u7eb8\u3002"}}