{"images":[{"startdate":"20210608","fullstartdate":"202106081600","enddate":"20210609","url":"\/th?id=OHR.ForteNossa_ZH-CN2163490377_1920x1080.jpg&rf=LaDigue_1920x1080.jpg&pid=hp","urlbase":"\/th?id=OHR.ForteNossa_ZH-CN2163490377","copyright":"\u57c3\u5c14\u74e6\u4ec0\u9644\u8fd1\u7684\u683c\u62c9\u8428\u5723\u6bcd\u5821\uff0c\u8461\u8404\u7259 (\u00a9 Luis Pina Photography\/Shutterstock)","copyrightlink":"https:\/\/www.bing.com\/search?q=%E5%9F%83%E5%B0%94%E7%93%A6%E4%BB%80&form=hpcapt&mkt=zh-cn","title":"","quiz":"\/search?q=Bing+homepage+quiz&filters=WQOskey:%22HPQuiz_20210608_ForteNossa%22&FORM=HPQUIZ","wp":true,"hsh":"71c150c4c32365ecc5b44c3af9b6a7df","drk":1,"top":1,"bot":1,"hs":[]}],"tooltips":{"loading":"\u6b63\u5728\u52a0\u8f7d...","previous":"\u4e0a\u4e00\u4e2a\u56fe\u50cf","next":"\u4e0b\u4e00\u4e2a\u56fe\u50cf","walle":"\u6b64\u56fe\u7247\u4e0d\u80fd\u4e0b\u8f7d\u7528\u4f5c\u58c1\u7eb8\u3002","walls":"\u4e0b\u8f7d\u4eca\u65e5\u7f8e\u56fe\u3002\u4ec5\u9650\u7528\u4f5c\u684c\u9762\u58c1\u7eb8\u3002"}}