{"images":[{"startdate":"20210720","fullstartdate":"202107201600","enddate":"20210721","url":"\/th?id=OHR.VermilionLakes_ZH-CN3446257764_1920x1080.jpg&rf=LaDigue_1920x1080.jpg&pid=hp","urlbase":"\/th?id=OHR.VermilionLakes_ZH-CN3446257764","copyright":"\u5c71\u8109\u4e2d\u7684\u6731\u7802\u6e56\uff0c\u52a0\u62ff\u5927\u843d\u57fa\u5c71\u8109 (\u00a9 Glowing Earth Photography\/Getty Images)","copyrightlink":"https:\/\/www.bing.com\/search?q=%E6%9C%B1%E7%A0%82%E6%B9%96&form=hpcapt&mkt=zh-cn","title":"","quiz":"\/search?q=Bing+homepage+quiz&filters=WQOskey:%22HPQuiz_20210720_VermilionLakes%22&FORM=HPQUIZ","wp":true,"hsh":"8899cb70496a4b2b82395521324391c8","drk":1,"top":1,"bot":1,"hs":[]}],"tooltips":{"loading":"\u6b63\u5728\u52a0\u8f7d...","previous":"\u4e0a\u4e00\u4e2a\u56fe\u50cf","next":"\u4e0b\u4e00\u4e2a\u56fe\u50cf","walle":"\u6b64\u56fe\u7247\u4e0d\u80fd\u4e0b\u8f7d\u7528\u4f5c\u58c1\u7eb8\u3002","walls":"\u4e0b\u8f7d\u4eca\u65e5\u7f8e\u56fe\u3002\u4ec5\u9650\u7528\u4f5c\u684c\u9762\u58c1\u7eb8\u3002"}}