{"images":[{"startdate":"20210527","fullstartdate":"202105271600","enddate":"20210528","url":"\/th?id=OHR.CowbirdsEgg_ZH-CN2642512087_1920x1080.jpg&rf=LaDigue_1920x1080.jpg&pid=hp","urlbase":"\/th?id=OHR.CowbirdsEgg_ZH-CN2642512087","copyright":"\u88c5\u6709\u8910\u5934\u725b\u9e42\u7684\u86cb\u7684\u65c5\u9e2b\u5de2 (\u00a9 Edward Kinsman\/Science Photo Library)","copyrightlink":"https:\/\/www.bing.com\/search?q=%E8%A4%90%E5%A4%B4%E7%89%9B%E9%B9%82&form=hpcapt&mkt=zh-cn","title":"","quiz":"\/search?q=Bing+homepage+quiz&filters=WQOskey:%22HPQuiz_20210527_CowbirdsEgg%22&FORM=HPQUIZ","wp":true,"hsh":"3d0908e0e577f9a9aba36cbeae984f42","drk":1,"top":1,"bot":1,"hs":[]}],"tooltips":{"loading":"\u6b63\u5728\u52a0\u8f7d...","previous":"\u4e0a\u4e00\u4e2a\u56fe\u50cf","next":"\u4e0b\u4e00\u4e2a\u56fe\u50cf","walle":"\u6b64\u56fe\u7247\u4e0d\u80fd\u4e0b\u8f7d\u7528\u4f5c\u58c1\u7eb8\u3002","walls":"\u4e0b\u8f7d\u4eca\u65e5\u7f8e\u56fe\u3002\u4ec5\u9650\u7528\u4f5c\u684c\u9762\u58c1\u7eb8\u3002"}}