{"images":[{"startdate":"20211210","fullstartdate":"202112101600","enddate":"20211211","url":"\/th?id=OHR.ShadowEverest_ZH-CN9951649290_1920x1080.jpg&rf=LaDigue_1920x1080.jpg&pid=hp","urlbase":"\/th?id=OHR.ShadowEverest_ZH-CN9951649290","copyright":"\u73e0\u7a46\u6717\u739b\u5cf0\u7684\u5f71\u5b50\uff0c\u5c3c\u6cca\u5c14\u559c\u9a6c\u62c9\u96c5\u897f\u90e8 (\u00a9 Kent Karvey\/KH Films, Inc.\/Tandem Stills + Motion)","copyrightlink":"https:\/\/www.bing.com\/search?q=%E7%8F%A0%E7%A9%86%E6%9C%97%E7%8E%9B%E5%B3%B0&form=hpcapt&mkt=zh-cn","title":"","quiz":"\/search?q=Bing+homepage+quiz&filters=WQOskey:%22HPQuiz_20211210_ShadowEverest%22&FORM=HPQUIZ","wp":true,"hsh":"d67b438dbdfaf3f5904de8cd812bfbff","drk":1,"top":1,"bot":1,"hs":[]}],"tooltips":{"loading":"\u6b63\u5728\u52a0\u8f7d...","previous":"\u4e0a\u4e00\u4e2a\u56fe\u50cf","next":"\u4e0b\u4e00\u4e2a\u56fe\u50cf","walle":"\u6b64\u56fe\u7247\u4e0d\u80fd\u4e0b\u8f7d\u7528\u4f5c\u58c1\u7eb8\u3002","walls":"\u4e0b\u8f7d\u4eca\u65e5\u7f8e\u56fe\u3002\u4ec5\u9650\u7528\u4f5c\u684c\u9762\u58c1\u7eb8\u3002"}}