{"images":[{"startdate":"20211119","fullstartdate":"202111191600","enddate":"20211120","url":"\/th?id=OHR.FallAssiniboine_ZH-CN8878734090_1920x1080.jpg&rf=LaDigue_1920x1080.jpg&pid=hp","urlbase":"\/th?id=OHR.FallAssiniboine_ZH-CN8878734090","copyright":"\u963f\u897f\u5c3c\u535a\u56e0\u5c71\u516c\u56ed\u7684\u79cb\u53f6\uff0c\u52a0\u62ff\u5927\u4e0d\u5217\u98a0\u54e5\u4f26\u6bd4\u4e9a\u7701 (\u00a9 Mitch Pittman\/TANDEM Stills + Motion)","copyrightlink":"https:\/\/www.bing.com\/search?q=%E4%B8%8D%E5%88%97%E9%A2%A0%E5%93%A5%E4%BC%A6%E6%AF%94%E4%BA%9A%E7%9C%81&form=hpcapt&mkt=zh-cn","title":"","quiz":"\/search?q=Bing+homepage+quiz&filters=WQOskey:%22HPQuiz_20211119_FallAssiniboine%22&FORM=HPQUIZ","wp":true,"hsh":"df97a8b676355fb4798ab95f5c475427","drk":1,"top":1,"bot":1,"hs":[]}],"tooltips":{"loading":"\u6b63\u5728\u52a0\u8f7d...","previous":"\u4e0a\u4e00\u4e2a\u56fe\u50cf","next":"\u4e0b\u4e00\u4e2a\u56fe\u50cf","walle":"\u6b64\u56fe\u7247\u4e0d\u80fd\u4e0b\u8f7d\u7528\u4f5c\u58c1\u7eb8\u3002","walls":"\u4e0b\u8f7d\u4eca\u65e5\u7f8e\u56fe\u3002\u4ec5\u9650\u7528\u4f5c\u684c\u9762\u58c1\u7eb8\u3002"}}