{"images":[{"startdate":"20211224","fullstartdate":"202112241600","enddate":"20211225","url":"\/th?id=OHR.KhomyakMountain_ZH-CN6296455717_1920x1080.jpg&rf=LaDigue_1920x1080.jpg&pid=hp","urlbase":"\/th?id=OHR.KhomyakMountain_ZH-CN6296455717","copyright":"\u5b9b\u5982\u5723\u8bde\u7cbe\u7075\u7684\u6811\u5e72\uff0c\u4e4c\u514b\u5170\u5580\u5c14\u5df4\u9621\u5c71\u8109 (\u00a9 panaramka\/Getty Images)","copyrightlink":"https:\/\/www.bing.com\/search?q=%E5%96%80%E5%B0%94%E5%B7%B4%E9%98%A1%E5%B1%B1%E8%84%89&form=hpcapt&mkt=zh-cn","title":"","quiz":"\/search?q=Bing+homepage+quiz&filters=WQOskey:%22HPQuiz_20211224_KhomyakMountain%22&FORM=HPQUIZ","wp":true,"hsh":"7ed6dd26cfce390db7cb5b3158782bc9","drk":1,"top":1,"bot":1,"hs":[]}],"tooltips":{"loading":"\u6b63\u5728\u52a0\u8f7d...","previous":"\u4e0a\u4e00\u4e2a\u56fe\u50cf","next":"\u4e0b\u4e00\u4e2a\u56fe\u50cf","walle":"\u6b64\u56fe\u7247\u4e0d\u80fd\u4e0b\u8f7d\u7528\u4f5c\u58c1\u7eb8\u3002","walls":"\u4e0b\u8f7d\u4eca\u65e5\u7f8e\u56fe\u3002\u4ec5\u9650\u7528\u4f5c\u684c\u9762\u58c1\u7eb8\u3002"}}