{"images":[{"startdate":"20210107","fullstartdate":"202101071600","enddate":"20210108","url":"\/th?id=OHR.FoucaultsPendulum_ZH-CN9435794626_1920x1080.jpg&rf=LaDigue_1920x1080.jpg&pid=hp","urlbase":"\/th?id=OHR.FoucaultsPendulum_ZH-CN9435794626","copyright":"\u5df4\u9ece\u5148\u8d24\u7960\u5185\u7684\u5085\u79d1\u6446\uff0c\u6cd5\u56fd (\u00a9 Adolf\/Adobe Stock)","copyrightlink":"https:\/\/www.bing.com\/search?q=%E5%B7%B4%E9%BB%8E%E5%85%88%E8%B4%A4%E7%A5%A0&form=hpcapt&mkt=zh-cn","title":"","quiz":"\/search?q=Bing+homepage+quiz&filters=WQOskey:%22HPQuiz_20210107_FoucaultsPendulum%22&FORM=HPQUIZ","wp":true,"hsh":"c8b195fa661cfaeb673cfdad30e78d35","drk":1,"top":1,"bot":1,"hs":[]}],"tooltips":{"loading":"\u6b63\u5728\u52a0\u8f7d...","previous":"\u4e0a\u4e00\u4e2a\u56fe\u50cf","next":"\u4e0b\u4e00\u4e2a\u56fe\u50cf","walle":"\u6b64\u56fe\u7247\u4e0d\u80fd\u4e0b\u8f7d\u7528\u4f5c\u58c1\u7eb8\u3002","walls":"\u4e0b\u8f7d\u4eca\u65e5\u7f8e\u56fe\u3002\u4ec5\u9650\u7528\u4f5c\u684c\u9762\u58c1\u7eb8\u3002"}}