{"images":[{"startdate":"20211214","fullstartdate":"202112141600","enddate":"20211215","url":"\/th?id=OHR.SantaJusta_ZH-CN0849826455_1920x1080.jpg&rf=LaDigue_1920x1080.jpg&pid=hp","urlbase":"\/th?id=OHR.SantaJusta_ZH-CN0849826455","copyright":"\u574e\u5854\u5e03\u91cc\u4e9a\u7684\u5c0f\u6559\u5802\uff0c\u897f\u73ed\u7259 (\u00a9 Luis Miguel Martin\/Getty Images)","copyrightlink":"https:\/\/www.bing.com\/search?q=%E5%9D%8E%E5%A1%94%E5%B8%83%E9%87%8C%E4%BA%9A&form=hpcapt&mkt=zh-cn","title":"","quiz":"\/search?q=Bing+homepage+quiz&filters=WQOskey:%22HPQuiz_20211214_SantaJusta%22&FORM=HPQUIZ","wp":true,"hsh":"d5540040f42eab10391bbd3dc94e6058","drk":1,"top":1,"bot":1,"hs":[]}],"tooltips":{"loading":"\u6b63\u5728\u52a0\u8f7d...","previous":"\u4e0a\u4e00\u4e2a\u56fe\u50cf","next":"\u4e0b\u4e00\u4e2a\u56fe\u50cf","walle":"\u6b64\u56fe\u7247\u4e0d\u80fd\u4e0b\u8f7d\u7528\u4f5c\u58c1\u7eb8\u3002","walls":"\u4e0b\u8f7d\u4eca\u65e5\u7f8e\u56fe\u3002\u4ec5\u9650\u7528\u4f5c\u684c\u9762\u58c1\u7eb8\u3002"}}