{"images":[{"startdate":"20220207","fullstartdate":"202202071600","enddate":"20220208","url":"\/th?id=OHR.SpeloncatoSnow_ZH-CN8115437163_1920x1080.jpg&rf=LaDigue_1920x1080.jpg&pid=hp","urlbase":"\/th?id=OHR.SpeloncatoSnow_ZH-CN8115437163","copyright":"\u79d1\u897f\u5609\u5c9b\u4e0a\u7684Speloncato\u5e02\uff0c\u6cd5\u56fd (\u00a9 Jon Ingall\/Alamy)","copyrightlink":"https:\/\/www.bing.com\/search?q=%E7%A7%91%E8%A5%BF%E5%98%89%E5%B2%9B&form=hpcapt&mkt=zh-cn","title":"\u62ff\u7834\u4ed1\u5728\u8fd9\u91cc\u51fa\u751f","quiz":"\/search?q=Bing+homepage+quiz&filters=WQOskey:%22HPQuiz_20220207_SpeloncatoSnow%22&FORM=HPQUIZ","wp":true,"hsh":"e78a049cd7a69c7e67bab00403802733","drk":1,"top":1,"bot":1,"hs":[]}],"tooltips":{"loading":"\u6b63\u5728\u52a0\u8f7d...","previous":"\u4e0a\u4e00\u4e2a\u56fe\u50cf","next":"\u4e0b\u4e00\u4e2a\u56fe\u50cf","walle":"\u6b64\u56fe\u7247\u4e0d\u80fd\u4e0b\u8f7d\u7528\u4f5c\u58c1\u7eb8\u3002","walls":"\u4e0b\u8f7d\u4eca\u65e5\u7f8e\u56fe\u3002\u4ec5\u9650\u7528\u4f5c\u684c\u9762\u58c1\u7eb8\u3002"}}