{"images":[{"startdate":"20210830","fullstartdate":"202108301600","enddate":"20210831","url":"\/th?id=OHR.DjurdjevicaBridge_ZH-CN0284105882_1920x1080.jpg&rf=LaDigue_1920x1080.jpg&pid=hp","urlbase":"\/th?id=OHR.DjurdjevicaBridge_ZH-CN0284105882","copyright":"\u675c\u5fb7\u7ef4\u5361\u5854\u62c9\u5927\u6865\uff0c\u9ed1\u5c71 (\u00a9 Hike The World\/Shutterstock)","copyrightlink":"https:\/\/www.bing.com\/search?q=%E6%9D%9C%E5%BE%B7%E7%BB%B4%E5%8D%A1%E5%A1%94%E6%8B%89%E5%A4%A7%E6%A1%A5&form=hpcapt&mkt=zh-cn","title":"","quiz":"\/search?q=Bing+homepage+quiz&filters=WQOskey:%22HPQuiz_20210830_DjurdjevicaBridge%22&FORM=HPQUIZ","wp":true,"hsh":"d10fa80d74701a97b9a4c54736fc3263","drk":1,"top":1,"bot":1,"hs":[]}],"tooltips":{"loading":"\u6b63\u5728\u52a0\u8f7d...","previous":"\u4e0a\u4e00\u4e2a\u56fe\u50cf","next":"\u4e0b\u4e00\u4e2a\u56fe\u50cf","walle":"\u6b64\u56fe\u7247\u4e0d\u80fd\u4e0b\u8f7d\u7528\u4f5c\u58c1\u7eb8\u3002","walls":"\u4e0b\u8f7d\u4eca\u65e5\u7f8e\u56fe\u3002\u4ec5\u9650\u7528\u4f5c\u684c\u9762\u58c1\u7eb8\u3002"}}