{"images":[{"startdate":"20210507","fullstartdate":"202105071600","enddate":"20210508","url":"\/th?id=OHR.LimosaLimosa_ZH-CN8008396927_1920x1080.jpg&rf=LaDigue_1920x1080.jpg&pid=hp","urlbase":"\/th?id=OHR.LimosaLimosa_ZH-CN8008396927","copyright":"\u9ed1\u5c3e\u584d\u9e6c\uff0c\u8377\u5170 (\u00a9 Edward van Altena\/Minden Pictures)","copyrightlink":"https:\/\/www.bing.com\/search?q=%E9%BB%91%E5%B0%BE%E5%A1%8D%E9%B9%AC&form=hpcapt&mkt=zh-cn","title":"","quiz":"\/search?q=Bing+homepage+quiz&filters=WQOskey:%22HPQuiz_20210507_LimosaLimosa%22&FORM=HPQUIZ","wp":true,"hsh":"47b81c9b30db2786af86dff9fa7bbfcf","drk":1,"top":1,"bot":1,"hs":[]}],"tooltips":{"loading":"\u6b63\u5728\u52a0\u8f7d...","previous":"\u4e0a\u4e00\u4e2a\u56fe\u50cf","next":"\u4e0b\u4e00\u4e2a\u56fe\u50cf","walle":"\u6b64\u56fe\u7247\u4e0d\u80fd\u4e0b\u8f7d\u7528\u4f5c\u58c1\u7eb8\u3002","walls":"\u4e0b\u8f7d\u4eca\u65e5\u7f8e\u56fe\u3002\u4ec5\u9650\u7528\u4f5c\u684c\u9762\u58c1\u7eb8\u3002"}}