{"images":[{"startdate":"20210702","fullstartdate":"202107021600","enddate":"20210703","url":"\/th?id=OHR.WakatobiNP_ZH-CN0672859436_1920x1080.jpg&rf=LaDigue_1920x1080.jpg&pid=hp","urlbase":"\/th?id=OHR.WakatobiNP_ZH-CN0672859436","copyright":"\u74e6\u5361\u6258\u6bd4\u56fd\u5bb6\u516c\u56ed\uff0c\u5370\u5ea6\u5c3c\u897f\u4e9a (\u00a9 Fabio Lamanna\/Alamy)","copyrightlink":"https:\/\/www.bing.com\/search?q=%E7%93%A6%E5%8D%A1%E6%89%98%E6%AF%94%E5%9B%BD%E5%AE%B6%E5%85%AC%E5%9B%AD&form=hpcapt&mkt=zh-cn","title":"","quiz":"\/search?q=Bing+homepage+quiz&filters=WQOskey:%22HPQuiz_20210702_WakatobiNP%22&FORM=HPQUIZ","wp":true,"hsh":"662afcf099b8801acdd74176f086b637","drk":1,"top":1,"bot":1,"hs":[]}],"tooltips":{"loading":"\u6b63\u5728\u52a0\u8f7d...","previous":"\u4e0a\u4e00\u4e2a\u56fe\u50cf","next":"\u4e0b\u4e00\u4e2a\u56fe\u50cf","walle":"\u6b64\u56fe\u7247\u4e0d\u80fd\u4e0b\u8f7d\u7528\u4f5c\u58c1\u7eb8\u3002","walls":"\u4e0b\u8f7d\u4eca\u65e5\u7f8e\u56fe\u3002\u4ec5\u9650\u7528\u4f5c\u684c\u9762\u58c1\u7eb8\u3002"}}