{"images":[{"startdate":"20210907","fullstartdate":"202109071600","enddate":"20210908","url":"\/th?id=OHR.Riou_ZH-CN1401049576_1920x1080.jpg&rf=LaDigue_1920x1080.jpg&pid=hp","urlbase":"\/th?id=OHR.Riou_ZH-CN1401049576","copyright":"\u4ece\u6602\u6c83\u5ce1\u6e7e\u773a\u671b\u91cc\u6b27\u5c9b\uff0c\u6cd5\u56fd\u9a6c\u8d5b (\u00a9 Jason Langley\/AWL Images\/Offset by Shutterstock)","copyrightlink":"https:\/\/www.bing.com\/search?q=%E5%B3%A1%E6%B9%BE&FORM=hpcapt&mkt=zh-cn","title":"","quiz":"\/search?q=Bing+homepage+quiz&filters=WQOskey:%22HPQuiz_20210907_Riou%22&FORM=HPQUIZ","wp":true,"hsh":"2b352f383b5b834924be74cbafff0482","drk":1,"top":1,"bot":1,"hs":[]}],"tooltips":{"loading":"\u6b63\u5728\u52a0\u8f7d...","previous":"\u4e0a\u4e00\u4e2a\u56fe\u50cf","next":"\u4e0b\u4e00\u4e2a\u56fe\u50cf","walle":"\u6b64\u56fe\u7247\u4e0d\u80fd\u4e0b\u8f7d\u7528\u4f5c\u58c1\u7eb8\u3002","walls":"\u4e0b\u8f7d\u4eca\u65e5\u7f8e\u56fe\u3002\u4ec5\u9650\u7528\u4f5c\u684c\u9762\u58c1\u7eb8\u3002"}}