{"images":[{"startdate":"20210911","fullstartdate":"202109111600","enddate":"20210912","url":"\/th?id=OHR.AsianElephants_ZH-CN2736490825_1920x1080.jpg&rf=LaDigue_1920x1080.jpg&pid=hp","urlbase":"\/th?id=OHR.AsianElephants_ZH-CN2736490825","copyright":"\u5370\u5ea6\u897f\u5b5f\u52a0\u62c9\u90a6\u7684\u4e9a\u6d32\u8c61 (\u00a9 Avijan Saha\/Minden Pictures)","copyrightlink":"https:\/\/www.bing.com\/search?q=%E4%BA%9A%E6%B4%B2%E8%B1%A1&form=hpcapt&mkt=zh-cn","title":"","quiz":"\/search?q=Bing+homepage+quiz&filters=WQOskey:%22HPQuiz_20210911_AsianElephants%22&FORM=HPQUIZ","wp":true,"hsh":"ec3366c1a8609594c9ca807d5b86d7ab","drk":1,"top":1,"bot":1,"hs":[]}],"tooltips":{"loading":"\u6b63\u5728\u52a0\u8f7d...","previous":"\u4e0a\u4e00\u4e2a\u56fe\u50cf","next":"\u4e0b\u4e00\u4e2a\u56fe\u50cf","walle":"\u6b64\u56fe\u7247\u4e0d\u80fd\u4e0b\u8f7d\u7528\u4f5c\u58c1\u7eb8\u3002","walls":"\u4e0b\u8f7d\u4eca\u65e5\u7f8e\u56fe\u3002\u4ec5\u9650\u7528\u4f5c\u684c\u9762\u58c1\u7eb8\u3002"}}