{"images":[{"startdate":"20220503","fullstartdate":"202205031600","enddate":"20220504","url":"\/th?id=OHR.TofinoOcean_ZH-CN6555392161_1920x1080.jpg&rf=LaDigue_1920x1080.jpg&pid=hp","urlbase":"\/th?id=OHR.TofinoOcean_ZH-CN6555392161","copyright":"\u6258\u83f2\u8bfa\u7684\u9ea6\u80af\u9f50\u6d77\u6ee9\uff0c\u52a0\u62ff\u5927\u4e0d\u5217\u98a0\u54e5\u4f26\u6bd4\u4e9a\u7701 (\u00a9 Robert Postma\/Plainpicture\/Design Pics)","copyrightlink":"https:\/\/www.bing.com\/search?q=%E5%8A%A0%E6%8B%BF%E5%A4%A7+%E6%89%98%E8%8F%B2%E8%AF%BA&form=hpcapt&mkt=zh-cn","title":"\u592a\u5e73\u6d0b\u7684\u6ce2\u6d9b","quiz":"\/search?q=Bing+homepage+quiz&filters=WQOskey:%22HPQuiz_20220503_TofinoOcean%22&FORM=HPQUIZ","wp":true,"hsh":"9e899ebef1f6d2d2a196659ec378650e","drk":1,"top":1,"bot":1,"hs":[]}],"tooltips":{"loading":"\u6b63\u5728\u52a0\u8f7d...","previous":"\u4e0a\u4e00\u4e2a\u56fe\u50cf","next":"\u4e0b\u4e00\u4e2a\u56fe\u50cf","walle":"\u6b64\u56fe\u7247\u4e0d\u80fd\u4e0b\u8f7d\u7528\u4f5c\u58c1\u7eb8\u3002","walls":"\u4e0b\u8f7d\u4eca\u65e5\u7f8e\u56fe\u3002\u4ec5\u9650\u7528\u4f5c\u684c\u9762\u58c1\u7eb8\u3002"}}