{"images":[{"startdate":"20210505","fullstartdate":"202105051600","enddate":"20210506","url":"\/th?id=OHR.ThosegharWaterfalls_ZH-CN9371597122_1920x1080.jpg&rf=LaDigue_1920x1080.jpg&pid=hp","urlbase":"\/th?id=OHR.ThosegharWaterfalls_ZH-CN9371597122","copyright":"\u6258\u585e\u52a0\u5c14\u7011\u5e03\uff0c\u5370\u5ea6\u9a6c\u54c8\u62c9\u65bd\u7279\u62c9\u90a6 (\u00a9 Sonali Kumar\/iStock\/Getty Images Plus)","copyrightlink":"https:\/\/www.bing.com\/search?q=%E6%89%98%E5%A1%9E%E5%8A%A0%E5%B0%94%E7%80%91%E5%B8%83&form=hpcapt&mkt=zh-cn","title":"","quiz":"\/search?q=Bing+homepage+quiz&filters=WQOskey:%22HPQuiz_20210505_ThosegharWaterfalls%22&FORM=HPQUIZ","wp":true,"hsh":"b7a5a958c65617400f1a99cd3035c50d","drk":1,"top":1,"bot":1,"hs":[]}],"tooltips":{"loading":"\u6b63\u5728\u52a0\u8f7d...","previous":"\u4e0a\u4e00\u4e2a\u56fe\u50cf","next":"\u4e0b\u4e00\u4e2a\u56fe\u50cf","walle":"\u6b64\u56fe\u7247\u4e0d\u80fd\u4e0b\u8f7d\u7528\u4f5c\u58c1\u7eb8\u3002","walls":"\u4e0b\u8f7d\u4eca\u65e5\u7f8e\u56fe\u3002\u4ec5\u9650\u7528\u4f5c\u684c\u9762\u58c1\u7eb8\u3002"}}