{"images":[{"startdate":"20220307","fullstartdate":"202203071600","enddate":"20220308","url":"\/th?id=OHR.Mercantour_ZH-CN7208180454_1920x1080.jpg&rf=LaDigue_1920x1080.jpg&pid=hp","urlbase":"\/th?id=OHR.Mercantour_ZH-CN7208180454","copyright":"\u8482\u5185\u6cb3\u7554\u5723\u827e\u8482\u5b89\u5c0f\u9547\uff0c\u6cd5\u56fd\u963f\u5c14\u5351\u65af\u7701  (\u00a9 CAVALIER Michel\/hemis.fr\/Alamy Stock Photo)","copyrightlink":"https:\/\/www.bing.com\/search?q=%E9%98%BF%E5%B0%94%E5%8D%91%E6%96%AF%E7%9C%81&form=hpcapt&mkt=zh-cn","title":"\u5f81\u670d\u4e86\u4e16\u754c\u7684\u9ad8\u5c71","quiz":"\/search?q=Bing+homepage+quiz&filters=WQOskey:%22HPQuiz_20220307_Mercantour%22&FORM=HPQUIZ","wp":true,"hsh":"a853fa3df0fe4ce1569f3bf9754ab80c","drk":1,"top":1,"bot":1,"hs":[]}],"tooltips":{"loading":"\u6b63\u5728\u52a0\u8f7d...","previous":"\u4e0a\u4e00\u4e2a\u56fe\u50cf","next":"\u4e0b\u4e00\u4e2a\u56fe\u50cf","walle":"\u6b64\u56fe\u7247\u4e0d\u80fd\u4e0b\u8f7d\u7528\u4f5c\u58c1\u7eb8\u3002","walls":"\u4e0b\u8f7d\u4eca\u65e5\u7f8e\u56fe\u3002\u4ec5\u9650\u7528\u4f5c\u684c\u9762\u58c1\u7eb8\u3002"}}