{"images":[{"startdate":"20210831","fullstartdate":"202108311600","enddate":"20210901","url":"\/th?id=OHR.Porcini_ZH-CN0462290460_1920x1080.jpg&rf=LaDigue_1920x1080.jpg&pid=hp","urlbase":"\/th?id=OHR.Porcini_ZH-CN0462290460","copyright":"\u4e00\u6735\u725b\u809d\u83cc (\u00a9 vnosokin\/Getty Images)","copyrightlink":"https:\/\/www.bing.com\/search?q=%E4%B8%80%E6%9C%B5%E7%89%9B%E8%82%9D%E8%8F%8C&form=hpcapt&mkt=zh-cn","title":"","quiz":"\/search?q=Bing+homepage+quiz&filters=WQOskey:%22HPQuiz_20210831_Porcini%22&FORM=HPQUIZ","wp":true,"hsh":"282f5712aa16f698272074f6a9b5262b","drk":1,"top":1,"bot":1,"hs":[]}],"tooltips":{"loading":"\u6b63\u5728\u52a0\u8f7d...","previous":"\u4e0a\u4e00\u4e2a\u56fe\u50cf","next":"\u4e0b\u4e00\u4e2a\u56fe\u50cf","walle":"\u6b64\u56fe\u7247\u4e0d\u80fd\u4e0b\u8f7d\u7528\u4f5c\u58c1\u7eb8\u3002","walls":"\u4e0b\u8f7d\u4eca\u65e5\u7f8e\u56fe\u3002\u4ec5\u9650\u7528\u4f5c\u684c\u9762\u58c1\u7eb8\u3002"}}