{"images":[{"startdate":"20210827","fullstartdate":"202108271600","enddate":"20210828","url":"\/th?id=OHR.Mpumalanga_ZH-CN9666962271_1920x1080.jpg&rf=LaDigue_1920x1080.jpg&pid=hp","urlbase":"\/th?id=OHR.Mpumalanga_ZH-CN9666962271","copyright":"\u7ea2\u5634\u725b\u690b\u9e1f\u548c\u9ad8\u89d2\u7f9a\uff0c \u5357\u975e\u59c6\u666e\u9a6c\u5170\u52a0\u7701 (\u00a9 Heini Wehrle\/Minden Pictures)","copyrightlink":"https:\/\/www.bing.com\/search?q=%E7%BA%A2%E5%98%B4%E7%89%9B%E6%A4%8B%E9%B8%9F&form=hpcapt&mkt=zh-cn","title":"","quiz":"\/search?q=Bing+homepage+quiz&filters=WQOskey:%22HPQuiz_20210827_Mpumalanga%22&FORM=HPQUIZ","wp":true,"hsh":"9a635266c3fb555b3fcee1c4aaf62ead","drk":1,"top":1,"bot":1,"hs":[]}],"tooltips":{"loading":"\u6b63\u5728\u52a0\u8f7d...","previous":"\u4e0a\u4e00\u4e2a\u56fe\u50cf","next":"\u4e0b\u4e00\u4e2a\u56fe\u50cf","walle":"\u6b64\u56fe\u7247\u4e0d\u80fd\u4e0b\u8f7d\u7528\u4f5c\u58c1\u7eb8\u3002","walls":"\u4e0b\u8f7d\u4eca\u65e5\u7f8e\u56fe\u3002\u4ec5\u9650\u7528\u4f5c\u684c\u9762\u58c1\u7eb8\u3002"}}