{"images":[{"startdate":"20210905","fullstartdate":"202109051600","enddate":"20210906","url":"\/th?id=OHR.HowgillFells_ZH-CN1134328886_1920x1080.jpg&rf=LaDigue_1920x1080.jpg&pid=hp","urlbase":"\/th?id=OHR.HowgillFells_ZH-CN1134328886","copyright":"\u7ea6\u514b\u90e1\u8c37\u5730\u56fd\u5bb6\u516c\u56ed\u91cc\u7684\u5c71\u4e18\uff0c\u82f1\u683c\u5170 (\u00a9 davidnmoorhouse\/iStock\/Getty Images Plus)","copyrightlink":"https:\/\/www.bing.com\/search?q=%E7%BA%A6%E5%85%8B%E9%83%A1%E8%B0%B7%E5%9C%B0%E5%9B%BD%E5%AE%B6%E5%85%AC%E5%9B%AD&form=hpcapt&mkt=zh-cn","title":"","quiz":"\/search?q=Bing+homepage+quiz&filters=WQOskey:%22HPQuiz_20210905_HowgillFells%22&FORM=HPQUIZ","wp":true,"hsh":"e6c7c79d96f5d75dd25f3a016969e4be","drk":1,"top":1,"bot":1,"hs":[]}],"tooltips":{"loading":"\u6b63\u5728\u52a0\u8f7d...","previous":"\u4e0a\u4e00\u4e2a\u56fe\u50cf","next":"\u4e0b\u4e00\u4e2a\u56fe\u50cf","walle":"\u6b64\u56fe\u7247\u4e0d\u80fd\u4e0b\u8f7d\u7528\u4f5c\u58c1\u7eb8\u3002","walls":"\u4e0b\u8f7d\u4eca\u65e5\u7f8e\u56fe\u3002\u4ec5\u9650\u7528\u4f5c\u684c\u9762\u58c1\u7eb8\u3002"}}