{"images":[{"startdate":"20211219","fullstartdate":"202112191600","enddate":"20211220","url":"\/th?id=OHR.QuoichBowl_ZH-CN5583756085_1920x1080.jpg&rf=LaDigue_1920x1080.jpg&pid=hp","urlbase":"\/th?id=OHR.QuoichBowl_ZH-CN5583756085","copyright":"Linn of Quoich\u7011\u5e03\u65c1\u7684\u7897\u72b6\u5ca9\u77f3\u6d1e\uff0c\u82cf\u683c\u5170\u963f\u4f2f\u4e01\u90e1 (\u00a9 AWL Images\/Danita Delimont)","copyrightlink":"https:\/\/www.bing.com\/search?q=%E9%98%BF%E4%BC%AF%E4%B8%81%E9%83%A1&form=hpcapt&mkt=zh-cn","title":"","quiz":"\/search?q=Bing+homepage+quiz&filters=WQOskey:%22HPQuiz_20211219_QuoichBowl%22&FORM=HPQUIZ","wp":true,"hsh":"54e5c8bdb094c88b5b01845cb610f812","drk":1,"top":1,"bot":1,"hs":[]}],"tooltips":{"loading":"\u6b63\u5728\u52a0\u8f7d...","previous":"\u4e0a\u4e00\u4e2a\u56fe\u50cf","next":"\u4e0b\u4e00\u4e2a\u56fe\u50cf","walle":"\u6b64\u56fe\u7247\u4e0d\u80fd\u4e0b\u8f7d\u7528\u4f5c\u58c1\u7eb8\u3002","walls":"\u4e0b\u8f7d\u4eca\u65e5\u7f8e\u56fe\u3002\u4ec5\u9650\u7528\u4f5c\u684c\u9762\u58c1\u7eb8\u3002"}}