{"images":[{"startdate":"20220123","fullstartdate":"202201231600","enddate":"20220124","url":"\/th?id=OHR.ManhattanView_ZH-CN3156325644_1920x1080.jpg&rf=LaDigue_1920x1080.jpg&pid=hp","urlbase":"\/th?id=OHR.ManhattanView_ZH-CN3156325644","copyright":"\u706f\u5149\u7480\u74a8\u7684\u66fc\u54c8\u987f\u4e0b\u57ce\uff0c\u7f8e\u56fd\u7ebd\u7ea6 (\u00a9 New York On Air\/Offset\/Shutterstock)","copyrightlink":"https:\/\/www.bing.com\/search?q=%E6%9B%BC%E5%93%88%E9%A1%BF%E4%B8%8B%E5%9F%8E&form=hpcapt&mkt=zh-cn","title":"","quiz":"\/search?q=Bing+homepage+quiz&filters=WQOskey:%22HPQuiz_20220123_ManhattanView%22&FORM=HPQUIZ","wp":true,"hsh":"50126038cc765a7a91e30da3797bb0ca","drk":1,"top":1,"bot":1,"hs":[]}],"tooltips":{"loading":"\u6b63\u5728\u52a0\u8f7d...","previous":"\u4e0a\u4e00\u4e2a\u56fe\u50cf","next":"\u4e0b\u4e00\u4e2a\u56fe\u50cf","walle":"\u6b64\u56fe\u7247\u4e0d\u80fd\u4e0b\u8f7d\u7528\u4f5c\u58c1\u7eb8\u3002","walls":"\u4e0b\u8f7d\u4eca\u65e5\u7f8e\u56fe\u3002\u4ec5\u9650\u7528\u4f5c\u684c\u9762\u58c1\u7eb8\u3002"}}