{"images":[{"startdate":"20210909","fullstartdate":"202109091600","enddate":"20210910","url":"\/th?id=OHR.JaneAusten_ZH-CN2508681308_1920x1080.jpg&rf=LaDigue_1920x1080.jpg&pid=hp","urlbase":"\/th?id=OHR.JaneAusten_ZH-CN2508681308","copyright":"River Avon in Bath, England (\u00a9 Robert Harding World Imagery\/Offset by Shutterstock)","copyrightlink":"https:\/\/www.bing.com\/search?q=England&form=hpcapt&mkt=zh-cn","title":"","quiz":"\/search?q=Bing+homepage+quiz&filters=WQOskey:%22HPQuiz_20210909_JaneAusten%22&FORM=HPQUIZ","wp":true,"hsh":"cf71a88e3c4329d76eb8b3c056e1dccf","drk":1,"top":1,"bot":1,"hs":[]}],"tooltips":{"loading":"\u6b63\u5728\u52a0\u8f7d...","previous":"\u4e0a\u4e00\u4e2a\u56fe\u50cf","next":"\u4e0b\u4e00\u4e2a\u56fe\u50cf","walle":"\u6b64\u56fe\u7247\u4e0d\u80fd\u4e0b\u8f7d\u7528\u4f5c\u58c1\u7eb8\u3002","walls":"\u4e0b\u8f7d\u4eca\u65e5\u7f8e\u56fe\u3002\u4ec5\u9650\u7528\u4f5c\u684c\u9762\u58c1\u7eb8\u3002"}}