{"images":[{"startdate":"20210118","fullstartdate":"202101181600","enddate":"20210119","url":"\/th?id=OHR.Calakmul_ZH-CN5969688954_1920x1080.jpg&rf=LaDigue_1920x1080.jpg&pid=hp","urlbase":"\/th?id=OHR.Calakmul_ZH-CN5969688954","copyright":"\u88ab\u4e1b\u6797\u5305\u56f4\u7740\u7684\u739b\u96c5\u53e4\u57ce\u5361\u62c9\u514b\u7a46\u5c14\u9057\u5740\uff0c\u58a8\u897f\u54e5\u574e\u4f69\u5207 (\u00a9 Alfredo Matus\/Shutterstock)","copyrightlink":"https:\/\/www.bing.com\/search?q=%E5%8D%A1%E6%8B%89%E5%85%8B%E7%A9%86%E5%B0%94%E9%81%97%E5%9D%80&form=hpcapt&mkt=zh-cn","title":"","quiz":"\/search?q=Bing+homepage+quiz&filters=WQOskey:%22HPQuiz_20210118_Calakmul%22&FORM=HPQUIZ","wp":true,"hsh":"8c1374ba7dffc984c3be437ea0e2fb87","drk":1,"top":1,"bot":1,"hs":[]}],"tooltips":{"loading":"\u6b63\u5728\u52a0\u8f7d...","previous":"\u4e0a\u4e00\u4e2a\u56fe\u50cf","next":"\u4e0b\u4e00\u4e2a\u56fe\u50cf","walle":"\u6b64\u56fe\u7247\u4e0d\u80fd\u4e0b\u8f7d\u7528\u4f5c\u58c1\u7eb8\u3002","walls":"\u4e0b\u8f7d\u4eca\u65e5\u7f8e\u56fe\u3002\u4ec5\u9650\u7528\u4f5c\u684c\u9762\u58c1\u7eb8\u3002"}}