{"images":[{"startdate":"20220209","fullstartdate":"202202091600","enddate":"20220210","url":"\/th?id=OHR.SnowyBern_ZH-CN5472524801_1920x1080.jpg&rf=LaDigue_1920x1080.jpg&pid=hp","urlbase":"\/th?id=OHR.SnowyBern_ZH-CN5472524801","copyright":"\u9759\u8c27\u7684\u4f2f\u5c14\u5c3c\u53e4\u57ce\u533a\uff0c\u745e\u58eb (\u00a9 Xantana\/Getty Images)","copyrightlink":"https:\/\/www.bing.com\/search?q=%E4%BC%AF%E5%B0%94%E5%B0%BC%E5%8F%A4%E5%9F%8E&form=hpcapt&mkt=zh-cn","title":"\u53e4\u57ce\u533a\u7684\u706f\u706b","quiz":"\/search?q=Bing+homepage+quiz&filters=WQOskey:%22HPQuiz_20220209_SnowyBern%22&FORM=HPQUIZ","wp":true,"hsh":"b4736ef84f9d09a82df8a8ea835333d7","drk":1,"top":1,"bot":1,"hs":[]}],"tooltips":{"loading":"\u6b63\u5728\u52a0\u8f7d...","previous":"\u4e0a\u4e00\u4e2a\u56fe\u50cf","next":"\u4e0b\u4e00\u4e2a\u56fe\u50cf","walle":"\u6b64\u56fe\u7247\u4e0d\u80fd\u4e0b\u8f7d\u7528\u4f5c\u58c1\u7eb8\u3002","walls":"\u4e0b\u8f7d\u4eca\u65e5\u7f8e\u56fe\u3002\u4ec5\u9650\u7528\u4f5c\u684c\u9762\u58c1\u7eb8\u3002"}}