{"images":[{"startdate":"20210217","fullstartdate":"202102171600","enddate":"20210218","url":"\/th?id=OHR.VerzascaValley_ZH-CN8308636990_1920x1080.jpg&rf=LaDigue_1920x1080.jpg&pid=hp","urlbase":"\/th?id=OHR.VerzascaValley_ZH-CN8308636990","copyright":"\u62c9\u97e6\u5c14\u6cf0\u4f50\u9644\u8fd1\u4e00\u6761\u6cb3\u91cc\u7684\u77f3\u5934\uff0c\u745e\u58eb\u585e\u65af\u5361\u5c71\u8c37 (\u00a9 Robert Seitz\/Offset by Shutterstock)","copyrightlink":"https:\/\/www.bing.com\/search?q=%E6%8B%89%E9%9F%A6%E5%B0%94%E6%B3%B0%E4%BD%90&form=hpcapt&mkt=zh-cn","title":"","quiz":"\/search?q=Bing+homepage+quiz&filters=WQOskey:%22HPQuiz_20210217_VerzascaValley%22&FORM=HPQUIZ","wp":true,"hsh":"0da5abeb96aee2b99f701c4554261bc8","drk":1,"top":1,"bot":1,"hs":[]}],"tooltips":{"loading":"\u6b63\u5728\u52a0\u8f7d...","previous":"\u4e0a\u4e00\u4e2a\u56fe\u50cf","next":"\u4e0b\u4e00\u4e2a\u56fe\u50cf","walle":"\u6b64\u56fe\u7247\u4e0d\u80fd\u4e0b\u8f7d\u7528\u4f5c\u58c1\u7eb8\u3002","walls":"\u4e0b\u8f7d\u4eca\u65e5\u7f8e\u56fe\u3002\u4ec5\u9650\u7528\u4f5c\u684c\u9762\u58c1\u7eb8\u3002"}}