{"images":[{"startdate":"20220228","fullstartdate":"202202281600","enddate":"20220301","url":"\/th?id=OHR.ZugspitzeGipfelstation_ZH-CN6120971585_1920x1080.jpg&rf=LaDigue_1920x1080.jpg&pid=hp","urlbase":"\/th?id=OHR.ZugspitzeGipfelstation_ZH-CN6120971585","copyright":"\u695a\u683c\u5cf0\u5c71\u9876\u7684\u7f06\u8f66\u7ad9\uff0c\u5fb7\u56fd\u683c\u8d56\u7459\u5e02 (\u00a9 Robert Jank\/Alamy)","copyrightlink":"https:\/\/www.bing.com\/search?q=%E6%A5%9A%E6%A0%BC%E5%B3%B0&form=hpcapt&mkt=zh-cn","title":"\u4f4d\u4e8e\u5fb7\u56fd\u6700\u9ad8\u7684\u5c71\u4e0a","quiz":"\/search?q=Bing+homepage+quiz&filters=WQOskey:%22HPQuiz_20220228_ZugspitzeGipfelstation%22&FORM=HPQUIZ","wp":true,"hsh":"f0011dc0e9b553459915652b64227765","drk":1,"top":1,"bot":1,"hs":[]}],"tooltips":{"loading":"\u6b63\u5728\u52a0\u8f7d...","previous":"\u4e0a\u4e00\u4e2a\u56fe\u50cf","next":"\u4e0b\u4e00\u4e2a\u56fe\u50cf","walle":"\u6b64\u56fe\u7247\u4e0d\u80fd\u4e0b\u8f7d\u7528\u4f5c\u58c1\u7eb8\u3002","walls":"\u4e0b\u8f7d\u4eca\u65e5\u7f8e\u56fe\u3002\u4ec5\u9650\u7528\u4f5c\u684c\u9762\u58c1\u7eb8\u3002"}}