{"images":[{"startdate":"20211228","fullstartdate":"202112281600","enddate":"20211229","url":"\/th?id=OHR.OreamnosAmericanus_ZH-CN6731612431_1920x1080.jpg&rf=LaDigue_1920x1080.jpg&pid=hp","urlbase":"\/th?id=OHR.OreamnosAmericanus_ZH-CN6731612431","copyright":"\u80b2\u7a7a\u5730\u533a\u7684\u843d\u57fa\u5c71\u7f8a\uff0c\u52a0\u62ff\u5927 (\u00a9 Mark Newman\/Getty Images)","copyrightlink":"https:\/\/www.bing.com\/search?q=%E8%90%BD%E5%9F%BA%E5%B1%B1%E7%BE%8A&form=hpcapt&mkt=zh-cn","title":"","quiz":"\/search?q=Bing+homepage+quiz&filters=WQOskey:%22HPQuiz_20211228_OreamnosAmericanus%22&FORM=HPQUIZ","wp":true,"hsh":"6c6a19e11e26c8c454542e9cc335151c","drk":1,"top":1,"bot":1,"hs":[]}],"tooltips":{"loading":"\u6b63\u5728\u52a0\u8f7d...","previous":"\u4e0a\u4e00\u4e2a\u56fe\u50cf","next":"\u4e0b\u4e00\u4e2a\u56fe\u50cf","walle":"\u6b64\u56fe\u7247\u4e0d\u80fd\u4e0b\u8f7d\u7528\u4f5c\u58c1\u7eb8\u3002","walls":"\u4e0b\u8f7d\u4eca\u65e5\u7f8e\u56fe\u3002\u4ec5\u9650\u7528\u4f5c\u684c\u9762\u58c1\u7eb8\u3002"}}