{"images":[{"startdate":"20211127","fullstartdate":"202111271600","enddate":"20211128","url":"\/th?id=OHR.BeechTrees_ZH-CN9605292244_1920x1080.jpg&rf=LaDigue_1920x1080.jpg&pid=hp","urlbase":"\/th?id=OHR.BeechTrees_ZH-CN9605292244","copyright":"\u53e4\u8001\u7684\u6c34\u9752\u5188\u6811\uff0c\u82f1\u56fd\u5317\u5b89\u666e\u987f\u90e1 (\u00a9 Andrew Baskott\/Alamy)","copyrightlink":"https:\/\/www.bing.com\/search?q=%E6%B0%B4%E9%9D%92%E5%86%88%E6%A0%91&form=hpcapt&mkt=zh-cn","title":"","quiz":"\/search?q=Bing+homepage+quiz&filters=WQOskey:%22HPQuiz_20211127_BeechTrees%22&FORM=HPQUIZ","wp":true,"hsh":"741f00531d2adcf86244194bb20cdb1b","drk":1,"top":1,"bot":1,"hs":[]}],"tooltips":{"loading":"\u6b63\u5728\u52a0\u8f7d...","previous":"\u4e0a\u4e00\u4e2a\u56fe\u50cf","next":"\u4e0b\u4e00\u4e2a\u56fe\u50cf","walle":"\u6b64\u56fe\u7247\u4e0d\u80fd\u4e0b\u8f7d\u7528\u4f5c\u58c1\u7eb8\u3002","walls":"\u4e0b\u8f7d\u4eca\u65e5\u7f8e\u56fe\u3002\u4ec5\u9650\u7528\u4f5c\u684c\u9762\u58c1\u7eb8\u3002"}}