{"images":[{"startdate":"20210801","fullstartdate":"202108011600","enddate":"20210802","url":"\/th?id=OHR.UpperCathedral_ZH-CN4349673438_1920x1080.jpg&rf=LaDigue_1920x1080.jpg&pid=hp","urlbase":"\/th?id=OHR.UpperCathedral_ZH-CN4349673438","copyright":"\u5706\u9876\u7901\u56fd\u5bb6\u516c\u56ed\u7684\u5927\u6559\u5802\u8c37\uff0c\u72b9\u4ed6\u5dde (\u00a9 Tim Fitzharris\/Minden Pictures)","copyrightlink":"https:\/\/www.bing.com\/search?q=%E5%9C%86%E9%A1%B6%E7%A4%81%E5%9B%BD%E5%AE%B6%E5%85%AC%E5%9B%AD&form=hpcapt&mkt=zh-cn","title":"","quiz":"\/search?q=Bing+homepage+quiz&filters=WQOskey:%22HPQuiz_20210801_UpperCathedral%22&FORM=HPQUIZ","wp":true,"hsh":"f721a64705e59a2fe6188c3cb1ad668e","drk":1,"top":1,"bot":1,"hs":[]}],"tooltips":{"loading":"\u6b63\u5728\u52a0\u8f7d...","previous":"\u4e0a\u4e00\u4e2a\u56fe\u50cf","next":"\u4e0b\u4e00\u4e2a\u56fe\u50cf","walle":"\u6b64\u56fe\u7247\u4e0d\u80fd\u4e0b\u8f7d\u7528\u4f5c\u58c1\u7eb8\u3002","walls":"\u4e0b\u8f7d\u4eca\u65e5\u7f8e\u56fe\u3002\u4ec5\u9650\u7528\u4f5c\u684c\u9762\u58c1\u7eb8\u3002"}}