{"images":[{"startdate":"20210808","fullstartdate":"202108081600","enddate":"20210809","url":"\/th?id=OHR.MineBay_ZH-CN4962056960_1920x1080.jpg&rf=LaDigue_1920x1080.jpg&pid=hp","urlbase":"\/th?id=OHR.MineBay_ZH-CN4962056960","copyright":"\u96d5\u523b\u5e08\u5728\u77ff\u5c71\u6e7e\u521b\u4f5c\u7684\u5ca9\u96d5\u4f5c\u54c1\uff0c\u65b0\u897f\u5170\u5317\u5c9b\u9676\u6ce2\u6e56 (\u00a9 Evgueni Zverev\/Alamy)","copyrightlink":"https:\/\/www.bing.com\/search?q=%E9%99%B6%E6%B3%A2%E6%B9%96&form=hpcapt&mkt=zh-cn","title":"","quiz":"\/search?q=Bing+homepage+quiz&filters=WQOskey:%22HPQuiz_20210808_MineBay%22&FORM=HPQUIZ","wp":true,"hsh":"28e7f735e0fb6edfbb7ce2059e08cea7","drk":1,"top":1,"bot":1,"hs":[]}],"tooltips":{"loading":"\u6b63\u5728\u52a0\u8f7d...","previous":"\u4e0a\u4e00\u4e2a\u56fe\u50cf","next":"\u4e0b\u4e00\u4e2a\u56fe\u50cf","walle":"\u6b64\u56fe\u7247\u4e0d\u80fd\u4e0b\u8f7d\u7528\u4f5c\u58c1\u7eb8\u3002","walls":"\u4e0b\u8f7d\u4eca\u65e5\u7f8e\u56fe\u3002\u4ec5\u9650\u7528\u4f5c\u684c\u9762\u58c1\u7eb8\u3002"}}