{"images":[{"startdate":"20210221","fullstartdate":"202102211600","enddate":"20210222","url":"\/th?id=OHR.TheCobb_ZH-CN9310074102_1920x1080.jpg&rf=LaDigue_1920x1080.jpg&pid=hp","urlbase":"\/th?id=OHR.TheCobb_ZH-CN9310074102","copyright":"\u83b1\u59c6\u91cc\u6770\u65af\u7684Cobb\u9632\u6ce2\u5824\uff0c\u82f1\u683c\u5170\u591a\u585e\u7279 (\u00a9 Ross Hoddinott\/Offset by Shutterstock)","copyrightlink":"https:\/\/www.bing.com\/search?q=Cobb%E9%98%B2%E6%B3%A2%E5%A0%A4&form=hpcapt&mkt=zh-cn","title":"","quiz":"\/search?q=Bing+homepage+quiz&filters=WQOskey:%22HPQuiz_20210221_TheCobb%22&FORM=HPQUIZ","wp":true,"hsh":"f1dd146d363e0a78cba2dd35d7f69254","drk":1,"top":1,"bot":1,"hs":[]}],"tooltips":{"loading":"\u6b63\u5728\u52a0\u8f7d...","previous":"\u4e0a\u4e00\u4e2a\u56fe\u50cf","next":"\u4e0b\u4e00\u4e2a\u56fe\u50cf","walle":"\u6b64\u56fe\u7247\u4e0d\u80fd\u4e0b\u8f7d\u7528\u4f5c\u58c1\u7eb8\u3002","walls":"\u4e0b\u8f7d\u4eca\u65e5\u7f8e\u56fe\u3002\u4ec5\u9650\u7528\u4f5c\u684c\u9762\u58c1\u7eb8\u3002"}}