{"images":[{"startdate":"20220201","fullstartdate":"202202011600","enddate":"20220202","url":"\/th?id=OHR.GHDMarmot_ZH-CN5983212280_1920x1080.jpg&rf=LaDigue_1920x1080.jpg&pid=hp","urlbase":"\/th?id=OHR.GHDMarmot_ZH-CN5983212280","copyright":"\u963f\u5c14\u5351\u65af\u65f1\u736d\uff0c\u5965\u5730\u5229\u9676\u6069\u5c71\u56fd\u5bb6\u516c\u56ed (\u00a9 Misja Smits\/Minden Pictures)","copyrightlink":"https:\/\/www.bing.com\/search?q=%E9%98%BF%E5%B0%94%E5%8D%91%E6%96%AF%E6%97%B1%E7%8D%AD&form=hpcapt&mkt=zh-cn","title":"\u571f\u62e8\u9f20\u65e5\u5feb\u4e50(\u53c8\u6765\u4e86?)","quiz":"\/search?q=Bing+homepage+quiz&filters=WQOskey:%22HPQuiz_20220201_GHDMarmot%22&FORM=HPQUIZ","wp":true,"hsh":"eec60e25e46ae900d2d6180fd80694dd","drk":1,"top":1,"bot":1,"hs":[]}],"tooltips":{"loading":"\u6b63\u5728\u52a0\u8f7d...","previous":"\u4e0a\u4e00\u4e2a\u56fe\u50cf","next":"\u4e0b\u4e00\u4e2a\u56fe\u50cf","walle":"\u6b64\u56fe\u7247\u4e0d\u80fd\u4e0b\u8f7d\u7528\u4f5c\u58c1\u7eb8\u3002","walls":"\u4e0b\u8f7d\u4eca\u65e5\u7f8e\u56fe\u3002\u4ec5\u9650\u7528\u4f5c\u684c\u9762\u58c1\u7eb8\u3002"}}