{"images":[{"startdate":"20210402","fullstartdate":"202104021600","enddate":"20210403","url":"\/th?id=OHR.AnivaLighthouse_ZH-CN3021410274_1920x1080.jpg&rf=LaDigue_1920x1080.jpg&pid=hp","urlbase":"\/th?id=OHR.AnivaLighthouse_ZH-CN3021410274","copyright":"\u963f\u5c3c\u74e6\u89d2\u7684\u706f\u5854\uff0c\u4fc4\u7f57\u65af\u8428\u54c8\u6797\u5c9b (\u00a9 Amazing Aerial Agency\/Offset by Shutterstock)","copyrightlink":"https:\/\/www.bing.com\/search?q=%E9%98%BF%E5%B0%BC%E7%93%A6%E7%81%AF%E5%A1%94&form=hpcapt&mkt=zh-cn","title":"","quiz":"\/search?q=Bing+homepage+quiz&filters=WQOskey:%22HPQuiz_20210402_AnivaLighthouse%22&FORM=HPQUIZ","wp":true,"hsh":"ae203b614244eb46522ac781b532881c","drk":1,"top":1,"bot":1,"hs":[]}],"tooltips":{"loading":"\u6b63\u5728\u52a0\u8f7d...","previous":"\u4e0a\u4e00\u4e2a\u56fe\u50cf","next":"\u4e0b\u4e00\u4e2a\u56fe\u50cf","walle":"\u6b64\u56fe\u7247\u4e0d\u80fd\u4e0b\u8f7d\u7528\u4f5c\u58c1\u7eb8\u3002","walls":"\u4e0b\u8f7d\u4eca\u65e5\u7f8e\u56fe\u3002\u4ec5\u9650\u7528\u4f5c\u684c\u9762\u58c1\u7eb8\u3002"}}