{"images":[{"startdate":"20210125","fullstartdate":"202101251600","enddate":"20210126","url":"\/th?id=OHR.HeartAustralia_ZH-CN7049080558_1920x1080.jpg&rf=LaDigue_1920x1080.jpg&pid=hp","urlbase":"\/th?id=OHR.HeartAustralia_ZH-CN7049080558","copyright":"\u5c5e\u4e8e\u5927\u5821\u7901\u7684\u4e00\u90e8\u5206\u7684\u5fc3\u5f62\u7901\uff0c\u6fb3\u5927\u5229\u4e9a\u6606\u58eb\u5170 (\u00a9 Peter Adams\/Offset by Shutterstock)","copyrightlink":"https:\/\/www.bing.com\/search?q=%E5%BF%83%E5%BD%A2%E7%A4%81&form=hpcapt&mkt=zh-cn","title":"","quiz":"\/search?q=Bing+homepage+quiz&filters=WQOskey:%22HPQuiz_20210125_HeartAustralia%22&FORM=HPQUIZ","wp":true,"hsh":"e314972f784c94703c223729aab5310e","drk":1,"top":1,"bot":1,"hs":[]}],"tooltips":{"loading":"\u6b63\u5728\u52a0\u8f7d...","previous":"\u4e0a\u4e00\u4e2a\u56fe\u50cf","next":"\u4e0b\u4e00\u4e2a\u56fe\u50cf","walle":"\u6b64\u56fe\u7247\u4e0d\u80fd\u4e0b\u8f7d\u7528\u4f5c\u58c1\u7eb8\u3002","walls":"\u4e0b\u8f7d\u4eca\u65e5\u7f8e\u56fe\u3002\u4ec5\u9650\u7528\u4f5c\u684c\u9762\u58c1\u7eb8\u3002"}}