{"images":[{"startdate":"20210418","fullstartdate":"202104181600","enddate":"20210419","url":"\/th?id=OHR.Mobula_ZH-CN7830551038_1920x1080.jpg&rf=LaDigue_1920x1080.jpg&pid=hp","urlbase":"\/th?id=OHR.Mobula_ZH-CN7830551038","copyright":"\u5927\u7fa4\u7684\u8292\u57fa\u8760\u9cbc\u8dc3\u51fa\u6c34\u9762\uff0c\u58a8\u897f\u54e5\u52a0\u5229\u798f\u5c3c\u4e9a\u6e7e (\u00a9 Mark Carwardine\/Minden Pictures)","copyrightlink":"https:\/\/www.bing.com\/search?q=%E8%9D%A0%E9%B2%BC&form=hpcapt&mkt=zh-cn","title":"","quiz":"\/search?q=Bing+homepage+quiz&filters=WQOskey:%22HPQuiz_20210418_Mobula%22&FORM=HPQUIZ","wp":true,"hsh":"8d48b267707da113f2f57d726f6e58cd","drk":1,"top":1,"bot":1,"hs":[]}],"tooltips":{"loading":"\u6b63\u5728\u52a0\u8f7d...","previous":"\u4e0a\u4e00\u4e2a\u56fe\u50cf","next":"\u4e0b\u4e00\u4e2a\u56fe\u50cf","walle":"\u6b64\u56fe\u7247\u4e0d\u80fd\u4e0b\u8f7d\u7528\u4f5c\u58c1\u7eb8\u3002","walls":"\u4e0b\u8f7d\u4eca\u65e5\u7f8e\u56fe\u3002\u4ec5\u9650\u7528\u4f5c\u684c\u9762\u58c1\u7eb8\u3002"}}