{"images":[{"startdate":"20211010","fullstartdate":"202110101600","enddate":"20211011","url":"\/th?id=OHR.MauricieAutumn_ZH-CN3300167870_1920x1080.jpg&rf=LaDigue_1920x1080.jpg&pid=hp","urlbase":"\/th?id=OHR.MauricieAutumn_ZH-CN3300167870","copyright":"\u62c9\u83ab\u91cc\u65af\u56fd\u5bb6\u516c\u56ed\u4e2d\u7684Wapizagonke\u6e56\u533a\uff0c\u52a0\u62ff\u5927\u9b41\u5317\u514b (\u00a9 Instants\/Getty Images)","copyrightlink":"https:\/\/www.bing.com\/search?q=%E6%8B%89%E8%8E%AB%E9%87%8C%E6%96%AF%E5%9B%BD%E5%AE%B6%E5%85%AC%E5%9B%AD&form=hpcapt&mkt=zh-cn","title":"","quiz":"\/search?q=Bing+homepage+quiz&filters=WQOskey:%22HPQuiz_20211010_MauricieAutumn%22&FORM=HPQUIZ","wp":true,"hsh":"0aabe3830735d5f5f5b0aa8e3810982b","drk":1,"top":1,"bot":1,"hs":[]}],"tooltips":{"loading":"\u6b63\u5728\u52a0\u8f7d...","previous":"\u4e0a\u4e00\u4e2a\u56fe\u50cf","next":"\u4e0b\u4e00\u4e2a\u56fe\u50cf","walle":"\u6b64\u56fe\u7247\u4e0d\u80fd\u4e0b\u8f7d\u7528\u4f5c\u58c1\u7eb8\u3002","walls":"\u4e0b\u8f7d\u4eca\u65e5\u7f8e\u56fe\u3002\u4ec5\u9650\u7528\u4f5c\u684c\u9762\u58c1\u7eb8\u3002"}}