{"images":[{"startdate":"20210313","fullstartdate":"202103131600","enddate":"20210314","url":"\/th?id=OHR.LyonAstronomical_ZH-CN8601552487_1920x1080.jpg&rf=LaDigue_1920x1080.jpg&pid=hp","urlbase":"\/th?id=OHR.LyonAstronomical_ZH-CN8601552487","copyright":"\u91cc\u6602\u5929\u6587\u949f\uff0c\u6cd5\u56fd\u91cc\u6602 (\u00a9 kyolshin\/Alamy)","copyrightlink":"https:\/\/www.bing.com\/search?q=%E9%87%8C%E6%98%82%E5%A4%A9%E6%96%87%E9%92%9F&form=hpcapt&mkt=zh-cn","title":"","quiz":"\/search?q=Bing+homepage+quiz&filters=WQOskey:%22HPQuiz_20210313_LyonAstronomical%22&FORM=HPQUIZ","wp":true,"hsh":"9a45caa44b60efb07978641db7b79bb5","drk":1,"top":1,"bot":1,"hs":[]}],"tooltips":{"loading":"\u6b63\u5728\u52a0\u8f7d...","previous":"\u4e0a\u4e00\u4e2a\u56fe\u50cf","next":"\u4e0b\u4e00\u4e2a\u56fe\u50cf","walle":"\u6b64\u56fe\u7247\u4e0d\u80fd\u4e0b\u8f7d\u7528\u4f5c\u58c1\u7eb8\u3002","walls":"\u4e0b\u8f7d\u4eca\u65e5\u7f8e\u56fe\u3002\u4ec5\u9650\u7528\u4f5c\u684c\u9762\u58c1\u7eb8\u3002"}}