{"images":[{"startdate":"20210117","fullstartdate":"202101171600","enddate":"20210118","url":"\/th?id=OHR.FichtelbergWinter_ZH-CN9274877146_1920x1080.jpg&rf=LaDigue_1920x1080.jpg&pid=hp","urlbase":"\/th?id=OHR.FichtelbergWinter_ZH-CN9274877146","copyright":"\u83f2\u5e0c\u7279\u5c14\u8d1d\u683c\u5c71\u4e0a\u7684\u6c14\u8c61\u7ad9\u548cFichtelberghaus\u9152\u5e97\uff0c\u5fb7\u56fd\u4e0a\u7ef4\u68ee\u5854\u5c14 (\u00a9 Cornelia Dorr\/eStock Photo)","copyrightlink":"https:\/\/www.bing.com\/search?q=%E8%8F%B2%E5%B8%8C%E7%89%B9%E5%B0%94%E8%B4%9D%E6%A0%BC%E5%B1%B1&form=hpcapt&mkt=zh-cn","title":"","quiz":"\/search?q=Bing+homepage+quiz&filters=WQOskey:%22HPQuiz_20210117_FichtelbergWinter%22&FORM=HPQUIZ","wp":true,"hsh":"ee7d42da02a6f039366c3597e0e33191","drk":1,"top":1,"bot":1,"hs":[]}],"tooltips":{"loading":"\u6b63\u5728\u52a0\u8f7d...","previous":"\u4e0a\u4e00\u4e2a\u56fe\u50cf","next":"\u4e0b\u4e00\u4e2a\u56fe\u50cf","walle":"\u6b64\u56fe\u7247\u4e0d\u80fd\u4e0b\u8f7d\u7528\u4f5c\u58c1\u7eb8\u3002","walls":"\u4e0b\u8f7d\u4eca\u65e5\u7f8e\u56fe\u3002\u4ec5\u9650\u7528\u4f5c\u684c\u9762\u58c1\u7eb8\u3002"}}