{"images":[{"startdate":"20220312","fullstartdate":"202203121600","enddate":"20220313","url":"\/th?id=OHR.SpringForward_ZH-CN6154174266_1920x1080.jpg&rf=LaDigue_1920x1080.jpg&pid=hp","urlbase":"\/th?id=OHR.SpringForward_ZH-CN6154174266","copyright":"\u5728\u6e7f\u5730\u4e2d\u8df3\u8dc3\u7684\u6b27\u6d32\u91ce\u5154\uff0c\u8377\u5170 (\u00a9 Jim Brandenburg\/Minden Pictures)","copyrightlink":"https:\/\/www.bing.com\/search?q=%E6%AC%A7%E6%B4%B2%E9%87%8E%E5%85%94&form=hpcapt&mkt=zh-cn","title":"\u5728\u6625\u5929\u8df3\u8dc3","quiz":"\/search?q=Bing+homepage+quiz&filters=WQOskey:%22HPQuiz_20220312_SpringForward%22&FORM=HPQUIZ","wp":true,"hsh":"e2e23064a3c423669ec7695484077f26","drk":1,"top":1,"bot":1,"hs":[]}],"tooltips":{"loading":"\u6b63\u5728\u52a0\u8f7d...","previous":"\u4e0a\u4e00\u4e2a\u56fe\u50cf","next":"\u4e0b\u4e00\u4e2a\u56fe\u50cf","walle":"\u6b64\u56fe\u7247\u4e0d\u80fd\u4e0b\u8f7d\u7528\u4f5c\u58c1\u7eb8\u3002","walls":"\u4e0b\u8f7d\u4eca\u65e5\u7f8e\u56fe\u3002\u4ec5\u9650\u7528\u4f5c\u684c\u9762\u58c1\u7eb8\u3002"}}