{"images":[{"startdate":"20211126","fullstartdate":"202111261600","enddate":"20211127","url":"\/th?id=OHR.ElanValley_ZH-CN9533069637_1920x1080.jpg&rf=LaDigue_1920x1080.jpg&pid=hp","urlbase":"\/th?id=OHR.ElanValley_ZH-CN9533069637","copyright":"\u4f0a\u5170\u8c37\u4e2d\u7684Pen y Garreg\u6c34\u575d\uff0c\u5a01\u5c14\u58eb (\u00a9 Joe Daniel Price\/Moment Open\/Getty Images)","copyrightlink":"https:\/\/www.bing.com\/search?q=%E5%A8%81%E5%B0%94%E5%A3%AB&form=hpcapt&mkt=zh-cn","title":"","quiz":"\/search?q=Bing+homepage+quiz&filters=WQOskey:%22HPQuiz_20211126_ElanValley%22&FORM=HPQUIZ","wp":true,"hsh":"606bc8750034c4ccd45f4a472e482f3a","drk":1,"top":1,"bot":1,"hs":[]}],"tooltips":{"loading":"\u6b63\u5728\u52a0\u8f7d...","previous":"\u4e0a\u4e00\u4e2a\u56fe\u50cf","next":"\u4e0b\u4e00\u4e2a\u56fe\u50cf","walle":"\u6b64\u56fe\u7247\u4e0d\u80fd\u4e0b\u8f7d\u7528\u4f5c\u58c1\u7eb8\u3002","walls":"\u4e0b\u8f7d\u4eca\u65e5\u7f8e\u56fe\u3002\u4ec5\u9650\u7528\u4f5c\u684c\u9762\u58c1\u7eb8\u3002"}}