{"images":[{"startdate":"20210325","fullstartdate":"202103251600","enddate":"20210326","url":"\/th?id=OHR.MTCradle_ZH-CN1573998424_1920x1080.jpg&rf=LaDigue_1920x1080.jpg&pid=hp","urlbase":"\/th?id=OHR.MTCradle_ZH-CN1573998424","copyright":"\u6447\u7bee\u5c71-\u5723\u514b\u83b1\u5c14\u6e56\u56fd\u5bb6\u516c\u56ed\uff0c\u6fb3\u5927\u5229\u4e9a\u5854\u65af\u9a6c\u5c3c\u4e9a\u5dde (\u00a9 Paparwin Tanupatarachai\/Getty Images)","copyrightlink":"https:\/\/www.bing.com\/search?q=%E6%91%87%E7%AF%AE%E5%B1%B1-%E5%9C%A3%E5%85%8B%E8%8E%B1%E5%B0%94%E6%B9%96%E5%9B%BD%E5%AE%B6%E5%85%AC%E5%9B%AD&form=hpcapt&mkt=zh-cn","title":"","quiz":"\/search?q=Bing+homepage+quiz&filters=WQOskey:%22HPQuiz_20210325_MTCradle%22&FORM=HPQUIZ","wp":true,"hsh":"f777aa8601b31318c2d74b744b65e070","drk":1,"top":1,"bot":1,"hs":[]}],"tooltips":{"loading":"\u6b63\u5728\u52a0\u8f7d...","previous":"\u4e0a\u4e00\u4e2a\u56fe\u50cf","next":"\u4e0b\u4e00\u4e2a\u56fe\u50cf","walle":"\u6b64\u56fe\u7247\u4e0d\u80fd\u4e0b\u8f7d\u7528\u4f5c\u58c1\u7eb8\u3002","walls":"\u4e0b\u8f7d\u4eca\u65e5\u7f8e\u56fe\u3002\u4ec5\u9650\u7528\u4f5c\u684c\u9762\u58c1\u7eb8\u3002"}}