{"images":[{"startdate":"20211002","fullstartdate":"202110021600","enddate":"20211003","url":"\/th?id=OHR.Italica_ZH-CN1692906751_1920x1080.jpg&rf=LaDigue_1920x1080.jpg&pid=hp","urlbase":"\/th?id=OHR.Italica_ZH-CN1692906751","copyright":"\u53e4\u7f57\u9a6c\u6597\u517d\u573a\uff0c\u897f\u73ed\u7259\u6851\u8482\u84ec\u585e\u9547\u7684\u7f57\u9a6c\u53e4\u57ce\u9057\u8ff9 (\u00a9 Amazing Aerial Agency\/Offset by Shutterstock)","copyrightlink":"https:\/\/www.bing.com\/search?q=%E6%A1%91%E8%92%82%E8%93%AC%E5%A1%9E&form=hpcapt&mkt=zh-cn","title":"","quiz":"\/search?q=Bing+homepage+quiz&filters=WQOskey:%22HPQuiz_20211002_Italica%22&FORM=HPQUIZ","wp":true,"hsh":"f6ecc650569c7aace1f10188735ef0b0","drk":1,"top":1,"bot":1,"hs":[]}],"tooltips":{"loading":"\u6b63\u5728\u52a0\u8f7d...","previous":"\u4e0a\u4e00\u4e2a\u56fe\u50cf","next":"\u4e0b\u4e00\u4e2a\u56fe\u50cf","walle":"\u6b64\u56fe\u7247\u4e0d\u80fd\u4e0b\u8f7d\u7528\u4f5c\u58c1\u7eb8\u3002","walls":"\u4e0b\u8f7d\u4eca\u65e5\u7f8e\u56fe\u3002\u4ec5\u9650\u7528\u4f5c\u684c\u9762\u58c1\u7eb8\u3002"}}