{"images":[{"startdate":"20210510","fullstartdate":"202105101600","enddate":"20210511","url":"\/th?id=OHR.GrinnellGlacier_ZH-CN8835275566_1920x1080.jpg&rf=LaDigue_1920x1080.jpg&pid=hp","urlbase":"\/th?id=OHR.GrinnellGlacier_ZH-CN8835275566","copyright":"\u683c\u6797\u5185\u5c14\u6e56\uff0c\u8499\u5927\u62ff\u5dde\u51b0\u5ddd\u56fd\u5bb6\u516c\u56ed (\u00a9 Pung\/Shutterstock)","copyrightlink":"https:\/\/www.bing.com\/search?q=%E5%86%B0%E5%B7%9D%E5%9B%BD%E5%AE%B6%E5%85%AC%E5%9B%AD&form=hpcapt&mkt=zh-cn","title":"","quiz":"\/search?q=Bing+homepage+quiz&filters=WQOskey:%22HPQuiz_20210510_GrinnellGlacier%22&FORM=HPQUIZ","wp":true,"hsh":"6e20dbe77323ad9ea8ec6296ba5ce85b","drk":1,"top":1,"bot":1,"hs":[]}],"tooltips":{"loading":"\u6b63\u5728\u52a0\u8f7d...","previous":"\u4e0a\u4e00\u4e2a\u56fe\u50cf","next":"\u4e0b\u4e00\u4e2a\u56fe\u50cf","walle":"\u6b64\u56fe\u7247\u4e0d\u80fd\u4e0b\u8f7d\u7528\u4f5c\u58c1\u7eb8\u3002","walls":"\u4e0b\u8f7d\u4eca\u65e5\u7f8e\u56fe\u3002\u4ec5\u9650\u7528\u4f5c\u684c\u9762\u58c1\u7eb8\u3002"}}