{"images":[{"startdate":"20210825","fullstartdate":"202108251600","enddate":"20210826","url":"\/th?id=OHR.SeaSwallow_ZH-CN1134903878_1920x1080.jpg&rf=LaDigue_1920x1080.jpg&pid=hp","urlbase":"\/th?id=OHR.SeaSwallow_ZH-CN1134903878","copyright":"\u4e00\u53ea\u6d77\u86de\u8753\u6b63\u5728\u8fdb\u98df\u94f6\u5e01\u6c34\u6bcd\uff0c\u6fb3\u5927\u5229\u4e9a\u65b0\u5357\u5a01\u5c14\u58eb\u5dde (\u00a9 Gary Bell\/Minden Pictures)","copyrightlink":"https:\/\/www.bing.com\/search?q=%E6%B5%B7%E8%9B%9E%E8%9D%93&form=hpcapt&mkt=zh-cn","title":"","quiz":"\/search?q=Bing+homepage+quiz&filters=WQOskey:%22HPQuiz_20210825_SeaSwallow%22&FORM=HPQUIZ","wp":true,"hsh":"c5b42dd9c60e7a813cf16c26ebf32b58","drk":1,"top":1,"bot":1,"hs":[]}],"tooltips":{"loading":"\u6b63\u5728\u52a0\u8f7d...","previous":"\u4e0a\u4e00\u4e2a\u56fe\u50cf","next":"\u4e0b\u4e00\u4e2a\u56fe\u50cf","walle":"\u6b64\u56fe\u7247\u4e0d\u80fd\u4e0b\u8f7d\u7528\u4f5c\u58c1\u7eb8\u3002","walls":"\u4e0b\u8f7d\u4eca\u65e5\u7f8e\u56fe\u3002\u4ec5\u9650\u7528\u4f5c\u684c\u9762\u58c1\u7eb8\u3002"}}