{"images":[{"startdate":"20201221","fullstartdate":"202012211600","enddate":"20201222","url":"\/th?id=OHR.HolidayNubble_ZH-CN8122183595_1920x1080.jpg&rf=LaDigue_1920x1080.jpg&pid=hp","urlbase":"\/th?id=OHR.HolidayNubble_ZH-CN8122183595","copyright":"\u6d85\u8fea\u514b\u89d2\u706f\u5854\u4e0a\u7684\u8282\u65e5\u5f69\u706f\uff0c\u7f05\u56e0\u5dde (\u00a9 Walter Bibikow\/Alamy)","copyrightlink":"https:\/\/www.bing.com\/search?q=%E6%B6%85%E8%BF%AA%E5%85%8B%E8%A7%92%E7%81%AF%E5%A1%94&form=hpcapt&mkt=zh-cn","title":"","quiz":"\/search?q=Bing+homepage+quiz&filters=WQOskey:%22HPQuiz_20201221_HolidayNubble%22&FORM=HPQUIZ","wp":true,"hsh":"1ad743a2985585b82ee59a8600460328","drk":1,"top":1,"bot":1,"hs":[]}],"tooltips":{"loading":"\u6b63\u5728\u52a0\u8f7d...","previous":"\u4e0a\u4e00\u4e2a\u56fe\u50cf","next":"\u4e0b\u4e00\u4e2a\u56fe\u50cf","walle":"\u6b64\u56fe\u7247\u4e0d\u80fd\u4e0b\u8f7d\u7528\u4f5c\u58c1\u7eb8\u3002","walls":"\u4e0b\u8f7d\u4eca\u65e5\u7f8e\u56fe\u3002\u4ec5\u9650\u7528\u4f5c\u684c\u9762\u58c1\u7eb8\u3002"}}