{"images":[{"startdate":"20220220","fullstartdate":"202202201600","enddate":"20220221","url":"\/th?id=OHR.SycamoreStars_ZH-CN0996978485_1920x1080.jpg&rf=LaDigue_1920x1080.jpg&pid=hp","urlbase":"\/th?id=OHR.SycamoreStars_ZH-CN0996978485","copyright":"\u54c8\u5fb7\u826f\u957f\u57ce\u4e0a\u7a7a\u7684\u5317\u6781\u5149\uff0c\u82f1\u683c\u5170\u8bfa\u68ee\u4f2f\u5170\u90e1 (\u00a9 Guy Edwardes\/NPL\/Minden Pictures)","copyrightlink":"https:\/\/www.bing.com\/search?q=%E5%93%88%E5%BE%B7%E8%89%AF%E9%95%BF%E5%9F%8E&form=hpcapt&mkt=zh-cn","title":"\u68a7\u6850\u6811\u5ce1","quiz":"\/search?q=Bing+homepage+quiz&filters=WQOskey:%22HPQuiz_20220220_SycamoreStars%22&FORM=HPQUIZ","wp":true,"hsh":"1d7d6ada844ee44f7586c469b8030a6d","drk":1,"top":1,"bot":1,"hs":[]}],"tooltips":{"loading":"\u6b63\u5728\u52a0\u8f7d...","previous":"\u4e0a\u4e00\u4e2a\u56fe\u50cf","next":"\u4e0b\u4e00\u4e2a\u56fe\u50cf","walle":"\u6b64\u56fe\u7247\u4e0d\u80fd\u4e0b\u8f7d\u7528\u4f5c\u58c1\u7eb8\u3002","walls":"\u4e0b\u8f7d\u4eca\u65e5\u7f8e\u56fe\u3002\u4ec5\u9650\u7528\u4f5c\u684c\u9762\u58c1\u7eb8\u3002"}}