{"images":[{"startdate":"20220122","fullstartdate":"202201221600","enddate":"20220123","url":"\/th?id=OHR.MeotoIwa_ZH-CN3126370410_1920x1080.jpg&rf=LaDigue_1920x1080.jpg&pid=hp","urlbase":"\/th?id=OHR.MeotoIwa_ZH-CN3126370410","copyright":"\u6d77\u5cb8\u65c1\u7684\u4e8c\u89c1\u6d66\u592b\u5987\u5ca9\uff0c\u65e5\u672c\u4e09\u91cd\u53bf (\u00a9 Marco Gaiotti\/plainpicture)","copyrightlink":"https:\/\/www.bing.com\/search?q=%E4%BA%8C%E8%A7%81%E6%B5%A6%E5%A4%AB%E5%A6%87%E5%B2%A9&form=hpcapt&mkt=zh-cn","title":"","quiz":"\/search?q=Bing+homepage+quiz&filters=WQOskey:%22HPQuiz_20220122_MeotoIwa%22&FORM=HPQUIZ","wp":true,"hsh":"73429fdaba2aa0440b5738a2a3018664","drk":1,"top":1,"bot":1,"hs":[]}],"tooltips":{"loading":"\u6b63\u5728\u52a0\u8f7d...","previous":"\u4e0a\u4e00\u4e2a\u56fe\u50cf","next":"\u4e0b\u4e00\u4e2a\u56fe\u50cf","walle":"\u6b64\u56fe\u7247\u4e0d\u80fd\u4e0b\u8f7d\u7528\u4f5c\u58c1\u7eb8\u3002","walls":"\u4e0b\u8f7d\u4eca\u65e5\u7f8e\u56fe\u3002\u4ec5\u9650\u7528\u4f5c\u684c\u9762\u58c1\u7eb8\u3002"}}