{"images":[{"startdate":"20211231","fullstartdate":"202112311600","enddate":"20220101","url":"\/th?id=OHR.JonesBeachHarpSeal_ZH-CN9584238333_1920x1080.jpg&rf=LaDigue_1920x1080.jpg&pid=hp","urlbase":"\/th?id=OHR.JonesBeachHarpSeal_ZH-CN9584238333","copyright":"\u7761\u5728\u6d77\u6ee9\u4e0a\u7684\u7ad6\u7434\u6d77\u8c79\uff0c\u7ebd\u7ea6\u957f\u5c9b (\u00a9 Vicki Jauron, Babylon and Beyond Photography\/Getty Images)","copyrightlink":"https:\/\/www.bing.com\/search?q=%E7%AB%96%E7%90%B4%E6%B5%B7%E8%B1%B9&form=hpcapt&mkt=zh-cn","title":"","quiz":"\/search?q=Bing+homepage+quiz&filters=WQOskey:%22HPQuiz_20211231_JonesBeachHarpSeal%22&FORM=HPQUIZ","wp":true,"hsh":"94c28b7ce326347587d2a782ab49a37f","drk":1,"top":1,"bot":1,"hs":[]}],"tooltips":{"loading":"\u6b63\u5728\u52a0\u8f7d...","previous":"\u4e0a\u4e00\u4e2a\u56fe\u50cf","next":"\u4e0b\u4e00\u4e2a\u56fe\u50cf","walle":"\u6b64\u56fe\u7247\u4e0d\u80fd\u4e0b\u8f7d\u7528\u4f5c\u58c1\u7eb8\u3002","walls":"\u4e0b\u8f7d\u4eca\u65e5\u7f8e\u56fe\u3002\u4ec5\u9650\u7528\u4f5c\u684c\u9762\u58c1\u7eb8\u3002"}}