{"images":[{"startdate":"20210512","fullstartdate":"202105121600","enddate":"20210513","url":"\/th?id=OHR.ShikisaiBiei_ZH-CN9063139813_1920x1080.jpg&rf=LaDigue_1920x1080.jpg&pid=hp","urlbase":"\/th?id=OHR.ShikisaiBiei_ZH-CN9063139813","copyright":"\u7f8e\u745b\u753a\u7684\u56db\u5b63\u5f69\u4e4b\u4e18\uff0c\u65e5\u672c (\u00a9 Tanya Jones\/Shutterstock)","copyrightlink":"https:\/\/www.bing.com\/search?q=%E5%9B%9B%E5%AD%A3%E5%BD%A9%E4%B9%8B%E4%B8%98&form=hpcapt&mkt=zh-cn","title":"","quiz":"\/search?q=Bing+homepage+quiz&filters=WQOskey:%22HPQuiz_20210512_ShikisaiBiei%22&FORM=HPQUIZ","wp":true,"hsh":"d01fd3e2a968d15defdf29388273788c","drk":1,"top":1,"bot":1,"hs":[]}],"tooltips":{"loading":"\u6b63\u5728\u52a0\u8f7d...","previous":"\u4e0a\u4e00\u4e2a\u56fe\u50cf","next":"\u4e0b\u4e00\u4e2a\u56fe\u50cf","walle":"\u6b64\u56fe\u7247\u4e0d\u80fd\u4e0b\u8f7d\u7528\u4f5c\u58c1\u7eb8\u3002","walls":"\u4e0b\u8f7d\u4eca\u65e5\u7f8e\u56fe\u3002\u4ec5\u9650\u7528\u4f5c\u684c\u9762\u58c1\u7eb8\u3002"}}