{"images":[{"startdate":"20220315","fullstartdate":"202203151600","enddate":"20220316","url":"\/th?id=OHR.PandaDay_ZH-CN6584061291_1920x1080.jpg&rf=LaDigue_1920x1080.jpg&pid=hp","urlbase":"\/th?id=OHR.PandaDay_ZH-CN6584061291","copyright":"\u6276\u7740\u6811\u5e72\u7684\u5927\u718a\u732b\uff0c\u56db\u5ddd\u5367\u9f99\u56fd\u5bb6\u7ea7\u81ea\u7136\u4fdd\u62a4\u533a (\u00a9 Katherine Feng\/Minden Pictures)","copyrightlink":"https:\/\/www.bing.com\/search?q=%E5%A4%A7%E7%86%8A%E7%8C%AB&form=hpcapt&mkt=zh-cn","title":"\u5728\u90a3\u53ef\u7231\u7684\u5916\u8868\u4e0b\u2026\u2026","quiz":"\/search?q=Bing+homepage+quiz&filters=WQOskey:%22HPQuiz_20220315_PandaDay%22&FORM=HPQUIZ","wp":true,"hsh":"dafbae605dce4b4f03ddb3965b17c533","drk":1,"top":1,"bot":1,"hs":[]}],"tooltips":{"loading":"\u6b63\u5728\u52a0\u8f7d...","previous":"\u4e0a\u4e00\u4e2a\u56fe\u50cf","next":"\u4e0b\u4e00\u4e2a\u56fe\u50cf","walle":"\u6b64\u56fe\u7247\u4e0d\u80fd\u4e0b\u8f7d\u7528\u4f5c\u58c1\u7eb8\u3002","walls":"\u4e0b\u8f7d\u4eca\u65e5\u7f8e\u56fe\u3002\u4ec5\u9650\u7528\u4f5c\u684c\u9762\u58c1\u7eb8\u3002"}}