{"images":[{"startdate":"20210621","fullstartdate":"202106211600","enddate":"20210622","url":"\/th?id=OHR.SouthCoast_ZH-CN9438294266_1920x1080.jpg&rf=LaDigue_1920x1080.jpg&pid=hp","urlbase":"\/th?id=OHR.SouthCoast_ZH-CN9438294266","copyright":"\u585e\u91cc\u96c5\u5170\u7011\u5e03\u540e\u7684\u5348\u591c\u592a\u9633\uff0c\u51b0\u5c9b\u5357\u6d77\u5cb8\u9644\u8fd1 (\u00a9 Tom Mackie\/plainpicture)","copyrightlink":"https:\/\/www.bing.com\/search?q=%E5%A1%9E%E9%87%8C%E9%9B%85%E5%85%B0%E7%80%91%E5%B8%83&form=hpcapt&mkt=zh-cn","title":"","quiz":"\/search?q=Bing+homepage+quiz&filters=WQOskey:%22HPQuiz_20210621_SouthCoast%22&FORM=HPQUIZ","wp":true,"hsh":"dafea17cce0bcccf6e3dc63379188bbd","drk":1,"top":1,"bot":1,"hs":[]}],"tooltips":{"loading":"\u6b63\u5728\u52a0\u8f7d...","previous":"\u4e0a\u4e00\u4e2a\u56fe\u50cf","next":"\u4e0b\u4e00\u4e2a\u56fe\u50cf","walle":"\u6b64\u56fe\u7247\u4e0d\u80fd\u4e0b\u8f7d\u7528\u4f5c\u58c1\u7eb8\u3002","walls":"\u4e0b\u8f7d\u4eca\u65e5\u7f8e\u56fe\u3002\u4ec5\u9650\u7528\u4f5c\u684c\u9762\u58c1\u7eb8\u3002"}}