{"images":[{"startdate":"20210202","fullstartdate":"202102021600","enddate":"20210203","url":"\/th?id=OHR.MountNemrut_ZH-CN4681788604_1920x1080.jpg&rf=LaDigue_1920x1080.jpg&pid=hp","urlbase":"\/th?id=OHR.MountNemrut_ZH-CN4681788604","copyright":"\u5185\u59c6\u9c81\u7279\u5c71\u4e0a\u5de8\u5927\u7684\u77f3\u7070\u5ca9\u96d5\u50cf\uff0c\u571f\u8033\u5176\u963f\u5fb7\u4e9a\u66fc (\u00a9 Peerakit JIrachetthakun\/Getty Images)","copyrightlink":"https:\/\/www.bing.com\/search?q=%E5%86%85%E5%A7%86%E9%B2%81%E7%89%B9%E5%B1%B1&form=hpcapt&mkt=zh-cn","title":"","quiz":"\/search?q=Bing+homepage+quiz&filters=WQOskey:%22HPQuiz_20210202_MountNemrut%22&FORM=HPQUIZ","wp":true,"hsh":"8e96102b6ad68ddce2ffcd8732f8d6f2","drk":1,"top":1,"bot":1,"hs":[]}],"tooltips":{"loading":"\u6b63\u5728\u52a0\u8f7d...","previous":"\u4e0a\u4e00\u4e2a\u56fe\u50cf","next":"\u4e0b\u4e00\u4e2a\u56fe\u50cf","walle":"\u6b64\u56fe\u7247\u4e0d\u80fd\u4e0b\u8f7d\u7528\u4f5c\u58c1\u7eb8\u3002","walls":"\u4e0b\u8f7d\u4eca\u65e5\u7f8e\u56fe\u3002\u4ec5\u9650\u7528\u4f5c\u684c\u9762\u58c1\u7eb8\u3002"}}