{"images":[{"startdate":"20210425","fullstartdate":"202104251600","enddate":"20210426","url":"\/th?id=OHR.Wensleydale_ZH-CN8417818046_1920x1080.jpg&rf=LaDigue_1920x1080.jpg&pid=hp","urlbase":"\/th?id=OHR.Wensleydale_ZH-CN8417818046","copyright":"\u6587\u65af\u5229\u4ee3\u5c14\uff0c\u82f1\u683c\u5170\u7ea6\u514b\u90e1\u8c37\u5730\u56fd\u5bb6\u516c\u56ed (\u00a9 Guy Edwardes\/Minden Pictures)","copyrightlink":"https:\/\/www.bing.com\/search?q=%E7%BA%A6%E5%85%8B%E9%83%A1%E8%B0%B7%E5%9C%B0%E5%9B%BD%E5%AE%B6%E5%85%AC%E5%9B%AD&form=hpcapt&mkt=zh-cn","title":"","quiz":"\/search?q=Bing+homepage+quiz&filters=WQOskey:%22HPQuiz_20210425_Wensleydale%22&FORM=HPQUIZ","wp":true,"hsh":"08d0f0c51698461178eb740e47edabae","drk":1,"top":1,"bot":1,"hs":[]}],"tooltips":{"loading":"\u6b63\u5728\u52a0\u8f7d...","previous":"\u4e0a\u4e00\u4e2a\u56fe\u50cf","next":"\u4e0b\u4e00\u4e2a\u56fe\u50cf","walle":"\u6b64\u56fe\u7247\u4e0d\u80fd\u4e0b\u8f7d\u7528\u4f5c\u58c1\u7eb8\u3002","walls":"\u4e0b\u8f7d\u4eca\u65e5\u7f8e\u56fe\u3002\u4ec5\u9650\u7528\u4f5c\u684c\u9762\u58c1\u7eb8\u3002"}}