{"images":[{"startdate":"20210102","fullstartdate":"202101021600","enddate":"20210103","url":"\/th?id=OHR.Goessweinstein_ZH-CN2155531895_1920x1080.jpg&rf=LaDigue_1920x1080.jpg&pid=hp","urlbase":"\/th?id=OHR.Goessweinstein_ZH-CN2155531895","copyright":"\u8fdc\u773a\u683c\u65af\u97e6\u56e0\u65af\u6cf0\u56e0\u6751\u548c\u683c\u65af\u97e6\u56e0\u65af\u6cf0\u56e0\u57ce\u5821 (\u00a9 Juergen Sack\/Getty Images)","copyrightlink":"https:\/\/www.bing.com\/search?q=%E6%A0%BC%E6%96%AF%E9%9F%A6%E5%9B%A0%E6%96%AF%E6%B3%B0%E5%9B%A0%E6%9D%91&form=hpcapt&mkt=zh-cn","title":"","quiz":"\/search?q=Bing+homepage+quiz&filters=WQOskey:%22HPQuiz_20210102_Goessweinstein%22&FORM=HPQUIZ","wp":true,"hsh":"c4fbaa4ec2bb0f49431c25d4a88994c1","drk":1,"top":1,"bot":1,"hs":[]}],"tooltips":{"loading":"\u6b63\u5728\u52a0\u8f7d...","previous":"\u4e0a\u4e00\u4e2a\u56fe\u50cf","next":"\u4e0b\u4e00\u4e2a\u56fe\u50cf","walle":"\u6b64\u56fe\u7247\u4e0d\u80fd\u4e0b\u8f7d\u7528\u4f5c\u58c1\u7eb8\u3002","walls":"\u4e0b\u8f7d\u4eca\u65e5\u7f8e\u56fe\u3002\u4ec5\u9650\u7528\u4f5c\u684c\u9762\u58c1\u7eb8\u3002"}}