{"images":[{"startdate":"20211122","fullstartdate":"202111221600","enddate":"20211123","url":"\/th?id=OHR.AmmoniteShell_ZH-CN9232274077_1920x1080.jpg&rf=LaDigue_1920x1080.jpg&pid=hp","urlbase":"\/th?id=OHR.AmmoniteShell_ZH-CN9232274077","copyright":"\u83ca\u77f3\u4e9a\u7eb2\u58f3\u4f53\u7684\u6a2a\u622a\u9762 (\u00a9 Marianna Armata\/Getty Images)","copyrightlink":"https:\/\/www.bing.com\/search?q=%E8%8F%8A%E7%9F%B3%E4%BA%9A%E7%BA%B2&form=hpcapt&mkt=zh-cn","title":"","quiz":"\/search?q=Bing+homepage+quiz&filters=WQOskey:%22HPQuiz_20211122_AmmoniteShell%22&FORM=HPQUIZ","wp":true,"hsh":"cd1470b916e5a4038be2a6afb83d7208","drk":1,"top":1,"bot":1,"hs":[]}],"tooltips":{"loading":"\u6b63\u5728\u52a0\u8f7d...","previous":"\u4e0a\u4e00\u4e2a\u56fe\u50cf","next":"\u4e0b\u4e00\u4e2a\u56fe\u50cf","walle":"\u6b64\u56fe\u7247\u4e0d\u80fd\u4e0b\u8f7d\u7528\u4f5c\u58c1\u7eb8\u3002","walls":"\u4e0b\u8f7d\u4eca\u65e5\u7f8e\u56fe\u3002\u4ec5\u9650\u7528\u4f5c\u684c\u9762\u58c1\u7eb8\u3002"}}