{"images":[{"startdate":"20210628","fullstartdate":"202106281600","enddate":"20210629","url":"\/th?id=OHR.RocksSeychelles_ZH-CN0105602892_1920x1080.jpg&rf=LaDigue_1920x1080.jpg&pid=hp","urlbase":"\/th?id=OHR.RocksSeychelles_ZH-CN0105602892","copyright":"\u62c9\u8fea\u683c\u5c9b\u5fb7\u963f\u8ba9\u6d77\u6ee9\u4e0a\u7684\u5ca9\u77f3\uff0c\u585e\u820c\u5c14 (\u00a9 Roland Gerth\/eStock Photo)","copyrightlink":"https:\/\/www.bing.com\/search?q=%E6%8B%89%E8%BF%AA%E6%A0%BC%E5%B2%9B&form=hpcapt&mkt=zh-cn","title":"","quiz":"\/search?q=Bing+homepage+quiz&filters=WQOskey:%22HPQuiz_20210628_RocksSeychelles%22&FORM=HPQUIZ","wp":true,"hsh":"a714a0f52c81373b127f900be85fe339","drk":1,"top":1,"bot":1,"hs":[]}],"tooltips":{"loading":"\u6b63\u5728\u52a0\u8f7d...","previous":"\u4e0a\u4e00\u4e2a\u56fe\u50cf","next":"\u4e0b\u4e00\u4e2a\u56fe\u50cf","walle":"\u6b64\u56fe\u7247\u4e0d\u80fd\u4e0b\u8f7d\u7528\u4f5c\u58c1\u7eb8\u3002","walls":"\u4e0b\u8f7d\u4eca\u65e5\u7f8e\u56fe\u3002\u4ec5\u9650\u7528\u4f5c\u684c\u9762\u58c1\u7eb8\u3002"}}