{"images":[{"startdate":"20210723","fullstartdate":"202107231600","enddate":"20210724","url":"\/th?id=OHR.JavanCousins_ZH-CN2694602511_1920x1080.jpg&rf=LaDigue_1920x1080.jpg&pid=hp","urlbase":"\/th?id=OHR.JavanCousins_ZH-CN2694602511","copyright":"\u56db\u53ea\u722a\u54c7\u6811\u86d9\u8db4\u5728\u6811\u830e\u4e0a\uff0c\u5370\u5ea6\u5c3c\u897f\u4e9a (\u00a9 SnapRapid\/Offset by Shutterstock)","copyrightlink":"https:\/\/www.bing.com\/search?q=%E6%A0%91%E8%9B%99&form=hpcapt&mkt=zh-cn","title":"","quiz":"\/search?q=Bing+homepage+quiz&filters=WQOskey:%22HPQuiz_20210723_JavanCousins%22&FORM=HPQUIZ","wp":true,"hsh":"11613e8fe5bcaad824e1cc432f42cfa4","drk":1,"top":1,"bot":1,"hs":[]}],"tooltips":{"loading":"\u6b63\u5728\u52a0\u8f7d...","previous":"\u4e0a\u4e00\u4e2a\u56fe\u50cf","next":"\u4e0b\u4e00\u4e2a\u56fe\u50cf","walle":"\u6b64\u56fe\u7247\u4e0d\u80fd\u4e0b\u8f7d\u7528\u4f5c\u58c1\u7eb8\u3002","walls":"\u4e0b\u8f7d\u4eca\u65e5\u7f8e\u56fe\u3002\u4ec5\u9650\u7528\u4f5c\u684c\u9762\u58c1\u7eb8\u3002"}}