{"images":[{"startdate":"20201213","fullstartdate":"202012131600","enddate":"20201214","url":"/th?id=OHR.PineGrosbeak_ZH-CN9629000282_1920x1080.jpg&rf=LaDigue_1920x1080.jpg&pid=hp","urlbase":"/th?id=OHR.PineGrosbeak_ZH-CN9629000282","copyright":"松雀 (© Peter Lilja/Getty Images)","copyrightlink":"https://www.bing.com/search?q=%E6%9D%BE%E9%9B%80&form=hpcapt&mkt=zh-cn","title":"","quiz":"/search?q=Bing+homepage+quiz&filters=WQOskey:%22HPQuiz_20201213_PineGrosbeak%22&FORM=HPQUIZ","wp":true,"hsh":"5fffc8375e1ca3eb1352a02db3abe65a","drk":1,"top":1,"bot":1,"hs":[]}],"tooltips":{"loading":"正在加载...","previous":"上一个图像","next":"下一个图像","walle":"此图片不能下载用作壁纸。","walls":"下载今日美图。仅限用作桌面壁纸。"}}