{"images":[{"startdate":"20210514","fullstartdate":"202105141600","enddate":"20210515","url":"\/th?id=OHR.ParanalStars_ZH-CN9247250519_1920x1080.jpg&rf=LaDigue_1920x1080.jpg&pid=hp","urlbase":"\/th?id=OHR.ParanalStars_ZH-CN9247250519","copyright":"\u5e15\u745e\u7eb3\u5929\u6587\u53f0\u7684\u671b\u8fdc\u955c\u548c\u661f\u8ff9\uff0c\u667a\u5229\u963f\u5854\u5361\u9a6c\u6c99\u6f20 (\u00a9 Matteo Omied\/Alamy)","copyrightlink":"https:\/\/www.bing.com\/search?q=%E5%B8%95%E7%91%9E%E7%BA%B3%E5%A4%A9%E6%96%87%E5%8F%B0&form=hpcapt&mkt=zh-cn","title":"","quiz":"\/search?q=Bing+homepage+quiz&filters=WQOskey:%22HPQuiz_20210514_ParanalStars%22&FORM=HPQUIZ","wp":true,"hsh":"c64fd7daaf655438ec3d32e6bdbf98c6","drk":1,"top":1,"bot":1,"hs":[]}],"tooltips":{"loading":"\u6b63\u5728\u52a0\u8f7d...","previous":"\u4e0a\u4e00\u4e2a\u56fe\u50cf","next":"\u4e0b\u4e00\u4e2a\u56fe\u50cf","walle":"\u6b64\u56fe\u7247\u4e0d\u80fd\u4e0b\u8f7d\u7528\u4f5c\u58c1\u7eb8\u3002","walls":"\u4e0b\u8f7d\u4eca\u65e5\u7f8e\u56fe\u3002\u4ec5\u9650\u7528\u4f5c\u684c\u9762\u58c1\u7eb8\u3002"}}