{"images":[{"startdate":"20211008","fullstartdate":"202110081600","enddate":"20211009","url":"\/th?id=OHR.SandhillApache_ZH-CN3021579142_1920x1080.jpg&rf=LaDigue_1920x1080.jpg&pid=hp","urlbase":"\/th?id=OHR.SandhillApache_ZH-CN3021579142","copyright":"\u91ce\u751f\u52a8\u7269\u4fdd\u62a4\u533a\u4e2d\u7684\u6c99\u4e18\u9e64\u548c\u91ce\u9e2d\uff0c\u7f8e\u56fd\u65b0\u58a8\u897f\u54e5\u5dde (\u00a9 Cathy & Gordon Illg\/Jaynes Gallery\/DanitaDelimont.com)","copyrightlink":"https:\/\/www.bing.com\/search?q=%E6%B2%99%E4%B8%98%E9%B9%A4&form=hpcapt&mkt=zh-cn","title":"","quiz":"\/search?q=Bing+homepage+quiz&filters=WQOskey:%22HPQuiz_20211008_SandhillApache%22&FORM=HPQUIZ","wp":true,"hsh":"5c83ea662bca58fd366cebc11a1b34f7","drk":1,"top":1,"bot":1,"hs":[]}],"tooltips":{"loading":"\u6b63\u5728\u52a0\u8f7d...","previous":"\u4e0a\u4e00\u4e2a\u56fe\u50cf","next":"\u4e0b\u4e00\u4e2a\u56fe\u50cf","walle":"\u6b64\u56fe\u7247\u4e0d\u80fd\u4e0b\u8f7d\u7528\u4f5c\u58c1\u7eb8\u3002","walls":"\u4e0b\u8f7d\u4eca\u65e5\u7f8e\u56fe\u3002\u4ec5\u9650\u7528\u4f5c\u684c\u9762\u58c1\u7eb8\u3002"}}