{"images":[{"startdate":"20220426","fullstartdate":"202204261600","enddate":"20220427","url":"\/th?id=OHR.SvalbardSun_ZH-CN6108396467_1920x1080.jpg&rf=LaDigue_1920x1080.jpg&pid=hp","urlbase":"\/th?id=OHR.SvalbardSun_ZH-CN6108396467","copyright":"\u5348\u591c\u7684\u592a\u9633\uff0c\u632a\u5a01\u65af\u74e6\u5c14\u5df4\u7fa4\u5c9b (\u00a9 Nature Picture Library\/Alamy)","copyrightlink":"https:\/\/www.bing.com\/search?q=%E5%8D%88%E5%A4%9C%E5%A4%AA%E9%98%B3&form=hpcapt&mkt=zh-cn","title":"\u65e0\u5c3d\u7684\u590f\u591c","quiz":"\/search?q=Bing+homepage+quiz&filters=WQOskey:%22HPQuiz_20220426_SvalbardSun%22&FORM=HPQUIZ","wp":true,"hsh":"024532e2d6e54ce86de032f204541cbd","drk":1,"top":1,"bot":1,"hs":[]}],"tooltips":{"loading":"\u6b63\u5728\u52a0\u8f7d...","previous":"\u4e0a\u4e00\u4e2a\u56fe\u50cf","next":"\u4e0b\u4e00\u4e2a\u56fe\u50cf","walle":"\u6b64\u56fe\u7247\u4e0d\u80fd\u4e0b\u8f7d\u7528\u4f5c\u58c1\u7eb8\u3002","walls":"\u4e0b\u8f7d\u4eca\u65e5\u7f8e\u56fe\u3002\u4ec5\u9650\u7528\u4f5c\u684c\u9762\u58c1\u7eb8\u3002"}}