{"images":[{"startdate":"20220422","fullstartdate":"202204221600","enddate":"20220423","url":"\/th?id=OHR.VictoriaMemorialKolkata_ZH-CN5801450386_1920x1080.jpg&rf=LaDigue_1920x1080.jpg&pid=hp","urlbase":"\/th?id=OHR.VictoriaMemorialKolkata_ZH-CN5801450386","copyright":"\u7ef4\u591a\u5229\u4e9a\u7eaa\u5ff5\u5802\uff0c\u5370\u5ea6\u52a0\u5c14\u5404\u7b54 (\u00a9 Roop_Dey\/Shutterstock)","copyrightlink":"https:\/\/www.bing.com\/search?q=%E7%BB%B4%E5%A4%9A%E5%88%A9%E4%BA%9A%E7%BA%AA%E5%BF%B5%E5%A0%82&form=hpcapt&mkt=zh-cn","title":"\u4e00\u5ea7\u732e\u7ed9\u7687\u5ba4\u7684\u7eaa\u5ff5\u5802","quiz":"\/search?q=Bing+homepage+quiz&filters=WQOskey:%22HPQuiz_20220422_VictoriaMemorialKolkata%22&FORM=HPQUIZ","wp":true,"hsh":"4b7d05930542cff5ce1674163c97e073","drk":1,"top":1,"bot":1,"hs":[]}],"tooltips":{"loading":"\u6b63\u5728\u52a0\u8f7d...","previous":"\u4e0a\u4e00\u4e2a\u56fe\u50cf","next":"\u4e0b\u4e00\u4e2a\u56fe\u50cf","walle":"\u6b64\u56fe\u7247\u4e0d\u80fd\u4e0b\u8f7d\u7528\u4f5c\u58c1\u7eb8\u3002","walls":"\u4e0b\u8f7d\u4eca\u65e5\u7f8e\u56fe\u3002\u4ec5\u9650\u7528\u4f5c\u684c\u9762\u58c1\u7eb8\u3002"}}