{"images":[{"startdate":"20210618","fullstartdate":"202106181600","enddate":"20210619","url":"\/th?id=OHR.BurleighHeads_ZH-CN6052781534_1920x1080.jpg&rf=LaDigue_1920x1080.jpg&pid=hp","urlbase":"\/th?id=OHR.BurleighHeads_ZH-CN6052781534","copyright":"\u5728\u4f2f\u5229\u89d2\u51b2\u6d6a\u7684\u4eba\u4eec\uff0c\u6fb3\u5927\u5229\u4e9a\u9ec4\u91d1\u6d77\u5cb8 (\u00a9 Vicki Smith\/Getty Images)","copyrightlink":"https:\/\/www.bing.com\/search?q=%E4%BC%AF%E5%88%A9%E8%A7%92&form=hpcapt&mkt=zh-cn","title":"","quiz":"\/search?q=Bing+homepage+quiz&filters=WQOskey:%22HPQuiz_20210618_BurleighHeads%22&FORM=HPQUIZ","wp":true,"hsh":"e0bedceb00ef791fa89ddc264a286cdc","drk":1,"top":1,"bot":1,"hs":[]}],"tooltips":{"loading":"\u6b63\u5728\u52a0\u8f7d...","previous":"\u4e0a\u4e00\u4e2a\u56fe\u50cf","next":"\u4e0b\u4e00\u4e2a\u56fe\u50cf","walle":"\u6b64\u56fe\u7247\u4e0d\u80fd\u4e0b\u8f7d\u7528\u4f5c\u58c1\u7eb8\u3002","walls":"\u4e0b\u8f7d\u4eca\u65e5\u7f8e\u56fe\u3002\u4ec5\u9650\u7528\u4f5c\u684c\u9762\u58c1\u7eb8\u3002"}}