{"images":[{"startdate":"20210128","fullstartdate":"202101281600","enddate":"20210129","url":"\/th?id=OHR.RedRobin_ZH-CN4148689161_1920x1080.jpg&rf=LaDigue_1920x1080.jpg&pid=hp","urlbase":"\/th?id=OHR.RedRobin_ZH-CN4148689161","copyright":"\u51ac\u5b63\u66b4\u98ce\u96ea\u4e2d\u7684\u6b27\u4e9a\u9e32\uff0c\u82f1\u683c\u5170\u5cf0\u533a\u56fd\u5bb6\u516c\u56ed (\u00a9 Ben Robson Hull Photography\/Getty Images)","copyrightlink":"https:\/\/www.bing.com\/search?q=%E6%AC%A7%E4%BA%9A%E9%B8%B2&form=hpcapt&mkt=zh-cn","title":"","quiz":"\/search?q=Bing+homepage+quiz&filters=WQOskey:%22HPQuiz_20210128_RedRobin%22&FORM=HPQUIZ","wp":true,"hsh":"9754df29ade16b37a58ad7193b968193","drk":1,"top":1,"bot":1,"hs":[]}],"tooltips":{"loading":"\u6b63\u5728\u52a0\u8f7d...","previous":"\u4e0a\u4e00\u4e2a\u56fe\u50cf","next":"\u4e0b\u4e00\u4e2a\u56fe\u50cf","walle":"\u6b64\u56fe\u7247\u4e0d\u80fd\u4e0b\u8f7d\u7528\u4f5c\u58c1\u7eb8\u3002","walls":"\u4e0b\u8f7d\u4eca\u65e5\u7f8e\u56fe\u3002\u4ec5\u9650\u7528\u4f5c\u684c\u9762\u58c1\u7eb8\u3002"}}