{"images":[{"startdate":"20220202","fullstartdate":"202202021600","enddate":"20220203","url":"\/th?id=OHR.FortCorjuem_ZH-CN7295613217_1920x1080.jpg&rf=LaDigue_1920x1080.jpg&pid=hp","urlbase":"\/th?id=OHR.FortCorjuem_ZH-CN7295613217","copyright":"Corjuem\u5821\u5792\uff0c\u5370\u5ea6\u679c\u963f\u90a6 (\u00a9 Ingvar Kuznetsov\/Shutterstock)","copyrightlink":"https:\/\/www.bing.com\/search?q=%E6%9E%9C%E9%98%BF%E9%82%A6&form=hpcapt&mkt=zh-cn","title":"\u81ea\u68ee\u6797\u4e2d\u5f00\u57a6\u51fa\u7684\u5821\u5792","quiz":"\/search?q=Bing+homepage+quiz&filters=WQOskey:%22HPQuiz_20220202_FortCorjuem%22&FORM=HPQUIZ","wp":true,"hsh":"59c0a7710f2b9dc48081c874f7ee4081","drk":1,"top":1,"bot":1,"hs":[]}],"tooltips":{"loading":"\u6b63\u5728\u52a0\u8f7d...","previous":"\u4e0a\u4e00\u4e2a\u56fe\u50cf","next":"\u4e0b\u4e00\u4e2a\u56fe\u50cf","walle":"\u6b64\u56fe\u7247\u4e0d\u80fd\u4e0b\u8f7d\u7528\u4f5c\u58c1\u7eb8\u3002","walls":"\u4e0b\u8f7d\u4eca\u65e5\u7f8e\u56fe\u3002\u4ec5\u9650\u7528\u4f5c\u684c\u9762\u58c1\u7eb8\u3002"}}