{"images":[{"startdate":"20201223","fullstartdate":"202012231600","enddate":"20201224","url":"\/th?id=OHR.WildReindeer_ZH-CN8301029606_1920x1080.jpg&rf=LaDigue_1920x1080.jpg&pid=hp","urlbase":"\/th?id=OHR.WildReindeer_ZH-CN8301029606","copyright":"\u632a\u5a01\u82d4\u539f\u4e0a\u7684\u5317\u6781\u5149\u548c\u91ce\u751f\u9a6f\u9e7f (\u00a9 Anton Petrus\/Getty Images)","copyrightlink":"https:\/\/www.bing.com\/search?q=%E6%8C%AA%E5%A8%81%E8%8B%94%E5%8E%9F&form=hpcapt&mkt=zh-cn","title":"","quiz":"\/search?q=Bing+homepage+quiz&filters=WQOskey:%22HPQuiz_20201223_WildReindeer%22&FORM=HPQUIZ","wp":true,"hsh":"17c0cd47ca7f8819457a6fcf2676ded3","drk":1,"top":1,"bot":1,"hs":[]}],"tooltips":{"loading":"\u6b63\u5728\u52a0\u8f7d...","previous":"\u4e0a\u4e00\u4e2a\u56fe\u50cf","next":"\u4e0b\u4e00\u4e2a\u56fe\u50cf","walle":"\u6b64\u56fe\u7247\u4e0d\u80fd\u4e0b\u8f7d\u7528\u4f5c\u58c1\u7eb8\u3002","walls":"\u4e0b\u8f7d\u4eca\u65e5\u7f8e\u56fe\u3002\u4ec5\u9650\u7528\u4f5c\u684c\u9762\u58c1\u7eb8\u3002"}}