{"images":[{"startdate":"20210912","fullstartdate":"202109121600","enddate":"20210913","url":"\/th?id=OHR.VeniceBeach_ZH-CN9971532384_1920x1080.jpg&rf=LaDigue_1920x1080.jpg&pid=hp","urlbase":"\/th?id=OHR.VeniceBeach_ZH-CN9971532384","copyright":"\u5a01\u5c3c\u65af\u6d77\u6ee9\u6ed1\u677f\u516c\u56ed\u9e1f\u77b0\u56fe\uff0c\u6d1b\u6749\u77f6 (\u00a9 Ingus Kruklitis\/Getty Images)","copyrightlink":"https:\/\/www.bing.com\/search?q=%E5%A8%81%E5%B0%BC%E6%96%AF%E6%B5%B7%E6%BB%A9%E6%BB%91%E6%9D%BF%E5%85%AC%E5%9B%AD&form=hpcapt&mkt=zh-cn","title":"","quiz":"\/search?q=Bing+homepage+quiz&filters=WQOskey:%22HPQuiz_20210912_VeniceBeach%22&FORM=HPQUIZ","wp":true,"hsh":"2ee4492a25109103de36aff4697ed344","drk":1,"top":1,"bot":1,"hs":[]}],"tooltips":{"loading":"\u6b63\u5728\u52a0\u8f7d...","previous":"\u4e0a\u4e00\u4e2a\u56fe\u50cf","next":"\u4e0b\u4e00\u4e2a\u56fe\u50cf","walle":"\u6b64\u56fe\u7247\u4e0d\u80fd\u4e0b\u8f7d\u7528\u4f5c\u58c1\u7eb8\u3002","walls":"\u4e0b\u8f7d\u4eca\u65e5\u7f8e\u56fe\u3002\u4ec5\u9650\u7528\u4f5c\u684c\u9762\u58c1\u7eb8\u3002"}}