{"images":[{"startdate":"20211001","fullstartdate":"202110011600","enddate":"20211002","url":"\/th?id=OHR.IvishakRiver_ZH-CN1464216156_1920x1080.jpg&rf=LaDigue_1920x1080.jpg&pid=hp","urlbase":"\/th?id=OHR.IvishakRiver_ZH-CN1464216156","copyright":"\u5317\u5761\u81ea\u6cbb\u5e02\u9547\u7684\u4f0a\u7ef4\u6c99\u514b\u6cb3\uff0c\u963f\u62c9\u65af\u52a0\u5dde (\u00a9 Don Paulson\/Danita Delimont)","copyrightlink":"https:\/\/www.bing.com\/search?q=%E9%98%BF%E6%8B%89%E6%96%AF%E5%8A%A0%E5%B7%9E&form=hpcapt&mkt=zh-cn","title":"","quiz":"\/search?q=Bing+homepage+quiz&filters=WQOskey:%22HPQuiz_20211001_IvishakRiver%22&FORM=HPQUIZ","wp":true,"hsh":"c40713eaccbc76679c6e8607db1e2424","drk":1,"top":1,"bot":1,"hs":[]}],"tooltips":{"loading":"\u6b63\u5728\u52a0\u8f7d...","previous":"\u4e0a\u4e00\u4e2a\u56fe\u50cf","next":"\u4e0b\u4e00\u4e2a\u56fe\u50cf","walle":"\u6b64\u56fe\u7247\u4e0d\u80fd\u4e0b\u8f7d\u7528\u4f5c\u58c1\u7eb8\u3002","walls":"\u4e0b\u8f7d\u4eca\u65e5\u7f8e\u56fe\u3002\u4ec5\u9650\u7528\u4f5c\u684c\u9762\u58c1\u7eb8\u3002"}}