{"images":[{"startdate":"20210208","fullstartdate":"202102081600","enddate":"20210209","url":"\/th?id=OHR.MoonDogs_ZH-CN5201314184_1920x1080.jpg&rf=LaDigue_1920x1080.jpg&pid=hp","urlbase":"\/th?id=OHR.MoonDogs_ZH-CN5201314184","copyright":"\u62cd\u6444\u4e8e\u4fc4\u52d2\u5188\u5dde\u6d77\u5cb8\u62e5\u62b1\u70b9\u7011\u5e03\u7684\u5e7b\u6708 (\u00a9 Ben Coffman\/Tandem Stills + Motion)","copyrightlink":"https:\/\/www.bing.com\/search?q=%E5%B9%BB%E6%9C%88&form=hpcapt&mkt=zh-cn","title":"","quiz":"\/search?q=Bing+homepage+quiz&filters=WQOskey:%22HPQuiz_20210208_MoonDogs%22&FORM=HPQUIZ","wp":true,"hsh":"298945f586bcf68b6e024adb658817ea","drk":1,"top":1,"bot":1,"hs":[]}],"tooltips":{"loading":"\u6b63\u5728\u52a0\u8f7d...","previous":"\u4e0a\u4e00\u4e2a\u56fe\u50cf","next":"\u4e0b\u4e00\u4e2a\u56fe\u50cf","walle":"\u6b64\u56fe\u7247\u4e0d\u80fd\u4e0b\u8f7d\u7528\u4f5c\u58c1\u7eb8\u3002","walls":"\u4e0b\u8f7d\u4eca\u65e5\u7f8e\u56fe\u3002\u4ec5\u9650\u7528\u4f5c\u684c\u9762\u58c1\u7eb8\u3002"}}