{"images":[{"startdate":"20210302","fullstartdate":"202103021600","enddate":"20210303","url":"\/th?id=OHR.WWDLions_ZH-CN3506997987_1920x1080.jpg&rf=LaDigue_1920x1080.jpg&pid=hp","urlbase":"\/th?id=OHR.WWDLions_ZH-CN3506997987","copyright":"\u7eb3\u5e93\u9c81\u6e56\u5468\u56f4\u68ee\u6797\u4e2d\u7684\u4e24\u53ea\u6bcd\u72ee\u5b50\uff0c\u80af\u5c3c\u4e9a    (\u00a9 Scott Davis\/Tandem Stills + Motion)","copyrightlink":"https:\/\/www.bing.com\/search?q=%E7%8B%AE%E5%AD%90&form=hpcapt&mkt=zh-cn","title":"","quiz":"\/search?q=Bing+homepage+quiz&filters=WQOskey:%22HPQuiz_20210302_WWDLions%22&FORM=HPQUIZ","wp":true,"hsh":"1060918f9192e63245f68dea33bf981c","drk":1,"top":1,"bot":1,"hs":[]}],"tooltips":{"loading":"\u6b63\u5728\u52a0\u8f7d...","previous":"\u4e0a\u4e00\u4e2a\u56fe\u50cf","next":"\u4e0b\u4e00\u4e2a\u56fe\u50cf","walle":"\u6b64\u56fe\u7247\u4e0d\u80fd\u4e0b\u8f7d\u7528\u4f5c\u58c1\u7eb8\u3002","walls":"\u4e0b\u8f7d\u4eca\u65e5\u7f8e\u56fe\u3002\u4ec5\u9650\u7528\u4f5c\u684c\u9762\u58c1\u7eb8\u3002"}}