{"images":[{"startdate":"20220216","fullstartdate":"202202161600","enddate":"20220217","url":"\/th?id=OHR.RichmondDeer_ZH-CN0408206629_1920x1080.jpg&rf=LaDigue_1920x1080.jpg&pid=hp","urlbase":"\/th?id=OHR.RichmondDeer_ZH-CN0408206629","copyright":"\u91cc\u58eb\u6ee1\u516c\u56ed\u7684\u96c4\u9e7f\uff0c\u82f1\u56fd\u4f26\u6566 (\u00a9 Ian Schofield Images\/Offset\/Shutterstock)","copyrightlink":"https:\/\/www.bing.com\/search?q=%E9%87%8C%E5%A3%AB%E6%BB%A1%E5%85%AC%E5%9B%AD&form=hpcapt&mkt=zh-cn","title":"\u9ece\u660e\u65f6\u7684\u9e7f\u89d2","quiz":"\/search?q=Bing+homepage+quiz&filters=WQOskey:%22HPQuiz_20220216_RichmondDeer%22&FORM=HPQUIZ","wp":true,"hsh":"2389fd7c40c5a7bbca16e7523521bbdd","drk":1,"top":1,"bot":1,"hs":[]}],"tooltips":{"loading":"\u6b63\u5728\u52a0\u8f7d...","previous":"\u4e0a\u4e00\u4e2a\u56fe\u50cf","next":"\u4e0b\u4e00\u4e2a\u56fe\u50cf","walle":"\u6b64\u56fe\u7247\u4e0d\u80fd\u4e0b\u8f7d\u7528\u4f5c\u58c1\u7eb8\u3002","walls":"\u4e0b\u8f7d\u4eca\u65e5\u7f8e\u56fe\u3002\u4ec5\u9650\u7528\u4f5c\u684c\u9762\u58c1\u7eb8\u3002"}}