{"images":[{"startdate":"20220414","fullstartdate":"202204141600","enddate":"20220415","url":"\/th?id=OHR.DartmoorMist_ZH-CN0317898466_1920x1080.jpg&rf=LaDigue_1920x1080.jpg&pid=hp","urlbase":"\/th?id=OHR.DartmoorMist_ZH-CN0317898466","copyright":"\u8fbe\u7279\u7a46\u5c14\u56fd\u5bb6\u516c\u56ed\u7684\u8584\u96fe\uff0c\u82f1\u683c\u5170\u5fb7\u6587\u90e1 (\u00a9 AWL Images\/Danita Delimont)","copyrightlink":"https:\/\/www.bing.com\/search?q=%E8%BE%BE%E7%89%B9%E7%A9%86%E5%B0%94%E5%9B%BD%E5%AE%B6%E5%85%AC%E5%9B%AD&form=hpcapt&mkt=zh-cn","title":"\u5927\u96fe\u7b3c\u7f69\u7740\u8fbe\u7279\u7a46\u5c14","quiz":"\/search?q=Bing+homepage+quiz&filters=WQOskey:%22HPQuiz_20220414_DartmoorMist%22&FORM=HPQUIZ","wp":true,"hsh":"f7a0cd8a1dcf7f018a703f55103acd17","drk":1,"top":1,"bot":1,"hs":[]}],"tooltips":{"loading":"\u6b63\u5728\u52a0\u8f7d...","previous":"\u4e0a\u4e00\u4e2a\u56fe\u50cf","next":"\u4e0b\u4e00\u4e2a\u56fe\u50cf","walle":"\u6b64\u56fe\u7247\u4e0d\u80fd\u4e0b\u8f7d\u7528\u4f5c\u58c1\u7eb8\u3002","walls":"\u4e0b\u8f7d\u4eca\u65e5\u7f8e\u56fe\u3002\u4ec5\u9650\u7528\u4f5c\u684c\u9762\u58c1\u7eb8\u3002"}}