{"images":[{"startdate":"20210427","fullstartdate":"202104271600","enddate":"20210428","url":"\/th?id=OHR.GannetsSaltee_ZH-CN8581602122_1920x1080.jpg&rf=LaDigue_1920x1080.jpg&pid=hp","urlbase":"\/th?id=OHR.GannetsSaltee_ZH-CN8581602122","copyright":"\u5927\u8428\u5c14\u63d0\u5c9b\u4e0a\u7684\u5317\u65b9\u5858\u9e45\uff0c\u7231\u5c14\u5170 (\u00a9 Danny Green\/Minden Pictures)","copyrightlink":"https:\/\/www.bing.com\/search?q=%E5%A1%98%E9%B9%85&form=hpcapt&mkt=zh-cn","title":"","quiz":"\/search?q=Bing+homepage+quiz&filters=WQOskey:%22HPQuiz_20210427_GannetsSaltee%22&FORM=HPQUIZ","wp":true,"hsh":"aa240c8242c7a840fa37dc7f6555fb77","drk":1,"top":1,"bot":1,"hs":[]}],"tooltips":{"loading":"\u6b63\u5728\u52a0\u8f7d...","previous":"\u4e0a\u4e00\u4e2a\u56fe\u50cf","next":"\u4e0b\u4e00\u4e2a\u56fe\u50cf","walle":"\u6b64\u56fe\u7247\u4e0d\u80fd\u4e0b\u8f7d\u7528\u4f5c\u58c1\u7eb8\u3002","walls":"\u4e0b\u8f7d\u4eca\u65e5\u7f8e\u56fe\u3002\u4ec5\u9650\u7528\u4f5c\u684c\u9762\u58c1\u7eb8\u3002"}}