{"images":[{"startdate":"20210806","fullstartdate":"202108061600","enddate":"20210807","url":"\/th?id=OHR.SaltCones_ZH-CN4825397608_1920x1080.jpg&rf=LaDigue_1920x1080.jpg&pid=hp","urlbase":"\/th?id=OHR.SaltCones_ZH-CN4825397608","copyright":"\u4e4c\u5c24\u5c3c\u76d0\u6cbc\u4e0a\u7684\u9525\u5f62\u76d0\u5806\uff0c\u73bb\u5229\u7ef4\u4e9a (\u00a9 John Shaw\/Minden Pictures)","copyrightlink":"https:\/\/www.bing.com\/search?q=%E4%B9%8C%E5%B0%A4%E5%B0%BC%E7%9B%90%E6%B2%BC&form=hpcapt&mkt=zh-cn","title":"","quiz":"\/search?q=Bing+homepage+quiz&filters=WQOskey:%22HPQuiz_20210806_SaltCones%22&FORM=HPQUIZ","wp":true,"hsh":"9ce4b71d72491c142d077cc65e709ae9","drk":1,"top":1,"bot":1,"hs":[]}],"tooltips":{"loading":"\u6b63\u5728\u52a0\u8f7d...","previous":"\u4e0a\u4e00\u4e2a\u56fe\u50cf","next":"\u4e0b\u4e00\u4e2a\u56fe\u50cf","walle":"\u6b64\u56fe\u7247\u4e0d\u80fd\u4e0b\u8f7d\u7528\u4f5c\u58c1\u7eb8\u3002","walls":"\u4e0b\u8f7d\u4eca\u65e5\u7f8e\u56fe\u3002\u4ec5\u9650\u7528\u4f5c\u684c\u9762\u58c1\u7eb8\u3002"}}