{"images":[{"startdate":"20210622","fullstartdate":"202106221600","enddate":"20210623","url":"\/th?id=OHR.Nichinan_ZH-CN9549208263_1920x1080.jpg&rf=LaDigue_1920x1080.jpg&pid=hp","urlbase":"\/th?id=OHR.Nichinan_ZH-CN9549208263","copyright":"\u65e5\u5357\u5e02\u7684\u8424\u706b\u866b\uff0c\u65e5\u672c\u9e1f\u53d6\u53bf (\u00a9 north-tail\/Getty Images Plus)","copyrightlink":"https:\/\/www.bing.com\/search?q=%E8%90%A4%E7%81%AB%E8%99%AB&form=hpcapt&mkt=zh-cn","title":"","quiz":"\/search?q=Bing+homepage+quiz&filters=WQOskey:%22HPQuiz_20210622_Nichinan%22&FORM=HPQUIZ","wp":true,"hsh":"edf58c0912d43039641006dbe49189d9","drk":1,"top":1,"bot":1,"hs":[]}],"tooltips":{"loading":"\u6b63\u5728\u52a0\u8f7d...","previous":"\u4e0a\u4e00\u4e2a\u56fe\u50cf","next":"\u4e0b\u4e00\u4e2a\u56fe\u50cf","walle":"\u6b64\u56fe\u7247\u4e0d\u80fd\u4e0b\u8f7d\u7528\u4f5c\u58c1\u7eb8\u3002","walls":"\u4e0b\u8f7d\u4eca\u65e5\u7f8e\u56fe\u3002\u4ec5\u9650\u7528\u4f5c\u684c\u9762\u58c1\u7eb8\u3002"}}