{"images":[{"startdate":"20210101","fullstartdate":"202101011600","enddate":"20210102","url":"\/th?id=OHR.LargestCave_ZH-CN2069899703_1920x1080.jpg&rf=LaDigue_1920x1080.jpg&pid=hp","urlbase":"\/th?id=OHR.LargestCave_ZH-CN2069899703","copyright":"\u5cf0\u7259\uff0d\u5df1\u699c\u56fd\u5bb6\u516c\u56ed\u4e2d\u7684\u97e9\u677e\u6d1e\uff0c\u8d8a\u5357 (\u00a9 David A Knight\/Shutterstock)","copyrightlink":"https:\/\/www.bing.com\/search?q=%E9%9F%A9%E6%9D%BE%E6%B4%9E&form=hpcapt&mkt=zh-cn","title":"","quiz":"\/search?q=Bing+homepage+quiz&filters=WQOskey:%22HPQuiz_20210101_LargestCave%22&FORM=HPQUIZ","wp":true,"hsh":"6e67bbbc2fbd3d83ef513c71c201a31c","drk":1,"top":1,"bot":1,"hs":[]}],"tooltips":{"loading":"\u6b63\u5728\u52a0\u8f7d...","previous":"\u4e0a\u4e00\u4e2a\u56fe\u50cf","next":"\u4e0b\u4e00\u4e2a\u56fe\u50cf","walle":"\u6b64\u56fe\u7247\u4e0d\u80fd\u4e0b\u8f7d\u7528\u4f5c\u58c1\u7eb8\u3002","walls":"\u4e0b\u8f7d\u4eca\u65e5\u7f8e\u56fe\u3002\u4ec5\u9650\u7528\u4f5c\u684c\u9762\u58c1\u7eb8\u3002"}}