{"images":[{"startdate":"20201216","fullstartdate":"202012161600","enddate":"20201217","url":"\/th?id=OHR.NarniaForest_ZH-CN8466850438_1920x1080.jpg&rf=LaDigue_1920x1080.jpg&pid=hp","urlbase":"\/th?id=OHR.NarniaForest_ZH-CN8466850438","copyright":"\u65e5\u843d\u65f6\u5206\u88ab\u96ea\u8986\u76d6\u7684\u632a\u5a01\u4e91\u6749\u6797\uff0c\u5fb7\u56fd\u56fe\u6797\u6839 (\u00a9 Frank Sommariva\/ImageBROKER\/Offset by Shutterstock)","copyrightlink":"https:\/\/www.bing.com\/search?q=%E4%BA%91%E6%9D%89%E6%9E%97&form=hpcapt&mkt=zh-cn","title":"","quiz":"\/search?q=Bing+homepage+quiz&filters=WQOskey:%22HPQuiz_20201216_NarniaForest%22&FORM=HPQUIZ","wp":true,"hsh":"898ee8788822099fc264b8cab8571cdd","drk":1,"top":1,"bot":1,"hs":[]}],"tooltips":{"loading":"\u6b63\u5728\u52a0\u8f7d...","previous":"\u4e0a\u4e00\u4e2a\u56fe\u50cf","next":"\u4e0b\u4e00\u4e2a\u56fe\u50cf","walle":"\u6b64\u56fe\u7247\u4e0d\u80fd\u4e0b\u8f7d\u7528\u4f5c\u58c1\u7eb8\u3002","walls":"\u4e0b\u8f7d\u4eca\u65e5\u7f8e\u56fe\u3002\u4ec5\u9650\u7528\u4f5c\u684c\u9762\u58c1\u7eb8\u3002"}}