{"images":[{"startdate":"20201224","fullstartdate":"202012241600","enddate":"20201225","url":"\/th?id=OHR.FRbluebirds_ZH-CN3972483010_1920x1080.jpg&rf=LaDigue_1920x1080.jpg&pid=hp","urlbase":"\/th?id=OHR.FRbluebirds_ZH-CN3972483010","copyright":"\u96ea\u4e2d\u7684\u84dd\u5c71\u96c0\u548c\u5927\u5c71\u96c0\uff0c\u6cd5\u56fd\u5317\u5b5a\u65e5\u5730\u533a\u81ea\u7136\u516c\u56ed (\u00a9 Michel Rauch\/Minden Pictures)","copyrightlink":"https:\/\/www.bing.com\/search?q=%E8%93%9D%E5%B1%B1%E9%9B%80&form=hpcapt&mkt=zh-cn","title":"","quiz":"\/search?q=Bing+homepage+quiz&filters=WQOskey:%22HPQuiz_20201224_FRbluebirds%22&FORM=HPQUIZ","wp":true,"hsh":"c05d79b9e579f214aecaba18435a887b","drk":1,"top":1,"bot":1,"hs":[]}],"tooltips":{"loading":"\u6b63\u5728\u52a0\u8f7d...","previous":"\u4e0a\u4e00\u4e2a\u56fe\u50cf","next":"\u4e0b\u4e00\u4e2a\u56fe\u50cf","walle":"\u6b64\u56fe\u7247\u4e0d\u80fd\u4e0b\u8f7d\u7528\u4f5c\u58c1\u7eb8\u3002","walls":"\u4e0b\u8f7d\u4eca\u65e5\u7f8e\u56fe\u3002\u4ec5\u9650\u7528\u4f5c\u684c\u9762\u58c1\u7eb8\u3002"}}