{"images":[{"startdate":"20220113","fullstartdate":"202201131600","enddate":"20220114","url":"\/th?id=OHR.SaCalobra_ZH-CN0945855556_1920x1080.jpg&rf=LaDigue_1920x1080.jpg&pid=hp","urlbase":"\/th?id=OHR.SaCalobra_ZH-CN0945855556","copyright":"\u901a\u5f80\u8428\u5361\u6d1b\u5e03\u62c9\u6e7e\u7684\u8def\uff0c\u897f\u73ed\u7259\u9a6c\u7ea6\u5361\u5c9b (\u00a9 Tolo Balaguer\/agefotostock)","copyrightlink":"https:\/\/www.bing.com\/search?q=%E9%A9%AC%E7%BA%A6%E5%8D%A1%E5%B2%9B&form=hpcapt&mkt=zh-cn","title":"","quiz":"\/search?q=Bing+homepage+quiz&filters=WQOskey:%22HPQuiz_20220113_SaCalobra%22&FORM=HPQUIZ","wp":true,"hsh":"7bb36a0d4e8ee6ece60916338037cd71","drk":1,"top":1,"bot":1,"hs":[]}],"tooltips":{"loading":"\u6b63\u5728\u52a0\u8f7d...","previous":"\u4e0a\u4e00\u4e2a\u56fe\u50cf","next":"\u4e0b\u4e00\u4e2a\u56fe\u50cf","walle":"\u6b64\u56fe\u7247\u4e0d\u80fd\u4e0b\u8f7d\u7528\u4f5c\u58c1\u7eb8\u3002","walls":"\u4e0b\u8f7d\u4eca\u65e5\u7f8e\u56fe\u3002\u4ec5\u9650\u7528\u4f5c\u684c\u9762\u58c1\u7eb8\u3002"}}