{"images":[{"startdate":"20220420","fullstartdate":"202204201600","enddate":"20220421","url":"\/th?id=OHR.IcelandicSummer_ZH-CN1779278033_1920x1080.jpg&rf=LaDigue_1920x1080.jpg&pid=hp","urlbase":"\/th?id=OHR.IcelandicSummer_ZH-CN1779278033","copyright":"\u5728\u516c\u8def\u4e0a\u5403\u8349\u7684\u7ef5\u7f8a\uff0c\u51b0\u5c9b (\u00a9 Matthew Kuhns\/Tandem Stills + Motion)","copyrightlink":"https:\/\/www.bing.com\/search?q=%E5%86%B0%E5%B2%9B%E5%88%9D%E5%A4%8F%E8%8A%82&form=hpcapt&mkt=zh-cn","title":"\u4eca\u5929\u51b0\u5c9b\u4eba\u5728\u5e86\u795d\u4ec0\u4e48?","quiz":"\/search?q=Bing+homepage+quiz&filters=WQOskey:%22HPQuiz_20220420_IcelandicSummer%22&FORM=HPQUIZ","wp":true,"hsh":"2c1eea4dc5d528f7ba330f5652f14bf9","drk":1,"top":1,"bot":1,"hs":[]}],"tooltips":{"loading":"\u6b63\u5728\u52a0\u8f7d...","previous":"\u4e0a\u4e00\u4e2a\u56fe\u50cf","next":"\u4e0b\u4e00\u4e2a\u56fe\u50cf","walle":"\u6b64\u56fe\u7247\u4e0d\u80fd\u4e0b\u8f7d\u7528\u4f5c\u58c1\u7eb8\u3002","walls":"\u4e0b\u8f7d\u4eca\u65e5\u7f8e\u56fe\u3002\u4ec5\u9650\u7528\u4f5c\u684c\u9762\u58c1\u7eb8\u3002"}}