{"images":[{"startdate":"20220126","fullstartdate":"202201261600","enddate":"20220127","url":"\/th?id=OHR.RibbontailStingray_ZH-CN3248204214_1920x1080.jpg&rf=LaDigue_1920x1080.jpg&pid=hp","urlbase":"\/th?id=OHR.RibbontailStingray_ZH-CN3248204214","copyright":"\u73c0\u65af\u9644\u8fd1\u6d77\u57df\u7684\u84dd\u6591\u6761\u5c3e\u9b5f\uff0c\u6fb3\u5927\u5229\u4e9a (\u00a9 Jeff Rotman\/Minden Pictures)","copyrightlink":"https:\/\/www.bing.com\/search?q=%E8%93%9D%E6%96%91%E6%9D%A1%E5%B0%BE%E9%AD%9F&form=hpcapt&mkt=zh-cn","title":"","quiz":"\/search?q=Bing+homepage+quiz&filters=WQOskey:%22HPQuiz_20220126_RibbontailStingray%22&FORM=HPQUIZ","wp":true,"hsh":"32797eeb07b5b9aa050cfb781b17c5d7","drk":1,"top":1,"bot":1,"hs":[]}],"tooltips":{"loading":"\u6b63\u5728\u52a0\u8f7d...","previous":"\u4e0a\u4e00\u4e2a\u56fe\u50cf","next":"\u4e0b\u4e00\u4e2a\u56fe\u50cf","walle":"\u6b64\u56fe\u7247\u4e0d\u80fd\u4e0b\u8f7d\u7528\u4f5c\u58c1\u7eb8\u3002","walls":"\u4e0b\u8f7d\u4eca\u65e5\u7f8e\u56fe\u3002\u4ec5\u9650\u7528\u4f5c\u684c\u9762\u58c1\u7eb8\u3002"}}