{"images":[{"startdate":"20210104","fullstartdate":"202101041600","enddate":"20210105","url":"\/th?id=OHR.RedFrontMacaw_ZH-CN6432596112_1920x1080.jpg&rf=LaDigue_1920x1080.jpg&pid=hp","urlbase":"\/th?id=OHR.RedFrontMacaw_ZH-CN6432596112","copyright":"\u5965\u6885\u96f7\u514b\u7684\u7ea2\u989d\u91d1\u521a\u9e66\u9e49\uff0c\u73bb\u5229\u7ef4\u4e9a\u79d1\u6070\u73ed\u5df4 (\u00a9 Bernard Castelein\/Minden Pictures)","copyrightlink":"https:\/\/www.bing.com\/search?q=%E7%BA%A2%E9%A2%9D%E9%87%91%E5%88%9A%E9%B9%A6%E9%B9%89&form=hpcapt&mkt=zh-cn","title":"","quiz":"\/search?q=Bing+homepage+quiz&filters=WQOskey:%22HPQuiz_20210104_RedFrontMacaw%22&FORM=HPQUIZ","wp":true,"hsh":"4576a6227e2ad4b3b2b9fa9cf73f4404","drk":1,"top":1,"bot":1,"hs":[]}],"tooltips":{"loading":"\u6b63\u5728\u52a0\u8f7d...","previous":"\u4e0a\u4e00\u4e2a\u56fe\u50cf","next":"\u4e0b\u4e00\u4e2a\u56fe\u50cf","walle":"\u6b64\u56fe\u7247\u4e0d\u80fd\u4e0b\u8f7d\u7528\u4f5c\u58c1\u7eb8\u3002","walls":"\u4e0b\u8f7d\u4eca\u65e5\u7f8e\u56fe\u3002\u4ec5\u9650\u7528\u4f5c\u684c\u9762\u58c1\u7eb8\u3002"}}