{"images":[{"startdate":"20210718","fullstartdate":"202107181600","enddate":"20210719","url":"\/th?id=OHR.Tetouan_ZH-CN6795834080_1920x1080.jpg&rf=LaDigue_1920x1080.jpg&pid=hp","urlbase":"\/th?id=OHR.Tetouan_ZH-CN6795834080","copyright":"\u9ea6\u5730\u90a3\u7684\u5f69\u8272\u5c0f\u5df7\uff0c \u6469\u6d1b\u54e5\u5f97\u571f\u5b89\u5e02 (\u00a9 Jan Wlodarczyk\/eStock Photo)","copyrightlink":"https:\/\/www.bing.com\/search?q=%E6%91%A9%E6%B4%9B%E5%93%A5&form=hpcapt&mkt=zh-cn","title":"","quiz":"\/search?q=Bing+homepage+quiz&filters=WQOskey:%22HPQuiz_20210718_Tetouan%22&FORM=HPQUIZ","wp":true,"hsh":"e9f6497bacfb3ed5984b3a2611ae95d0","drk":1,"top":1,"bot":1,"hs":[]}],"tooltips":{"loading":"\u6b63\u5728\u52a0\u8f7d...","previous":"\u4e0a\u4e00\u4e2a\u56fe\u50cf","next":"\u4e0b\u4e00\u4e2a\u56fe\u50cf","walle":"\u6b64\u56fe\u7247\u4e0d\u80fd\u4e0b\u8f7d\u7528\u4f5c\u58c1\u7eb8\u3002","walls":"\u4e0b\u8f7d\u4eca\u65e5\u7f8e\u56fe\u3002\u4ec5\u9650\u7528\u4f5c\u684c\u9762\u58c1\u7eb8\u3002"}}