{"images":[{"startdate":"20210526","fullstartdate":"202105261600","enddate":"20210527","url":"\/th?id=OHR.VarandhaGhat_ZH-CN1268827595_1920x1080.jpg&rf=LaDigue_1920x1080.jpg&pid=hp","urlbase":"\/th?id=OHR.VarandhaGhat_ZH-CN1268827595","copyright":"\u9a6c\u54c8\u62c9\u65bd\u7279\u62c9\u90a6\u7684Varandha Ghat\uff0c\u5370\u5ea6 (\u00a9 AmitRane1975\/iStock\/Getty Images Plus)","copyrightlink":"https:\/\/www.bing.com\/search?q=%E9%A9%AC%E5%93%88%E6%8B%89%E6%96%BD%E7%89%B9%E6%8B%89%E9%82%A6&form=hpcapt&mkt=zh-cn","title":"","quiz":"\/search?q=Bing+homepage+quiz&filters=WQOskey:%22HPQuiz_20210526_VarandhaGhat%22&FORM=HPQUIZ","wp":true,"hsh":"494a8d2aaeb75bf6c9c87134d2d8b84d","drk":1,"top":1,"bot":1,"hs":[]}],"tooltips":{"loading":"\u6b63\u5728\u52a0\u8f7d...","previous":"\u4e0a\u4e00\u4e2a\u56fe\u50cf","next":"\u4e0b\u4e00\u4e2a\u56fe\u50cf","walle":"\u6b64\u56fe\u7247\u4e0d\u80fd\u4e0b\u8f7d\u7528\u4f5c\u58c1\u7eb8\u3002","walls":"\u4e0b\u8f7d\u4eca\u65e5\u7f8e\u56fe\u3002\u4ec5\u9650\u7528\u4f5c\u684c\u9762\u58c1\u7eb8\u3002"}}