{"images":[{"startdate":"20211117","fullstartdate":"202111171600","enddate":"20211118","url":"\/th?id=OHR.HyacinthMacaws_ZH-CN1191345036_1920x1080.jpg&rf=LaDigue_1920x1080.jpg&pid=hp","urlbase":"\/th?id=OHR.HyacinthMacaws_ZH-CN1191345036","copyright":"\u6f58\u5854\u7eb3\u5c14\u6e7f\u5730\u7684\u98ce\u4fe1\u5b50\u91d1\u521a\u9e66\u9e49\uff0c\u5df4\u897f (\u00a9 David Pattyn\/Minden Pictures)","copyrightlink":"https:\/\/www.bing.com\/search?q=%E9%A3%8E%E4%BF%A1%E5%AD%90%E9%87%91%E5%88%9A%E9%B9%A6%E9%B9%89&form=hpcapt&mkt=zh-cn","title":"","quiz":"\/search?q=Bing+homepage+quiz&filters=WQOskey:%22HPQuiz_20211117_HyacinthMacaws%22&FORM=HPQUIZ","wp":true,"hsh":"3de0086dbe00c3c80652a4810d5a6e9f","drk":1,"top":1,"bot":1,"hs":[]}],"tooltips":{"loading":"\u6b63\u5728\u52a0\u8f7d...","previous":"\u4e0a\u4e00\u4e2a\u56fe\u50cf","next":"\u4e0b\u4e00\u4e2a\u56fe\u50cf","walle":"\u6b64\u56fe\u7247\u4e0d\u80fd\u4e0b\u8f7d\u7528\u4f5c\u58c1\u7eb8\u3002","walls":"\u4e0b\u8f7d\u4eca\u65e5\u7f8e\u56fe\u3002\u4ec5\u9650\u7528\u4f5c\u684c\u9762\u58c1\u7eb8\u3002"}}