{"images":[{"startdate":"20220218","fullstartdate":"202202181600","enddate":"20220219","url":"\/th?id=OHR.BerchtesgadenerAlpen_ZH-CN0740088231_1920x1080.jpg&rf=LaDigue_1920x1080.jpg&pid=hp","urlbase":"\/th?id=OHR.BerchtesgadenerAlpen_ZH-CN0740088231","copyright":"\u8d1d\u5e0c\u7279\u65af\u52a0\u767b\u963f\u5c14\u5351\u65af\u5c71\u8109\u5168\u666f\uff0c\u5fb7\u56fd\u5df4\u4f10\u5229\u4e9a\u5dde (\u00a9 Spotcatch\/Westend61\/Offset)","copyrightlink":"https:\/\/www.bing.com\/search?q=%E9%98%BF%E5%B0%94%E5%8D%91%E6%96%AF%E5%B1%B1%E8%84%89&form=hpcapt&mkt=zh-cn","title":"\u51ac\u65e5\u963f\u5c14\u5351\u65af\u5c71\u8109\u7684\u9ad8\u5cf0","quiz":"\/search?q=Bing+homepage+quiz&filters=WQOskey:%22HPQuiz_20220218_BerchtesgadenerAlpen%22&FORM=HPQUIZ","wp":true,"hsh":"bd110e259e7e9f5609d69a367d0839ef","drk":1,"top":1,"bot":1,"hs":[]}],"tooltips":{"loading":"\u6b63\u5728\u52a0\u8f7d...","previous":"\u4e0a\u4e00\u4e2a\u56fe\u50cf","next":"\u4e0b\u4e00\u4e2a\u56fe\u50cf","walle":"\u6b64\u56fe\u7247\u4e0d\u80fd\u4e0b\u8f7d\u7528\u4f5c\u58c1\u7eb8\u3002","walls":"\u4e0b\u8f7d\u4eca\u65e5\u7f8e\u56fe\u3002\u4ec5\u9650\u7528\u4f5c\u684c\u9762\u58c1\u7eb8\u3002"}}