{"images":[{"startdate":"20220402","fullstartdate":"202204021600","enddate":"20220403","url":"\/th?id=OHR.TaihuCherry_ZH-CN9040685764_1920x1080.jpg&rf=LaDigue_1920x1080.jpg&pid=hp","urlbase":"\/th?id=OHR.TaihuCherry_ZH-CN9040685764","copyright":"\u592a\u6e56\u8fb9\u76db\u5f00\u7684\u6a31\u82b1\uff0c\u65e0\u9521 (\u00a9 Eric Yang\/Getty Images)","copyrightlink":"https:\/\/www.bing.com\/search?q=%E5%A4%AA%E6%B9%96%E6%A8%B1%E8%8A%B1&form=hpcapt&mkt=zh-cn","title":"\u592a\u6e56\u7554\u7684\u6625\u5929","quiz":"\/search?q=Bing+homepage+quiz&filters=WQOskey:%22HPQuiz_20220402_TaihuCherry%22&FORM=HPQUIZ","wp":true,"hsh":"eb9f5b9aac4a6a5870c7c3937d35f500","drk":1,"top":1,"bot":1,"hs":[]}],"tooltips":{"loading":"\u6b63\u5728\u52a0\u8f7d...","previous":"\u4e0a\u4e00\u4e2a\u56fe\u50cf","next":"\u4e0b\u4e00\u4e2a\u56fe\u50cf","walle":"\u6b64\u56fe\u7247\u4e0d\u80fd\u4e0b\u8f7d\u7528\u4f5c\u58c1\u7eb8\u3002","walls":"\u4e0b\u8f7d\u4eca\u65e5\u7f8e\u56fe\u3002\u4ec5\u9650\u7528\u4f5c\u684c\u9762\u58c1\u7eb8\u3002"}}