{"images":[{"startdate":"20210219","fullstartdate":"202102191600","enddate":"20210220","url":"\/th?id=OHR.AABday_ZH-CN8551609592_1920x1080.jpg&rf=LaDigue_1920x1080.jpg&pid=hp","urlbase":"\/th?id=OHR.AABday_ZH-CN8551609592","copyright":"\u66b4\u98ce\u96ea\u6563\u53bb\uff0c\u52a0\u5229\u798f\u5c3c\u4e9a\u4f18\u80dc\u7f8e\u5730\u56fd\u5bb6\u516c\u56ed (\u00a9 Jeff Lewis\/Tandem Stills + Motion)","copyrightlink":"https:\/\/www.bing.com\/search?q=%E4%BC%98%E8%83%9C%E7%BE%8E%E5%9C%B0%E5%9B%BD%E5%AE%B6%E5%85%AC%E5%9B%AD&form=hpcapt&mkt=zh-cn","title":"","quiz":"\/search?q=Bing+homepage+quiz&filters=WQOskey:%22HPQuiz_20210219_AABday%22&FORM=HPQUIZ","wp":true,"hsh":"d6edfb97190f49d853e4eb6c924ac06f","drk":1,"top":1,"bot":1,"hs":[]}],"tooltips":{"loading":"\u6b63\u5728\u52a0\u8f7d...","previous":"\u4e0a\u4e00\u4e2a\u56fe\u50cf","next":"\u4e0b\u4e00\u4e2a\u56fe\u50cf","walle":"\u6b64\u56fe\u7247\u4e0d\u80fd\u4e0b\u8f7d\u7528\u4f5c\u58c1\u7eb8\u3002","walls":"\u4e0b\u8f7d\u4eca\u65e5\u7f8e\u56fe\u3002\u4ec5\u9650\u7528\u4f5c\u684c\u9762\u58c1\u7eb8\u3002"}}