{"images":[{"startdate":"20210701","fullstartdate":"202107011600","enddate":"20210702","url":"\/th?id=OHR.ShyFive_ZH-CN0542113860_1920x1080.jpg&rf=LaDigue_1920x1080.jpg&pid=hp","urlbase":"\/th?id=OHR.ShyFive_ZH-CN0542113860","copyright":"A meerkat in Namibia (\u00a9 Danita Delimont\/Offset by Shutterstock)","copyrightlink":"https:\/\/www.bing.com\/search?q=Namibia&form=hpcapt&mkt=zh-cn","title":"","quiz":"\/search?q=Bing+homepage+quiz&filters=WQOskey:%22HPQuiz_20210701_ShyFive%22&FORM=HPQUIZ","wp":true,"hsh":"28758c51ef52cc7d413aded678544e35","drk":1,"top":1,"bot":1,"hs":[]}],"tooltips":{"loading":"\u6b63\u5728\u52a0\u8f7d...","previous":"\u4e0a\u4e00\u4e2a\u56fe\u50cf","next":"\u4e0b\u4e00\u4e2a\u56fe\u50cf","walle":"\u6b64\u56fe\u7247\u4e0d\u80fd\u4e0b\u8f7d\u7528\u4f5c\u58c1\u7eb8\u3002","walls":"\u4e0b\u8f7d\u4eca\u65e5\u7f8e\u56fe\u3002\u4ec5\u9650\u7528\u4f5c\u684c\u9762\u58c1\u7eb8\u3002"}}