{"images":[{"startdate":"20210327","fullstartdate":"202103271600","enddate":"20210328","url":"\/th?id=OHR.LlanberisSlate_ZH-CN1977606783_1920x1080.jpg&rf=LaDigue_1920x1080.jpg&pid=hp","urlbase":"\/th?id=OHR.LlanberisSlate_ZH-CN1977606783","copyright":"\u65af\u8bfa\u767b\u5c71\u4e0e\u5170\u8d1d\u91cc\u65af\u5c71\u53e3\uff0c\u82f1\u56fd\u53f2\u8bfa\u591a\u5c3c\u4e9a\u56fd\u5bb6\u516c\u56ed (\u00a9 Alan Novelli\/Alamy)","copyrightlink":"https:\/\/www.bing.com\/search?q=%E8%8B%B1%E5%9B%BD%E5%8F%B2%E8%AF%BA%E5%A4%9A%E5%B0%BC%E4%BA%9A%E5%9B%BD%E5%AE%B6%E5%85%AC%E5%9B%AD&form=hpcapt&mkt=zh-cn","title":"","quiz":"\/search?q=Bing+homepage+quiz&filters=WQOskey:%22HPQuiz_20210327_LlanberisSlate%22&FORM=HPQUIZ","wp":true,"hsh":"f1c4c9941b13920effa40b7c21cf1318","drk":1,"top":1,"bot":1,"hs":[]}],"tooltips":{"loading":"\u6b63\u5728\u52a0\u8f7d...","previous":"\u4e0a\u4e00\u4e2a\u56fe\u50cf","next":"\u4e0b\u4e00\u4e2a\u56fe\u50cf","walle":"\u6b64\u56fe\u7247\u4e0d\u80fd\u4e0b\u8f7d\u7528\u4f5c\u58c1\u7eb8\u3002","walls":"\u4e0b\u8f7d\u4eca\u65e5\u7f8e\u56fe\u3002\u4ec5\u9650\u7528\u4f5c\u684c\u9762\u58c1\u7eb8\u3002"}}