{"images":[{"startdate":"20210315","fullstartdate":"202103151600","enddate":"20210316","url":"\/th?id=OHR.BifengxiaPanda_ZH-CN8879969527_1920x1080.jpg&rf=LaDigue_1920x1080.jpg&pid=hp","urlbase":"\/th?id=OHR.BifengxiaPanda_ZH-CN8879969527","copyright":"\u78a7\u5cf0\u5ce1\u718a\u732b\u57fa\u5730\u7684\u5927\u718a\u732b\u5b9d\u5b9d\uff0c\u4e2d\u56fd\u56db\u5ddd (\u00a9 Suzi Eszterhas\/Minden Pictures)","copyrightlink":"https:\/\/www.bing.com\/search?q=%E5%A4%A7%E7%86%8A%E7%8C%AB%E5%AE%9D%E5%AE%9D&form=hpcapt&mkt=zh-cn","title":"","quiz":"\/search?q=Bing+homepage+quiz&filters=WQOskey:%22HPQuiz_20210315_BifengxiaPanda%22&FORM=HPQUIZ","wp":true,"hsh":"1fc4d86907590555395a4345dab331d0","drk":1,"top":1,"bot":1,"hs":[]}],"tooltips":{"loading":"\u6b63\u5728\u52a0\u8f7d...","previous":"\u4e0a\u4e00\u4e2a\u56fe\u50cf","next":"\u4e0b\u4e00\u4e2a\u56fe\u50cf","walle":"\u6b64\u56fe\u7247\u4e0d\u80fd\u4e0b\u8f7d\u7528\u4f5c\u58c1\u7eb8\u3002","walls":"\u4e0b\u8f7d\u4eca\u65e5\u7f8e\u56fe\u3002\u4ec5\u9650\u7528\u4f5c\u684c\u9762\u58c1\u7eb8\u3002"}}