{"images":[{"startdate":"20210807","fullstartdate":"202108071600","enddate":"20210808","url":"\/th?id=OHR.QuayBridge_ZH-CN4900551209_1920x1080.jpg&rf=LaDigue_1920x1080.jpg&pid=hp","urlbase":"\/th?id=OHR.QuayBridge_ZH-CN4900551209","copyright":"\u4f0a\u4e3d\u838e\u767d\u5973\u7687\u7801\u5934\u6865\uff0c\u6fb3\u5927\u5229\u4e9a\u73c0\u65af (\u00a9 Amazing Aerial Agency\/Offset by Shutterstock)","copyrightlink":"https:\/\/www.bing.com\/search?q=%E4%BC%8A%E4%B8%BD%E8%8E%8E%E7%99%BD%E5%A5%B3%E7%9A%87%E7%A0%81%E5%A4%B4%E6%A1%A5&form=hpcapt&mkt=zh-cn","title":"","quiz":"\/search?q=Bing+homepage+quiz&filters=WQOskey:%22HPQuiz_20210807_QuayBridge%22&FORM=HPQUIZ","wp":true,"hsh":"ddcbcd988e759346c4b5c18843eaeca0","drk":1,"top":1,"bot":1,"hs":[]}],"tooltips":{"loading":"\u6b63\u5728\u52a0\u8f7d...","previous":"\u4e0a\u4e00\u4e2a\u56fe\u50cf","next":"\u4e0b\u4e00\u4e2a\u56fe\u50cf","walle":"\u6b64\u56fe\u7247\u4e0d\u80fd\u4e0b\u8f7d\u7528\u4f5c\u58c1\u7eb8\u3002","walls":"\u4e0b\u8f7d\u4eca\u65e5\u7f8e\u56fe\u3002\u4ec5\u9650\u7528\u4f5c\u684c\u9762\u58c1\u7eb8\u3002"}}