{"images":[{"startdate":"20210609","fullstartdate":"202106091600","enddate":"20210610","url":"\/th?id=OHR.AnnularEclipse_ZH-CN2345201060_1920x1080.jpg&rf=LaDigue_1920x1080.jpg&pid=hp","urlbase":"\/th?id=OHR.AnnularEclipse_ZH-CN2345201060","copyright":"2012\u5e745\u670820\u65e5\u65b0\u58a8\u897f\u54e5\u4e0a\u7a7a\u7684\u65e5\u73af\u98df (\u00a9 ssucsy\/Getty Images)","copyrightlink":"https:\/\/www.bing.com\/search?q=%E6%97%A5%E7%8E%AF%E9%A3%9F+&form=hpcapt&mkt=zh-cn","title":"","quiz":"\/search?q=Bing+homepage+quiz&filters=WQOskey:%22HPQuiz_20210609_AnnularEclipse%22&FORM=HPQUIZ","wp":true,"hsh":"6f6d5a3eae1553083e4cf355f0e62b4a","drk":1,"top":1,"bot":1,"hs":[]}],"tooltips":{"loading":"\u6b63\u5728\u52a0\u8f7d...","previous":"\u4e0a\u4e00\u4e2a\u56fe\u50cf","next":"\u4e0b\u4e00\u4e2a\u56fe\u50cf","walle":"\u6b64\u56fe\u7247\u4e0d\u80fd\u4e0b\u8f7d\u7528\u4f5c\u58c1\u7eb8\u3002","walls":"\u4e0b\u8f7d\u4eca\u65e5\u7f8e\u56fe\u3002\u4ec5\u9650\u7528\u4f5c\u684c\u9762\u58c1\u7eb8\u3002"}}