{"images":[{"startdate":"20210602","fullstartdate":"202106021600","enddate":"20210603","url":"\/th?id=OHR.SocaCycles_ZH-CN3583247274_1920x1080.jpg&rf=LaDigue_1920x1080.jpg&pid=hp","urlbase":"\/th?id=OHR.SocaCycles_ZH-CN3583247274","copyright":"\u65af\u6d1b\u6587\u5c3c\u4e9a\u7d22\u5947\u6cb3\u4e0a\u7684\u6728\u5236\u540a\u6865\u4e0a\u9a91\u81ea\u884c\u8f66\u7684\u4eba\u7684\u9e1f\u77b0\u56fe (\u00a9 Amazing Aerial Agency\/Offset by Shutterstock)","copyrightlink":"https:\/\/www.bing.com\/search?q=%E6%96%AF%E6%B4%9B%E6%96%87%E5%B0%BC%E4%BA%9A%E7%B4%A2%E5%A5%87%E6%B2%B3&form=hpcapt&mkt=zh-cn","title":"","quiz":"\/search?q=Bing+homepage+quiz&filters=WQOskey:%22HPQuiz_20210602_SocaCycles%22&FORM=HPQUIZ","wp":true,"hsh":"5513d5d3780c9384df197b465f048d5a","drk":1,"top":1,"bot":1,"hs":[]}],"tooltips":{"loading":"\u6b63\u5728\u52a0\u8f7d...","previous":"\u4e0a\u4e00\u4e2a\u56fe\u50cf","next":"\u4e0b\u4e00\u4e2a\u56fe\u50cf","walle":"\u6b64\u56fe\u7247\u4e0d\u80fd\u4e0b\u8f7d\u7528\u4f5c\u58c1\u7eb8\u3002","walls":"\u4e0b\u8f7d\u4eca\u65e5\u7f8e\u56fe\u3002\u4ec5\u9650\u7528\u4f5c\u684c\u9762\u58c1\u7eb8\u3002"}}